{"vertices":[-50,-13.974283337593079,-50,-50,-12.275212705135345,0,-50,-10.072812410071492,50,0,-12.494181990623474,-50,0,-13.50359708070755,0,0,-9.620134644210339,50,50,-11.551861613988876,-50,50,-11.328088939189911,0,50,-11.136875450611115,50],"normals":[0.029572011551809014,-0.9989860360696067,0.03394695672242461,0.024211483058807087,-0.9995031973031203,-0.02017827219890102,0.018842872783389395,-0.9998124443984124,0.004474614099606492,-0.024541618012517728,-0.9989388704608758,0.03897232438124914,0.00945600354429427,-0.9995445215782989,0.028658914490607347,0.04346866233942812,-0.9990461885631993,0.004145903009620765,0.009044415156064405,-0.9989904340517719,0.044003536534431786,-0.010603995806733296,-0.9969412672373458,0.0774316792542032,-0.03032064717231313,-0.9995329144029556,0.003822483510246412],"colors":[],"uvs":[],"faces":[0,1,3,1,4,3,3,4,6,4,7,6,1,2,4,2,5,4,4,5,7,5,8,7],"heightMap":[{"0":-0.19871416687965393,"1":-0.11376063525676727,"2":-0.0036406205035746098,"BYTES_PER_ELEMENT":4,"buffer":{"0":186,"1":123,"2":75,"3":190,"4":86,"5":251,"6":232,"7":189,"8":122,"9":151,"10":110,"11":187,"byteLength":12},"length":3,"byteOffset":0,"byteLength":12},{"0":-0.1247090995311737,"1":-0.1751798540353775,"2":0.01899326778948307,"BYTES_PER_ELEMENT":4,"buffer":{"0":124,"1":103,"2":255,"3":189,"4":89,"5":98,"6":51,"7":190,"8":197,"9":151,"10":155,"11":60,"byteLength":12},"length":3,"byteOffset":0,"byteLength":12},{"0":-0.07759308069944382,"1":-0.06640444695949554,"2":-0.056843772530555725,"BYTES_PER_ELEMENT":4,"buffer":{"0":31,"1":233,"2":158,"3":189,"4":14,"5":255,"6":135,"7":189,"8":4,"9":213,"10":104,"11":189,"byteLength":12},"length":3,"byteOffset":0,"byteLength":12}],"roughness":0.1360736534651369}