{"vertices":[-50,-12.708075046539307,-50,-50,-11.63282722234726,0,-50,-10.45675240457058,50,0,-13.652904629707336,-50,0,-13.18780928850174,0,0,-11.425015926361084,50,50,-13.953659534454346,-50,50,-12.378285229206085,0,50,-12.139568328857422,50],"normals":[-0.018888853122318226,-0.9995904795330168,0.02149614976401923,-0.012453823608070453,-0.9998791915585233,0.009300783075245756,-0.0060120060043364005,-0.9994859451076307,0.031491289527586695,-0.0310767456980043,-0.9992637977767189,0.022496629295746515,-0.007448363306064457,-0.9997242687907565,0.022268998065655205,0.016185698153883023,-0.9997045775245873,0.018132315121287646,-0.019356288545304103,-0.9995361856403834,0.023510586747764236,-0.01681522462161413,-0.9992377925874654,0.035228994959465305,-0.014289426089509996,-0.9998865051456621,0.004773796144176605],"colors":[],"uvs":[],"faces":[0,1,3,1,4,3,3,4,6,4,7,6,1,2,4,2,5,4,4,5,7,5,8,7],"heightMap":[{"0":-0.13540375232696533,"1":-0.08164136111736298,"2":-0.022837620228528976,"BYTES_PER_ELEMENT":4,"buffer":{"0":72,"1":167,"2":10,"3":190,"4":150,"5":51,"6":167,"7":189,"8":246,"9":21,"10":187,"11":188,"byteLength":12},"length":3,"byteOffset":0,"byteLength":12},{"0":-0.18264523148536682,"1":-0.15939046442508698,"2":-0.0712507963180542,"BYTES_PER_ELEMENT":4,"buffer":{"0":90,"1":7,"2":59,"3":190,"4":65,"5":55,"6":35,"7":190,"8":240,"9":235,"10":145,"11":189,"byteLength":12},"length":3,"byteOffset":0,"byteLength":12},{"0":-0.19768297672271729,"1":-0.11891426146030426,"2":-0.1069784164428711,"BYTES_PER_ELEMENT":4,"buffer":{"0":104,"1":109,"2":74,"3":190,"4":82,"5":137,"6":243,"7":189,"8":128,"9":23,"10":219,"11":189,"byteLength":12},"length":3,"byteOffset":0,"byteLength":12}],"roughness":0.09560664530858048}