{"vertices":[-50,-13.963970839977264,-50,-50,-13.156052827835083,0,-50,-13.352353274822235,50,0,-12.280413061380386,-50,0,-13.43951553106308,0,0,-15.544463992118835,50,50,-10.157126765698195,-50,50,-13.279807269573212,0,50,-13.601942956447601,50],"normals":[0.03364769718367273,-0.9993033090826147,0.016147102860022598,0.03802995051736454,-0.999008198626892,-0.023159057405233788,0.04234513372486871,-0.9971602466181703,-0.062276257227075284,-0.005669056953450242,-0.9999652315617806,0.0061153463395761535,-0.0012368606095630797,-0.999467054394862,-0.03262019857527346,0.0031922583905618176,-0.999403024233763,-0.034400648813302404,-0.04379980265352546,-0.9990326288706153,-0.003922211032041029,-0.0024894320835875416,-0.999111918683222,-0.042061581913094226,0.03882032985444495,-0.9992254689028546,-0.006437723655348103],"colors":[],"uvs":[],"faces":[0,1,3,1,4,3,3,4,6,4,7,6,1,2,4,2,5,4,4,5,7,5,8,7],"heightMap":[{"0":-0.19819854199886322,"1":-0.15780264139175415,"2":-0.16761766374111176,"BYTES_PER_ELEMENT":4,"buffer":{"0":143,"1":244,"2":74,"3":190,"4":4,"5":151,"6":33,"7":190,"8":247,"9":163,"10":43,"11":190,"byteLength":12},"length":3,"byteOffset":0,"byteLength":12},{"0":-0.11402065306901932,"1":-0.171975776553154,"2":-0.2772231996059418,"BYTES_PER_ELEMENT":4,"buffer":{"0":169,"1":131,"2":233,"3":189,"4":107,"5":26,"6":48,"7":190,"8":51,"9":240,"10":141,"11":190,"byteLength":12},"length":3,"byteOffset":0,"byteLength":12},{"0":-0.007856338284909725,"1":-0.16399036347866058,"2":-0.18009714782238007,"BYTES_PER_ELEMENT":4,"buffer":{"0":223,"1":183,"2":0,"3":188,"4":23,"5":237,"6":39,"7":190,"8":99,"9":107,"10":56,"11":190,"byteLength":12},"length":3,"byteOffset":0,"byteLength":12}],"roughness":0.1330669043242233}