{"vertices":[-50,-13.861361742019653,-50,-50,-15.350189208984375,0,-50,-12.708075046539307,50,0,-14.372662603855133,-50,0,-14.024240970611572,0,0,-13.652904629707336,50,50,-13.417540788650513,-50,50,-13.880189955234528,0,50,-13.953659534454346,50],"normals":[-0.010220952913914621,-0.9995047609760727,-0.029761802830063713,0.004437104003623736,-0.9999658776018822,0.006968194885237568,0.019098134735309722,-0.9997748156981543,-0.009250899705088763,0.026507889300353662,-0.9995823567322664,0.011508427972939281,0.01469597204699771,-0.9998661096008767,0.007196615676924896,0.002880966950023013,-0.9999814796453392,-0.005361006971738526,-0.01886690541489863,-0.9984290157192991,0.052759268852561,-0.012454018882512744,-0.9998948708433794,0.007425946052557879,-0.006014982787271351,-0.9999808302928705,-0.0014693634165900307],"colors":[],"uvs":[],"faces":[0,1,3,1,4,3,3,4,6,4,7,6,1,2,4,2,5,4,4,5,7,5,8,7],"heightMap":[{"0":-0.19306808710098267,"1":-0.26750946044921875,"2":-0.13540375232696533,"BYTES_PER_ELEMENT":4,"buffer":{"0":164,"1":179,"2":69,"3":190,"4":0,"5":247,"6":136,"7":190,"8":72,"9":167,"10":10,"11":190,"byteLength":12},"length":3,"byteOffset":0,"byteLength":12},{"0":-0.21863313019275665,"1":-0.2012120485305786,"2":-0.18264523148536682,"BYTES_PER_ELEMENT":4,"buffer":{"0":93,"1":225,"2":95,"3":190,"4":136,"5":10,"6":78,"7":190,"8":90,"9":7,"10":59,"11":190,"byteLength":12},"length":3,"byteOffset":0,"byteLength":12},{"0":-0.17087703943252563,"1":-0.19400949776172638,"2":-0.19768297672271729,"BYTES_PER_ELEMENT":4,"buffer":{"0":100,"1":250,"2":46,"3":190,"4":109,"5":170,"6":70,"7":190,"8":104,"9":109,"10":74,"11":190,"byteLength":12},"length":3,"byteOffset":0,"byteLength":12}],"roughness":0.07240723751456245}