{"vertices":[-50,-13.352353274822235,-50,-50,-12.248621582984924,0,-50,-13.861361742019653,50,0,-15.544463992118835,-50,0,-13.474417328834534,0,0,-14.372662603855133,50,50,-13.601942956447601,-50,50,-13.733598291873932,0,50,-13.417540788650513,50],"normals":[-0.04378949224334777,-0.9987974580351202,0.022048088163198178,-0.0024895042606147867,-0.9991409853442845,0.04136536925725052,0.03882099994505938,-0.9992427168657368,-0.002631112701225529,-0.02450823400392806,-0.9996866968624204,-0.005084740142026778,-0.014845727685934344,-0.9998212755525071,0.011705610707381742,-0.005183540808003554,-0.9999848652494592,0.0018439568087600347,-0.010220168151589966,-0.9994280192391393,-0.03223635405382988,0.0044364961517042965,-0.9998288304247861,-0.01796183045516872,0.01909857057157815,-0.9997976314406855,0.0063198708624366265],"colors":[],"uvs":[],"faces":[0,1,3,1,4,3,3,4,6,4,7,6,1,2,4,2,5,4,4,5,7,5,8,7],"heightMap":[{"0":-0.16761766374111176,"1":-0.11243107914924622,"2":-0.19306808710098267,"BYTES_PER_ELEMENT":4,"buffer":{"0":247,"1":163,"2":43,"3":190,"4":68,"5":66,"6":230,"7":189,"8":164,"9":179,"10":69,"11":190,"byteLength":12},"length":3,"byteOffset":0,"byteLength":12},{"0":-0.2772231996059418,"1":-0.17372086644172668,"2":-0.21863313019275665,"BYTES_PER_ELEMENT":4,"buffer":{"0":51,"1":240,"2":141,"3":190,"4":226,"5":227,"6":49,"7":190,"8":93,"9":225,"10":95,"11":190,"byteLength":12},"length":3,"byteOffset":0,"byteLength":12},{"0":-0.18009714782238007,"1":-0.1866799145936966,"2":-0.17087703943252563,"BYTES_PER_ELEMENT":4,"buffer":{"0":99,"1":107,"2":56,"3":190,"4":5,"5":41,"6":63,"7":190,"8":100,"9":250,"10":46,"11":190,"byteLength":12},"length":3,"byteOffset":0,"byteLength":12}],"roughness":0.04988218556623905}