{"vertices":[-50,-10.168505664914846,-50,-50,-11.023027673363686,0,-50,-12.032159864902496,50,0,-10.175219047814608,-50,0,-12.825868427753448,0,0,-10.71665957570076,50,50,-10.2606207318604,-50,50,-13.428175449371338,0,50,-11.170403882861137,50],"normals":[-0.0001342480524200317,-0.9998539814018877,-0.017087944646862186,-0.000919858043984806,-0.9985973440089032,-0.05293862861411545,-0.0017046140087377797,-0.9979978894934792,-0.06322425845862062,-0.036027151501767676,-0.9991773098662386,-0.018621165461247067,-0.024040720542740902,-0.9996963928999741,-0.005400535025935786,-0.012044771049640104,-0.999886321870032,-0.009070106260718313,0.026295553045636803,-0.999450675210163,-0.02017155700419552,0.008606894465375003,-0.9990744262448215,0.04214513247390076,-0.009065275850825677,-0.9989410013271554,0.04510761178835359],"colors":[],"uvs":[],"faces":[0,1,3,1,4,3,3,4,6,4,7,6,1,2,4,2,5,4,4,5,7,5,8,7],"heightMap":[{"0":-0.008425283245742321,"1":-0.05115138366818428,"2":-0.10160799324512482,"BYTES_PER_ELEMENT":4,"buffer":{"0":51,"1":10,"2":10,"3":188,"4":29,"5":132,"6":81,"7":189,"8":218,"9":23,"10":208,"11":189,"byteLength":12},"length":3,"byteOffset":0,"byteLength":12},{"0":-0.008760952390730381,"1":-0.14129342138767242,"2":-0.035832978785037994,"BYTES_PER_ELEMENT":4,"buffer":{"0":25,"1":138,"2":15,"3":188,"4":57,"5":175,"6":16,"7":190,"8":154,"9":197,"10":18,"11":189,"byteLength":12},"length":3,"byteOffset":0,"byteLength":12},{"0":-0.013031036593019962,"1":-0.1714087724685669,"2":-0.05852019414305687,"BYTES_PER_ELEMENT":4,"buffer":{"0":33,"1":128,"2":85,"3":188,"4":200,"5":133,"6":47,"7":190,"8":223,"9":178,"10":111,"11":189,"byteLength":12},"length":3,"byteOffset":0,"byteLength":12}],"roughness":0.13739802503958345}