{"vertices":[-50,-12.032159864902496,-50,-50,-8.960724547505379,0,-50,-13.303021788597107,50,0,-10.71665957570076,-50,0,-12.546356916427612,0,0,-11.198838651180267,50,50,-11.170403882861137,-50,50,-11.187775582075119,0,50,-10.928188264369965,50],"normals":[0.02625145548481208,-0.9977745995305641,0.061292002875998806,0.008608785586069487,-0.9992940817467827,-0.036568114479523406,-0.0090745119440538,-0.9999587654161338,-0.00034741965798386977,-0.07152327339528247,-0.9973592665996164,-0.012606137025241708,-0.022210546815543415,-0.9997417169744984,-0.00481569839549239,0.027161522252372165,-0.9996281255151163,0.002421236888227202,0.0418890531395859,-0.995375649455356,-0.08644433872959759,0.02372506751706866,-0.9993556597512876,0.02693300009986342,0.0054128554885712055,-0.9999718737451951,0.005191600329722251],"colors":[],"uvs":[],"faces":[0,1,3,1,4,3,3,4,6,4,7,6,1,2,4,2,5,4,4,5,7,5,8,7],"heightMap":[{"0":-0.10160799324512482,"1":0.051963772624731064,"2":-0.16515108942985535,"BYTES_PER_ELEMENT":4,"buffer":{"0":218,"1":23,"2":208,"3":189,"4":247,"5":215,"6":84,"7":61,"8":94,"9":29,"10":41,"11":190,"byteLength":12},"length":3,"byteOffset":0,"byteLength":12},{"0":-0.035832978785037994,"1":-0.12731784582138062,"2":-0.05994193255901337,"BYTES_PER_ELEMENT":4,"buffer":{"0":154,"1":197,"2":18,"3":189,"4":156,"5":95,"6":2,"7":190,"8":172,"9":133,"10":117,"11":189,"byteLength":12},"length":3,"byteOffset":0,"byteLength":12},{"0":-0.05852019414305687,"1":-0.05938877910375595,"2":-0.04640941321849823,"BYTES_PER_ELEMENT":4,"buffer":{"0":223,"1":178,"2":111,"3":189,"4":166,"5":65,"6":115,"7":189,"8":204,"9":23,"10":62,"11":189,"byteLength":12},"length":3,"byteOffset":0,"byteLength":12}],"roughness":0.05865486809518189}