{"vertices":[-50,-8.336844593286514,-50,-50,-8.988810032606125,0,-50,-13.963970839977264,50,0,-8.944400176405907,-50,0,-10.98300389945507,0,0,-12.280413061380386,50,50,-10.202584974467754,-50,50,-10.285060834139585,0,50,-10.157126765698195,50],"normals":[-0.01214918208152383,-0.9998412012894269,-0.013037238160970169,-0.01863788993531806,-0.9989962974717218,-0.04073115142676364,-0.0251556985693274,-0.9996821853227811,-0.0016489929526622234,-0.039789579718955914,-0.997635695816977,-0.056033987700011945,-0.01294484694726359,-0.9993603343731418,-0.03333696175589818,0.013957500122456954,-0.9999024860393065,0.0004545357476521912,0.03348690454956265,-0.9945279269676008,-0.09895872728170549,0.038027371852105134,-0.998940457093739,-0.025920690025025596,0.04242734896479291,-0.9990962841674021,0.0025563690479642374],"colors":[],"uvs":[],"faces":[0,1,3,1,4,3,3,4,6,4,7,6,1,2,4,2,5,4,4,5,7,5,8,7],"heightMap":[{"0":0.08315777033567429,"1":0.050559498369693756,"2":-0.19819854199886322,"BYTES_PER_ELEMENT":4,"buffer":{"0":159,"1":78,"2":170,"3":61,"4":122,"5":23,"6":79,"7":61,"8":143,"9":244,"10":74,"11":190,"byteLength":12},"length":3,"byteOffset":0,"byteLength":12},{"0":0.052779991179704666,"1":-0.049150194972753525,"2":-0.11402065306901932,"BYTES_PER_ELEMENT":4,"buffer":{"0":213,"1":47,"2":88,"3":61,"4":183,"5":81,"6":73,"7":189,"8":169,"9":131,"10":233,"11":189,"byteLength":12},"length":3,"byteOffset":0,"byteLength":12},{"0":-0.010129248723387718,"1":-0.014253041706979275,"2":-0.007856338284909725,"BYTES_PER_ELEMENT":4,"buffer":{"0":38,"1":245,"2":37,"3":188,"4":151,"5":133,"6":105,"7":188,"8":223,"9":183,"10":0,"11":188,"byteLength":12},"length":3,"byteOffset":0,"byteLength":12}],"roughness":0.02}