{"vertices":[-50,-10.072812410071492,-50,-50,-8.868518248200417,0,-50,-10.168505664914846,50,0,-9.620134644210339,-50,0,-10.504541657865047,0,0,-10.175219047814608,50,50,-11.136875450611115,-50,50,-10.586438588798046,0,50,-10.2606207318604,50],"normals":[0.009050559640455551,-0.9996691159812297,0.024077913603580282,-0.010634241794723023,-0.9997870652408299,-0.017684373853204958,-0.030319033215988212,-0.9994797096524106,0.011003009496538192,-0.03270295156506556,-0.9994646583868059,-0.0009558214678723895,-0.017172260052770727,-0.9998371470984113,-0.005549123064960566,-0.001637873543714257,-0.999960270217104,0.008762154848611611,-0.00013422229819139012,-0.9996621688013989,-0.0259909648081455,-0.0009211297286196682,-0.9999778857985279,0.006586306546877836,-0.0017079949267034505,-0.9999773106275274,0.006516209286698652],"colors":[],"uvs":[],"faces":[0,1,3,1,4,3,3,4,6,4,7,6,1,2,4,2,5,4,4,5,7,5,8,7],"heightMap":[{"0":-0.0036406205035746098,"1":0.05657408758997917,"2":-0.008425283245742321,"BYTES_PER_ELEMENT":4,"buffer":{"0":122,"1":151,"2":110,"3":187,"4":59,"5":186,"6":103,"7":61,"8":51,"9":10,"10":10,"11":188,"byteLength":12},"length":3,"byteOffset":0,"byteLength":12},{"0":0.01899326778948307,"1":-0.025227082893252373,"2":-0.008760952390730381,"BYTES_PER_ELEMENT":4,"buffer":{"0":197,"1":151,"2":155,"3":60,"4":7,"5":169,"6":206,"7":188,"8":25,"9":138,"10":15,"11":188,"byteLength":12},"length":3,"byteOffset":0,"byteLength":12},{"0":-0.056843772530555725,"1":-0.029321929439902306,"2":-0.013031036593019962,"BYTES_PER_ELEMENT":4,"buffer":{"0":4,"1":213,"2":104,"3":189,"4":139,"5":52,"6":240,"7":188,"8":33,"9":128,"10":85,"11":188,"byteLength":12},"length":3,"byteOffset":0,"byteLength":12}],"roughness":0.02}