{"vertices":[-50,-10.45675240457058,-50,-50,-9.03028704226017,0,-50,-13.974283337593079,50,0,-11.425015926361084,-50,0,-12.080681771039963,0,0,-12.494181990623474,50,50,-12.139568328857422,-50,50,-11.583392769098282,0,50,-11.551861613988876,50],"normals":[-0.01935376866634709,-0.9994060620273221,0.028512362607300473,-0.016824222698284815,-0.9997725064637986,-0.013110333698746124,-0.01428870513330677,-0.9998360570469149,0.011121687573908788,-0.06085747850738929,-0.9975344819018431,-0.03494745665344069,-0.025489247305092545,-0.9996179646880031,-0.010687513500997699,0.00994511644046999,-0.9999332783993777,0.005876513290884975,0.029445592876355575,-0.9947154273132445,-0.09835738775094342,0.024215585745336873,-0.9996725750035246,-0.008267296585511431,0.018843057678361193,-0.9998222550199579,0.0006305110120973978],"colors":[],"uvs":[],"faces":[0,1,3,1,4,3,3,4,6,4,7,6,1,2,4,2,5,4,4,5,7,5,8,7],"heightMap":[{"0":-0.022837620228528976,"1":0.0484856478869915,"2":-0.19871416687965393,"BYTES_PER_ELEMENT":4,"buffer":{"0":246,"1":21,"2":187,"3":188,"4":227,"5":152,"6":70,"7":61,"8":186,"9":123,"10":75,"11":190,"byteLength":12},"length":3,"byteOffset":0,"byteLength":12},{"0":-0.0712507963180542,"1":-0.10403408855199814,"2":-0.1247090995311737,"BYTES_PER_ELEMENT":4,"buffer":{"0":240,"1":235,"2":145,"3":189,"4":211,"5":15,"6":213,"7":189,"8":124,"9":103,"10":255,"11":189,"byteLength":12},"length":3,"byteOffset":0,"byteLength":12},{"0":-0.1069784164428711,"1":-0.07916963845491409,"2":-0.07759308069944382,"BYTES_PER_ELEMENT":4,"buffer":{"0":128,"1":23,"2":219,"3":189,"4":177,"5":35,"6":162,"7":189,"8":31,"9":233,"10":158,"11":189,"byteLength":12},"length":3,"byteOffset":0,"byteLength":12}],"roughness":0.02}