{"vertices":[-50,-13.303021788597107,-50,-50,-12.816317975521088,0,-50,-12.5294229388237,50,0,-11.198838651180267,-50,0,-9.233944565057755,0,0,-11.571705043315887,50,50,-10.928188264369965,-50,50,-10.991043746471405,0,50,-15.49997091293335,50],"normals":[0.04204445802699583,-0.9990684099533966,0.009725008092962274,0.023715388877145076,-0.9989476989807073,0.039256528521457675,0.0054129241586569725,-0.9999845598689018,-0.0012570902320911306,0.07146214970950833,-0.9974134675740801,0.007715948466984082,0.01819782515660923,-0.9998274812061079,-0.0037211536678272397,-0.035083847567837965,-0.9983456807376047,-0.04555244661272975,0.019150529977964365,-0.9998001534580362,0.0057367540343279426,-0.029589648178896925,-0.9984713723001918,-0.04668373825671101,-0.07800934922794801,-0.9929234911427294,-0.08954039406863377],"colors":[],"uvs":[],"faces":[0,1,3,1,4,3,3,4,6,4,7,6,1,2,4,2,5,4,4,5,7,5,8,7],"heightMap":[{"0":-0.16515108942985535,"1":-0.14081589877605438,"2":-0.126471146941185,"BYTES_PER_ELEMENT":4,"buffer":{"0":94,"1":29,"2":41,"3":190,"4":11,"5":50,"6":16,"7":190,"8":167,"9":129,"10":1,"11":190,"byteLength":12},"length":3,"byteOffset":0,"byteLength":12},{"0":-0.05994193255901337,"1":0.038302771747112274,"2":-0.07858525216579437,"BYTES_PER_ELEMENT":4,"buffer":{"0":172,"1":133,"2":117,"3":189,"4":94,"5":227,"6":28,"7":61,"8":78,"9":241,"10":160,"11":189,"byteLength":12},"length":3,"byteOffset":0,"byteLength":12},{"0":-0.04640941321849823,"1":-0.04955218732357025,"2":-0.2749985456466675,"BYTES_PER_ELEMENT":4,"buffer":{"0":204,"1":23,"2":62,"3":189,"4":60,"5":247,"6":74,"7":189,"8":156,"9":204,"10":140,"11":190,"byteLength":12},"length":3,"byteOffset":0,"byteLength":12}],"roughness":0.1973314509098418}