{"vertices":[-50,-22.04043984413147,-50,-50,-16.37775421142578,0,-50,-19.856836795806885,50,0,-21.782625913619995,-50,0,-20.722819566726685,0,0,-19.67227280139923,50,50,-21.66125178337097,-50,50,-20.911072492599487,0,50,-20.05194067955017,50],"normals":[0.005123457856789683,-0.9936347982875294,0.11253282992838416,0.0037909947986958068,-0.9997682535334367,0.021191214810343535,0.002427202278990688,-0.9998845198770094,0.015001853199494422,-0.08655487894189774,-0.9960135448400368,0.021570151286842035,-0.04519886661649002,-0.9987556313384955,0.021077270369472993,-0.0037645443849298648,-0.9998634463385346,0.01609089436924671,0.003682351377775303,-0.9975811884635384,-0.069413346785794,-0.0019505425477175562,-0.999777441464131,0.02100625914355,-0.007592018061749586,-0.9998235956547422,0.017179605169286905],"colors":[],"uvs":[],"faces":[0,1,3,1,4,3,3,4,6,4,7,6,1,2,4,2,5,4,4,5,7,5,8,7],"heightMap":[{"0":-0.6020219922065735,"1":-0.31888771057128906,"2":-0.49284183979034424,"BYTES_PER_ELEMENT":4,"buffer":{"0":29,"1":30,"2":26,"3":191,"4":64,"5":69,"6":163,"7":190,"8":196,"9":85,"10":252,"11":190,"byteLength":12},"length":3,"byteOffset":0,"byteLength":12},{"0":-0.5891312956809998,"1":-0.5361409783363342,"2":-0.48361364006996155,"BYTES_PER_ELEMENT":4,"buffer":{"0":79,"1":209,"2":22,"3":191,"4":137,"5":64,"6":9,"7":191,"8":53,"9":156,"10":247,"11":190,"byteLength":12},"length":3,"byteOffset":0,"byteLength":12},{"0":-0.5830625891685486,"1":-0.5455536246299744,"2":-0.5025970339775085,"BYTES_PER_ELEMENT":4,"buffer":{"0":151,"1":67,"2":21,"3":191,"4":103,"5":169,"6":11,"7":191,"8":51,"9":170,"10":0,"11":191,"byteLength":12},"length":3,"byteOffset":0,"byteLength":12}],"roughness":0.02}