{"vertices":[-50,-12.5294229388237,-50,-50,-12.344897538423538,0,-50,-9.978194173891097,50,0,-11.571705043315887,-50,0,-12.968660593032837,0,0,-11.209656596183777,50,50,-15.49997091293335,-50,50,-13.99687796831131,0,50,-12.46434211730957,50],"normals":[0.019150714744383804,-0.9998097996398765,0.0036898060720510738,-0.02961030137622438,-0.9991716213185463,-0.027915966830412507,-0.07828881108537046,-0.9964805550826208,0.029956057835954824,-0.012470237284257887,-0.9995972983738806,0.02548988555708974,-0.01651717281707692,-0.9998570422308859,0.0036163660538225876,-0.020550538110123855,-0.9993284787936079,0.030335900438885646,-0.02459426199931787,-0.9985794756745162,0.04726682809663837,-0.024838442043179903,-0.9990734238491598,0.03514748291392695,-0.025074045529709148,-0.9992163417655016,0.03062669733324876],"colors":[],"uvs":[],"faces":[0,1,3,1,4,3,3,4,6,4,7,6,1,2,4,2,5,4,4,5,7,5,8,7],"heightMap":[{"0":-0.126471146941185,"1":-0.11724487692117691,"2":0.0010902913054451346,"BYTES_PER_ELEMENT":4,"buffer":{"0":167,"1":129,"2":1,"3":190,"4":21,"5":30,"6":240,"7":189,"8":27,"9":232,"10":142,"11":58,"byteLength":12},"length":3,"byteOffset":0,"byteLength":12},{"0":-0.07858525216579437,"1":-0.14843302965164185,"2":-0.06048282980918884,"BYTES_PER_ELEMENT":4,"buffer":{"0":78,"1":241,"2":160,"3":189,"4":212,"5":254,"6":23,"7":190,"8":216,"9":188,"10":119,"11":189,"byteLength":12},"length":3,"byteOffset":0,"byteLength":12},{"0":-0.2749985456466675,"1":-0.1998438984155655,"2":-0.12321710586547852,"BYTES_PER_ELEMENT":4,"buffer":{"0":156,"1":204,"2":140,"3":190,"4":225,"5":163,"6":76,"7":190,"8":64,"9":89,"10":252,"11":189,"byteLength":12},"length":3,"byteOffset":0,"byteLength":12}],"roughness":0.02}