{"vertices":[-50,-9.978194173891097,-50,-50,-11.017742156982422,0,-50,-12.621170282363892,50,0,-11.209656596183777,-50,0,-16.47957444190979,0,0,-9.25806775689125,50,50,-12.46434211730957,-50,50,-14.212902784347534,0,50,-9.839339330792427,50],"normals":[-0.024616465186707636,-0.9994809724229279,-0.020780168580408213,-0.024716973698904302,-0.9941876179132016,-0.10478574139281234,-0.02507049736378701,-0.9990749451421088,-0.03493886304997206,-0.10855322192950233,-0.9937436401065349,-0.026263582324920584,-0.03174317025596036,-0.9993115331832185,0.01920496782361297,0.04527147486754761,-0.9986332761630737,0.02611653313751612,0.0670760857612738,-0.9972352203542637,-0.03197989999874028,0.027480378721957858,-0.989356582293088,0.14289290345793262,-0.011580434106735878,-0.9961294020464778,0.08713270295604354],"colors":[],"uvs":[],"faces":[0,1,3,1,4,3,3,4,6,4,7,6,1,2,4,2,5,4,4,5,7,5,8,7],"heightMap":[{"0":0.0010902913054451346,"1":-0.050887107849121094,"2":-0.13105851411819458,"BYTES_PER_ELEMENT":4,"buffer":{"0":27,"1":232,"2":142,"3":58,"4":0,"5":111,"6":80,"7":189,"8":52,"9":52,"10":6,"11":190,"byteLength":12},"length":3,"byteOffset":0,"byteLength":12},{"0":-0.06048282980918884,"1":-0.3239787220954895,"2":0.03709661215543747,"BYTES_PER_ELEMENT":4,"buffer":{"0":216,"1":188,"2":119,"3":189,"4":138,"5":224,"6":165,"7":190,"8":158,"9":242,"10":23,"11":61,"byteLength":12},"length":3,"byteOffset":0,"byteLength":12},{"0":-0.12321710586547852,"1":-0.2106451392173767,"2":0.008033033460378647,"BYTES_PER_ELEMENT":4,"buffer":{"0":64,"1":89,"2":252,"3":189,"4":92,"5":179,"6":87,"7":190,"8":252,"9":156,"10":3,"11":60,"byteLength":12},"length":3,"byteOffset":0,"byteLength":12}],"roughness":0.27849881706759333}