{"vertices":[-50,-12.621170282363892,-50,-50,-16.555975079536438,0,-50,-15.63518762588501,50,0,-9.25806775689125,-50,0,-13.038115501403809,0,0,-14.425078332424164,50,50,-9.839339330792427,-50,50,-11.130460277199745,0,50,-12.553296089172363,50],"normals":[0.06690448960430036,-0.994684061778607,-0.07827775235915073,0.027685721768029966,-0.9967722075807902,-0.07535693070117137,-0.011620772784234887,-0.9995992670209748,-0.025812071033283646,0.07015214464907307,-0.9970856296417556,-0.02998205735167436,0.054089692091319294,-0.9972073089139316,-0.051496487822964204,0.03811135325218481,-0.9989056924079693,-0.027109821619524254,0.02419100150003766,-0.9995378777256033,0.018407238745182217,0.030791111952807187,-0.9991415123267203,-0.02771544281053254,0.03739432430139883,-0.9988962240723739,-0.02842530640108797],"colors":[],"uvs":[],"faces":[0,1,3,1,4,3,3,4,6,4,7,6,1,2,4,2,5,4,4,5,7,5,8,7],"heightMap":[{"0":-0.13105851411819458,"1":-0.3277987539768219,"2":-0.2817593812942505,"BYTES_PER_ELEMENT":4,"buffer":{"0":52,"1":52,"2":6,"3":190,"4":61,"5":213,"6":167,"7":190,"8":196,"9":66,"10":144,"11":190,"byteLength":12},"length":3,"byteOffset":0,"byteLength":12},{"0":0.03709661215543747,"1":-0.15190577507019043,"2":-0.2212539166212082,"BYTES_PER_ELEMENT":4,"buffer":{"0":158,"1":242,"2":23,"3":61,"4":48,"5":141,"6":27,"7":190,"8":99,"9":144,"10":98,"11":190,"byteLength":12},"length":3,"byteOffset":0,"byteLength":12},{"0":0.008033033460378647,"1":-0.05652301385998726,"2":-0.12766480445861816,"BYTES_PER_ELEMENT":4,"buffer":{"0":252,"1":156,"2":3,"3":60,"4":173,"5":132,"6":103,"7":189,"8":144,"9":186,"10":2,"11":190,"byteLength":12},"length":3,"byteOffset":0,"byteLength":12}],"roughness":0.026679131579585375}