{"vertices":[-50,-15.63518762588501,-50,-50,-13.63771378993988,0,-50,-13.409597873687744,50,0,-14.425078332424164,-50,0,-16.179094910621643,0,0,-12.717999815940857,50,50,-12.553296089172363,-50,50,-11.824820041656494,0,50,-15.341490507125854,50],"normals":[0.024175827957301704,-0.9989109284567251,0.03990596888063931,0.030784027337189917,-0.998911603379791,-0.035042150249639574,0.03740547645117798,-0.999194125973606,0.014557779751806518,-0.050749567104330255,-0.9984643131903792,0.022214786156691452,0.018037876459146777,-0.9996924386336012,0.017019493284114725,0.08672381044673867,-0.9958467604429129,-0.027716609045004725,0.01383049424674218,-0.9998939479240048,0.004561834481713003,-0.019248191765287363,-0.9974279186243417,0.06904385752896751,-0.05226896758159049,-0.9961721563795839,-0.07006418401726017],"colors":[],"uvs":[],"faces":[0,1,3,1,4,3,3,4,6,4,7,6,1,2,4,2,5,4,4,5,7,5,8,7],"heightMap":[{"0":-0.2817593812942505,"1":-0.18188568949699402,"2":-0.1704798936843872,"BYTES_PER_ELEMENT":4,"buffer":{"0":196,"1":66,"2":144,"3":190,"4":62,"5":64,"6":58,"7":190,"8":72,"9":146,"10":46,"11":190,"byteLength":12},"length":3,"byteOffset":0,"byteLength":12},{"0":-0.2212539166212082,"1":-0.30895474553108215,"2":-0.13589999079704285,"BYTES_PER_ELEMENT":4,"buffer":{"0":99,"1":144,"2":98,"3":190,"4":81,"5":47,"6":158,"7":190,"8":94,"9":41,"10":11,"11":190,"byteLength":12},"length":3,"byteOffset":0,"byteLength":12},{"0":-0.12766480445861816,"1":-0.09124100208282471,"2":-0.2670745253562927,"BYTES_PER_ELEMENT":4,"buffer":{"0":144,"1":186,"2":2,"3":190,"4":144,"5":220,"6":186,"7":189,"8":254,"9":189,"10":136,"11":190,"byteLength":12},"length":3,"byteOffset":0,"byteLength":12}],"roughness":0.13062532053618486}