{"vertices":[-50,-13.409597873687744,-50,-50,-15.622140765190125,0,-50,-15.558744668960571,50,0,-12.717999815940857,-50,0,-14.833349287509918,0,0,-15.257259011268616,50,50,-15.341490507125854,-50,50,-15.086925029754639,0,50,-14.764467477798462,50],"normals":[0.013817119442467643,-0.99892699868776,-0.04420337660152822,-0.01927693435911722,-0.9989206076211387,-0.04226132358941643,-0.05239705854931406,-0.9986133879828438,0.005084249876422796,0.01577022989095612,-0.9996450479748797,-0.021472724756928713,0.005349776403598808,-0.9996636424798837,-0.02537679641488529,-0.005071365201790913,-0.999970493411126,0.005770057374005861,0.0060295986978669905,-0.9999810180071256,0.0012678978569061266,0.007942206897123378,-0.9999325233575163,-0.00847762239507644,0.009855147096019003,-0.9999306427426564,0.006448703743695269],"colors":[],"uvs":[],"faces":[0,1,3,1,4,3,3,4,6,4,7,6,1,2,4,2,5,4,4,5,7,5,8,7],"heightMap":[{"0":-0.1704798936843872,"1":-0.2811070382595062,"2":-0.27793723344802856,"BYTES_PER_ELEMENT":4,"buffer":{"0":72,"1":146,"2":46,"3":190,"4":67,"5":237,"6":143,"7":190,"8":202,"9":77,"10":142,"11":190,"byteLength":12},"length":3,"byteOffset":0,"byteLength":12},{"0":-0.13589999079704285,"1":-0.2416674643754959,"2":-0.2628629505634308,"BYTES_PER_ELEMENT":4,"buffer":{"0":94,"1":41,"2":11,"3":190,"4":173,"5":119,"6":119,"7":190,"8":249,"9":149,"10":134,"11":190,"byteLength":12},"length":3,"byteOffset":0,"byteLength":12},{"0":-0.2670745253562927,"1":-0.25434625148773193,"2":-0.2382233738899231,"BYTES_PER_ELEMENT":4,"buffer":{"0":254,"1":189,"2":136,"3":190,"4":172,"5":57,"6":130,"7":190,"8":212,"9":240,"10":115,"11":190,"byteLength":12},"length":3,"byteOffset":0,"byteLength":12}],"roughness":0.02}