{"vertices":[-50,-15.558744668960571,-50,-50,-15.641132593154907,0,-50,-18.197084665298462,50,0,-15.257259011268616,-50,0,-16.444823145866394,0,0,-16.389899849891663,50,50,-14.764467477798462,-50,50,-16.61723256111145,0,50,-14.742733240127563,50],"normals":[0.006029595359160462,-0.999980464298111,-0.0016477262937681925,0.007940253145928724,-0.9996865421485244,-0.023743837665913155,0.009848593466045295,-0.9992656932124202,-0.037028091706730416,-0.01606615253013793,-0.9995235402440671,-0.026354719517479627,-0.009759520199987921,-0.9998882600008876,-0.01132339515619092,-0.0034481677243850023,-0.9999940314987753,0.0002170395608913682,0.03607307082635537,-0.9980459806551464,-0.05101915384700134,0.034522814086837814,-0.9994033070386008,0.0010978104726121296,0.03290238167434971,-0.9987569405338377,0.03744338413717246],"colors":[],"uvs":[],"faces":[0,1,3,1,4,3,3,4,6,4,7,6,1,2,4,2,5,4,4,5,7,5,8,7],"heightMap":[{"0":-0.27793723344802856,"1":-0.28205662965774536,"2":-0.4098542332649231,"BYTES_PER_ELEMENT":4,"buffer":{"0":202,"1":77,"2":142,"3":190,"4":186,"5":105,"6":144,"7":190,"8":106,"9":216,"10":209,"11":190,"byteLength":12},"length":3,"byteOffset":0,"byteLength":12},{"0":-0.2628629505634308,"1":-0.3222411572933197,"2":-0.31949499249458313,"BYTES_PER_ELEMENT":4,"buffer":{"0":249,"1":149,"2":134,"3":190,"4":203,"5":252,"6":164,"7":190,"8":217,"9":148,"10":163,"11":190,"byteLength":12},"length":3,"byteOffset":0,"byteLength":12},{"0":-0.2382233738899231,"1":-0.3308616280555725,"2":-0.23713666200637817,"BYTES_PER_ELEMENT":4,"buffer":{"0":212,"1":240,"2":115,"3":190,"4":178,"5":102,"6":169,"7":190,"8":244,"9":211,"10":114,"11":190,"byteLength":12},"length":3,"byteOffset":0,"byteLength":12}],"roughness":0.09557278976632028}