{"vertices":[-50,-18.197084665298462,-50,-50,-18.35700273513794,0,-50,-19.79329526424408,50,0,-16.389899849891663,-50,0,-16.788455843925476,0,0,-18.88919472694397,50,50,-14.742733240127563,-50,50,-16.655532121658325,0,50,-17.227131724357605,50],"normals":[0.03611992644865863,-0.9993423511730866,-0.0031962579981689066,0.03452173948595548,-0.9993721981850189,-0.007966115597147749,0.03290142957691776,-0.9987280394674153,-0.03820731753693365,0.03135152404777597,-0.9993811540929359,-0.01594963271531167,0.01700343834573399,-0.9995434792331314,-0.024974310940435323,0.0026576452973792975,-0.9996881113658354,-0.024831772294432137,0.01807160329211553,-0.999424430499856,-0.02870931685866204,0.025629125094117546,-0.9987903556057995,-0.041963954720099436,0.033220741421467075,-0.99938273608677,-0.011424935497834337],"colors":[],"uvs":[],"faces":[0,1,3,1,4,3,3,4,6,4,7,6,1,2,4,2,5,4,4,5,7,5,8,7],"heightMap":[{"0":-0.4098542332649231,"1":-0.417850136756897,"2":-0.489664763212204,"BYTES_PER_ELEMENT":4,"buffer":{"0":106,"1":216,"2":209,"3":190,"4":116,"5":240,"6":213,"7":190,"8":87,"9":181,"10":250,"11":190,"byteLength":12},"length":3,"byteOffset":0,"byteLength":12},{"0":-0.31949499249458313,"1":-0.3394227921962738,"2":-0.4444597363471985,"BYTES_PER_ELEMENT":4,"buffer":{"0":217,"1":148,"2":163,"3":190,"4":211,"5":200,"6":173,"7":190,"8":58,"9":144,"10":227,"11":190,"byteLength":12},"length":3,"byteOffset":0,"byteLength":12},{"0":-0.23713666200637817,"1":-0.33277660608291626,"2":-0.36135658621788025,"BYTES_PER_ELEMENT":4,"buffer":{"0":244,"1":211,"2":114,"3":190,"4":178,"5":97,"6":170,"7":190,"8":187,"9":3,"10":185,"11":190,"byteLength":12},"length":3,"byteOffset":0,"byteLength":12}],"roughness":0.04125879477780499}