{"vertices":[-50,-19.79329526424408,-50,-50,-20.250539779663086,0,-50,-21.848299503326416,50,0,-18.88919472694397,-50,0,-20.6952965259552,0,0,-21.92068099975586,50,50,-17.227131724357605,-50,50,-15.387181639671326,0,50,-18.87984812259674,50],"normals":[0.01807829975922664,-0.9997947691311719,-0.009143013494596801,0.025635012519892347,-0.9990198202618954,-0.03608662989245771,0.03320046269402891,-0.9987726891930417,0.0367538378812616,-0.008892906118723374,-0.9997494352657387,-0.020542222533121074,0.04839465689224678,-0.9983696818865894,-0.030264425881756173,0.10555488544177505,-0.9942784557520411,-0.01638653675156146,-0.001446889867231916,-0.9994887772473228,-0.03193885825078565,0.029633891223252332,-0.9992607734310104,-0.024489572740807968,0.06055747651540874,-0.9957383217321734,-0.06955563724156731],"colors":[],"uvs":[],"faces":[0,1,3,1,4,3,3,4,6,4,7,6,1,2,4,2,5,4,4,5,7,5,8,7],"heightMap":[{"0":-0.489664763212204,"1":-0.5125269889831543,"2":-0.5924149751663208,"BYTES_PER_ELEMENT":4,"buffer":{"0":87,"1":181,"2":250,"3":190,"4":248,"5":52,"6":3,"7":191,"8":130,"9":168,"10":23,"11":191,"byteLength":12},"length":3,"byteOffset":0,"byteLength":12},{"0":-0.4444597363471985,"1":-0.53476482629776,"2":-0.596034049987793,"BYTES_PER_ELEMENT":4,"buffer":{"0":58,"1":144,"2":227,"3":190,"4":89,"5":230,"6":8,"7":191,"8":176,"9":149,"10":24,"11":191,"byteLength":12},"length":3,"byteOffset":0,"byteLength":12},{"0":-0.36135658621788025,"1":-0.2693590819835663,"2":-0.44399240612983704,"BYTES_PER_ELEMENT":4,"buffer":{"0":187,"1":3,"2":185,"3":190,"4":111,"5":233,"6":137,"7":190,"8":249,"9":82,"10":227,"11":190,"byteLength":12},"length":3,"byteOffset":0,"byteLength":12}],"roughness":0.14555552146129652}