{"vertices":[-50,-21.848299503326416,-50,-50,-22.721651792526245,0,-50,-22.04043984413147,50,0,-21.92068099975586,-50,0,-21.407994031906128,0,0,-21.782625913619995,50,50,-18.87984812259674,-50,50,-20.457804203033447,0,50,-21.66125178337097,50],"normals":[-0.0014474076286817932,-0.9998464387184294,-0.017464363522060742,0.029641210534823614,-0.9995080604407448,0.010248695136974632,0.06067440194925643,-0.9976609106834762,-0.031485302004540264,0.026264043580921482,-0.9996531961461347,-0.00192027331308386,0.022632356790715038,-0.9997429028430641,0.0013800873238834013,0.018993023530211647,-0.9994331107893067,-0.027797879688748646,0.00515573159783142,-0.9998939133356785,0.013622793617829485,0.003791739858765287,-0.9999647429028161,-0.007492373465624109,0.0024267726265468736,-0.9997075248110375,-0.024061912035581175],"colors":[],"uvs":[],"faces":[0,1,3,1,4,3,3,4,6,4,7,6,1,2,4,2,5,4,4,5,7,5,8,7],"heightMap":[{"0":-0.5924149751663208,"1":-0.6360825896263123,"2":-0.6020219922065735,"BYTES_PER_ELEMENT":4,"buffer":{"0":130,"1":168,"2":23,"3":191,"4":79,"5":214,"6":34,"7":191,"8":29,"9":30,"10":26,"11":191,"byteLength":12},"length":3,"byteOffset":0,"byteLength":12},{"0":-0.596034049987793,"1":-0.5703997015953064,"2":-0.5891312956809998,"BYTES_PER_ELEMENT":4,"buffer":{"0":176,"1":149,"2":24,"3":191,"4":183,"5":5,"6":18,"7":191,"8":79,"9":209,"10":22,"11":191,"byteLength":12},"length":3,"byteOffset":0,"byteLength":12},{"0":-0.44399240612983704,"1":-0.5228902101516724,"2":-0.5830625891685486,"BYTES_PER_ELEMENT":4,"buffer":{"0":249,"1":82,"2":227,"3":190,"4":34,"5":220,"6":5,"7":191,"8":151,"9":67,"10":21,"11":191,"byteLength":12},"length":3,"byteOffset":0,"byteLength":12}],"roughness":0.02}