{"vertices":[-50,-10.062306257896125,-50,-50,-10.08780357427895,0,-50,-9.972734393086284,50,0,-10.26085564866662,-50,0,-10.07757889572531,0,0,-9.950383729301393,50,50,-10.171436034142971,-50,50,-9.966507982462645,0,50,-9.954354157671332,50],"normals":[-0.003970955990728607,-0.9999919857016009,-0.0005099422407944701,-0.0010912807318796212,-0.9999926865510693,0.0036655082511227524,0.0017883744099036379,-0.9999900018751804,0.004098520055681735,0.00020449348476366596,-0.9999995779370939,0.0008957165002094074,0.0012129479463755721,-0.9999944447791536,0.0031047009697900575,0.0022214075501885504,-0.9999951764758027,0.0021708002266907223,0.0004470120472685125,-0.9999972519176016,0.002301377299461497,0.00018380174358067784,-0.9999967474021465,0.0025438950541838306,-0.00007940856480244798,-0.9999999673040499,0.00024307648787862736],"colors":[],"uvs":[],"faces":[0,1,3,1,4,3,3,4,6,4,7,6,1,2,4,2,5,4,4,5,7,5,8,7],"heightMap":[{"0":-0.003115312894806266,"1":-0.0043901787139475346,"2":0.00136328034568578,"BYTES_PER_ELEMENT":4,"buffer":{"0":71,"1":42,"2":76,"3":187,"4":125,"5":219,"6":143,"7":187,"8":25,"9":176,"10":178,"11":58,"byteLength":12},"length":3,"byteOffset":0,"byteLength":12},{"0":-0.013042782433331013,"1":-0.0038789447862654924,"2":0.0024808135349303484,"BYTES_PER_ELEMENT":4,"buffer":{"0":101,"1":177,"2":85,"3":188,"4":229,"5":53,"6":126,"7":187,"8":37,"9":149,"10":34,"11":59,"byteLength":12},"length":3,"byteOffset":0,"byteLength":12},{"0":-0.008571801707148552,"1":0.0016746008768677711,"2":0.002282292116433382,"BYTES_PER_ELEMENT":4,"buffer":{"0":190,"1":112,"2":12,"3":188,"4":72,"5":126,"6":219,"7":58,"8":130,"9":146,"10":21,"11":59,"byteLength":12},"length":3,"byteOffset":0,"byteLength":12}],"roughness":-0.009432759042829277}