{"vertices":[-50,-15.820645093917847,-50,-50,-16.455981731414795,0,-50,-14.15099710226059,50,0,-14.764749705791473,-50,0,-18.41435432434082,0,0,-16.11471176147461,50,50,-16.13807439804077,-50,50,-18.625829815864563,0,50,-16.364281177520752,50],"normals":[0.021111496888402165,-0.999696424750151,-0.012702875300369638,-0.0031639975669717404,-0.9973416827387956,-0.0727980562319057,-0.027422242912946884,-0.9983889122401707,-0.049674948510413736,-0.039132006854519855,-0.9990950393166068,0.01666698690482468,-0.021684826213818467,-0.9996744111753787,-0.013447674640490214,-0.004229461228536859,-0.9999885088485564,-0.0022569511640936485,-0.039202468479721746,-0.998171203127154,0.046015385609449,-0.022097593780083642,-0.9987000800837099,0.045933064233967855,-0.00498622836249923,-0.998966227812412,0.04518421424521227],"colors":[],"uvs":[],"faces":[0,1,3,1,4,3,3,4,6,4,7,6,1,2,4,2,5,4,4,5,7,5,8,7],"heightMap":[{"0":-0.29103225469589233,"1":-0.32279908657073975,"2":-0.20754985511302948,"BYTES_PER_ELEMENT":4,"buffer":{"0":46,"1":2,"2":149,"3":190,"4":236,"5":69,"6":165,"7":190,"8":243,"9":135,"10":84,"11":190,"byteLength":12},"length":3,"byteOffset":0,"byteLength":12},{"0":-0.23823748528957367,"1":-0.420717716217041,"2":-0.30573558807373047,"BYTES_PER_ELEMENT":4,"buffer":{"0":135,"1":244,"2":115,"3":190,"4":80,"5":104,"6":215,"7":190,"8":96,"9":137,"10":156,"11":190,"byteLength":12},"length":3,"byteOffset":0,"byteLength":12},{"0":-0.3069037199020386,"1":-0.43129149079322815,"2":-0.3182140588760376,"BYTES_PER_ELEMENT":4,"buffer":{"0":124,"1":34,"2":157,"3":190,"4":61,"5":210,"6":220,"7":190,"8":244,"9":236,"10":162,"11":190,"byteLength":12},"length":3,"byteOffset":0,"byteLength":12}],"roughness":0.21736771169118582}