{"vertices":[-50,-9.972734393086284,-50,-50,-14.184399843215942,0,-50,-15.459368824958801,50,0,-9.950383729301393,-50,0,-12.274889200925827,0,0,-13.668071031570435,50,50,-9.954354157671332,-50,50,-7.52310037612915,0,50,-13.605456352233887,50],"normals":[0.0004454357852943406,-0.9964710435030725,-0.08393605331953075,0.00018360403096386054,-0.998921066632005,-0.04643994970214022,-0.00007931485656526042,-0.9988198901378548,0.04856769269954412,0.03810526334221546,-0.9977756211014105,-0.05469733852130984,0.06636695498732373,-0.9971065794161861,-0.03706611081114014,0.09454794178023959,-0.9948668308538015,-0.03606488003631652,0.035791367384486794,-0.999034541230157,-0.025474761035163145,0.018523223488619154,-0.9994405317105053,-0.027848047791777235,0.0012431284763181906,-0.9926813404541254,-0.12075682566957618],"colors":[],"uvs":[],"faces":[0,1,3,1,4,3,3,4,6,4,7,6,1,2,4,2,5,4,4,5,7,5,8,7],"heightMap":[{"0":0.00136328034568578,"1":-0.20921999216079712,"2":-0.27296844124794006,"BYTES_PER_ELEMENT":4,"buffer":{"0":25,"1":176,"2":178,"3":58,"4":196,"5":61,"6":86,"7":190,"8":133,"9":194,"10":139,"11":190,"byteLength":12},"length":3,"byteOffset":0,"byteLength":12},{"0":0.0024808135349303484,"1":-0.11374446004629135,"2":-0.18340355157852173,"BYTES_PER_ELEMENT":4,"buffer":{"0":37,"1":149,"2":34,"3":59,"4":219,"5":242,"6":232,"7":189,"8":36,"9":206,"10":59,"11":190,"byteLength":12},"length":3,"byteOffset":0,"byteLength":12},{"0":0.002282292116433382,"1":0.12384498119354248,"2":-0.18027281761169434,"BYTES_PER_ELEMENT":4,"buffer":{"0":130,"1":146,"2":21,"3":59,"4":112,"5":162,"6":253,"7":61,"8":112,"9":153,"10":56,"11":190,"byteLength":12},"length":3,"byteOffset":0,"byteLength":12}],"roughness":0.29450939898379147}