{"vertices":[-50,-13.621845245361328,-50,-50,-14.379003345966339,0,-50,-15.453085899353027,50,0,-16.924288272857666,-50,0,-14.601227939128876,0,0,-15.369515419006348,50,50,-15.328368544578552,-50,50,-15.151123404502869,0,50,-15.021800994873047,50],"normals":[-0.06589774028285476,-0.9977119928214696,-0.015108514348710885,-0.017003680485108277,-0.9987780051662247,0.04640443132004852,0.03190194776423118,-0.999484723414979,0.003543076196103877,-0.00444370297379401,-0.9998225017660071,-0.018308972288026023,-0.007719956461820578,-0.9998495907867535,0.015530552977577104,-0.01099719257577232,-0.9999348301856744,0.0030654750036305466,0.001671021761886983,-0.9997679533221527,-0.02147666632196882,0.004312269814079456,-0.9998726709891022,-0.01536379309185148,0.0069540970673719945,-0.9999724752151858,0.0025863770011665017],"colors":[],"uvs":[],"faces":[0,1,3,1,4,3,3,4,6,4,7,6,1,2,4,2,5,4,4,5,7,5,8,7],"heightMap":[{"0":-0.1810922622680664,"1":-0.21895016729831696,"2":-0.27265429496765137,"BYTES_PER_ELEMENT":4,"buffer":{"0":64,"1":112,"2":57,"3":190,"4":121,"5":52,"6":96,"7":190,"8":88,"9":153,"10":139,"11":190,"byteLength":12},"length":3,"byteOffset":0,"byteLength":12},{"0":-0.3462144136428833,"1":-0.2300613969564438,"2":-0.2684757709503174,"BYTES_PER_ELEMENT":4,"buffer":{"0":4,"1":67,"2":177,"3":190,"4":55,"5":149,"6":107,"7":190,"8":168,"9":117,"10":137,"11":190,"byteLength":12},"length":3,"byteOffset":0,"byteLength":12},{"0":-0.2664184272289276,"1":-0.25755617022514343,"2":-0.25109004974365234,"BYTES_PER_ELEMENT":4,"buffer":{"0":255,"1":103,"2":136,"3":190,"4":103,"5":222,"6":131,"7":190,"8":224,"9":142,"10":128,"11":190,"byteLength":12},"length":3,"byteOffset":0,"byteLength":12}],"roughness":0.02}