{"vertices":[-50,-12.398471981287003,-50,-50,-13.904856145381927,0,-50,-16.625295281410217,50,0,-18.01375150680542,-50,0,-16.31561577320099,0,0,-16.431531310081482,50,50,-19.613887667655945,-50,50,-18.396766781806946,0,50,-16.624868512153625,50],"normals":[-0.11155400487360115,-0.9933076738802438,-0.029926059000143303,-0.07181136200880522,-0.9968434845412415,0.03385551083820477,-0.03197688470032719,-0.9991926150625338,0.02432276401557378,-0.04811639593178914,-0.9979509233634904,-0.042175431242516805,-0.04486777152110348,-0.9988679949806891,0.015799103834970695,-0.04156847977008699,-0.9986896577469244,0.02985010885968235,0.0038695271354249527,-0.9985156448047829,-0.05432802076126908,0.000004267617148675174,-0.9999973127193879,-0.002318304507658365,-0.0038642894493770416,-0.9993652044098285,0.03541546952891024],"colors":[],"uvs":[],"faces":[0,1,3,1,4,3,3,4,6,4,7,6,1,2,4,2,5,4,4,5,7,5,8,7],"heightMap":[{"0":-0.11992359906435013,"1":-0.19524280726909637,"2":-0.33126476407051086,"BYTES_PER_ELEMENT":4,"buffer":{"0":129,"1":154,"2":245,"3":189,"4":187,"5":237,"6":71,"7":190,"8":137,"9":155,"10":169,"11":190,"byteLength":12},"length":3,"byteOffset":0,"byteLength":12},{"0":-0.400687575340271,"1":-0.31578078866004944,"2":-0.3215765655040741,"BYTES_PER_ELEMENT":4,"buffer":{"0":236,"1":38,"2":205,"3":190,"4":5,"5":174,"6":161,"7":190,"8":175,"9":165,"10":164,"11":190,"byteLength":12},"length":3,"byteOffset":0,"byteLength":12},{"0":-0.48069438338279724,"1":-0.4198383390903473,"2":-0.3312434256076813,"BYTES_PER_ELEMENT":4,"buffer":{"0":147,"1":29,"2":246,"3":190,"4":13,"5":245,"6":214,"7":190,"8":189,"9":152,"10":169,"11":190,"byteLength":12},"length":3,"byteOffset":0,"byteLength":12}],"roughness":0.036580972857773314}