{"vertices":[-50,-14.15099710226059,-50,-50,-15.009692311286926,0,-50,-15.447677969932556,50,0,-16.11471176147461,-50,0,-15.072449445724487,0,0,-15.14882743358612,50,50,-16.364281177520752,-50,50,-16.123816967010498,0,50,-15.418323278427124,50],"normals":[-0.039238261280605834,-0.9990825575522011,-0.017158148111837086,-0.022116128993631738,-0.9995382702614958,0.02083562144487236,-0.004991268424179227,-0.9999759792795279,0.004809168687733394,-0.0012550361987038103,-0.9999151570189074,-0.012965479088480223,-0.011138947558414736,-0.9998913311958694,0.009656585661778062,-0.021021763276255493,-0.999734291322891,0.009456861100475484,0.005976674676230648,-0.9999437761259907,-0.008759220667902808,0.0002935370781798889,-0.9999987902006771,-0.001527557909191906,-0.0053893021748748085,-0.9998859496431898,0.014108264535529273],"colors":[],"uvs":[],"faces":[0,1,3,1,4,3,3,4,6,4,7,6,1,2,4,2,5,4,4,5,7,5,8,7],"heightMap":[{"0":-0.20754985511302948,"1":-0.2504846155643463,"2":-0.2723838984966278,"BYTES_PER_ELEMENT":4,"buffer":{"0":243,"1":135,"2":84,"3":190,"4":133,"5":63,"6":128,"7":190,"8":231,"9":117,"10":139,"11":190,"byteLength":12},"length":3,"byteOffset":0,"byteLength":12},{"0":-0.30573558807373047,"1":-0.25362247228622437,"2":-0.25744137167930603,"BYTES_PER_ELEMENT":4,"buffer":{"0":96,"1":137,"2":156,"3":190,"4":206,"5":218,"6":129,"7":190,"8":91,"9":207,"10":131,"11":190,"byteLength":12},"length":3,"byteOffset":0,"byteLength":12},{"0":-0.3182140588760376,"1":-0.3061908483505249,"2":-0.2709161639213562,"BYTES_PER_ELEMENT":4,"buffer":{"0":244,"1":236,"2":162,"3":190,"4":12,"5":197,"6":156,"7":190,"8":134,"9":181,"10":138,"11":190,"byteLength":12},"length":3,"byteOffset":0,"byteLength":12}],"roughness":0.02}