{"vertices":[-50,-15.459368824958801,-50,-50,-14.403135478496552,0,-50,-14.111877083778381,50,0,-13.668071031570435,-50,0,-14.198569357395172,0,0,-14.018981158733368,50,50,-13.605456352233887,-50,50,-14.011645913124084,0,50,-13.958956897258759,50],"normals":[0.035795011021612866,-0.999136245065765,0.021106420393950786,0.01852936395791971,-0.9997720453174987,-0.010607547924946135,0.001252251283753007,-0.9999662196002613,-0.008123516792889222,0.004090916845985363,-0.9999008692055067,0.013472793378929005,0.003914841431184176,-0.9999861808079058,-0.003508875858033948,0.0037384194042413806,-0.9999867643193272,-0.003534884230118246,0.0018578837732506097,-0.9999813083030057,0.005825059012090182,0.001529190048169235,-0.9999923804739473,0.0035917366056969153,0.0012004836979054123,-0.9999987241935698,0.0010537789728868137],"colors":[],"uvs":[],"faces":[0,1,3,1,4,3,3,4,6,4,7,6,1,2,4,2,5,4,4,5,7,5,8,7],"heightMap":[{"0":-0.27296844124794006,"1":-0.22015677392482758,"2":-0.20559385418891907,"BYTES_PER_ELEMENT":4,"buffer":{"0":133,"1":194,"2":139,"3":190,"4":199,"5":112,"6":97,"7":190,"8":50,"9":135,"10":82,"11":190,"byteLength":12},"length":3,"byteOffset":0,"byteLength":12},{"0":-0.18340355157852173,"1":-0.2099284678697586,"2":-0.2009490579366684,"BYTES_PER_ELEMENT":4,"buffer":{"0":36,"1":206,"2":59,"3":190,"4":125,"5":247,"6":86,"7":190,"8":151,"9":197,"10":77,"11":190,"byteLength":12},"length":3,"byteOffset":0,"byteLength":12},{"0":-0.18027281761169434,"1":-0.20058229565620422,"2":-0.19794784486293793,"BYTES_PER_ELEMENT":4,"buffer":{"0":112,"1":153,"2":56,"3":190,"4":114,"5":101,"6":77,"7":190,"8":215,"9":178,"10":74,"11":190,"byteLength":12},"length":3,"byteOffset":0,"byteLength":12}],"roughness":0.02}