{"vertices":[-50,-14.51011210680008,-50,-50,-14.184263944625854,0,-50,-14.224700629711151,50,0,-14.802644848823547,-50,0,-14.45460557937622,0,0,-14.40755307674408,50,50,-14.070436954498291,-50,50,-13.91494870185852,0,50,-14.716824293136597,50],"normals":[-0.005850430477919407,-0.9999616517200091,0.006516713329153345,0.004396140920351216,-0.9999661117736254,0.006960549500275528,0.01464251712332954,-0.9998879578335399,0.003109416627981713,-0.0054067316452391925,-0.9999813107277715,0.002854023140108352,0.0026929449655022377,-0.9999885694027825,0.00395083677078287,0.010792283559335003,-0.9999208764814667,-0.006462769693445176,-0.0036570232902826596,-0.9999929860452168,-0.0008087280292843173,-0.004921166999221788,-0.9999874482024238,0.0009410382407730523,-0.006184510753657943,-0.999852302098615,-0.016035143118721455],"colors":[],"uvs":[],"faces":[0,1,3,1,4,3,3,4,6,4,7,6,1,2,4,2,5,4,4,5,7,5,8,7],"heightMap":[{"0":-0.22550560534000397,"1":-0.20921319723129272,"2":-0.21123503148555756,"BYTES_PER_ELEMENT":4,"buffer":{"0":241,"1":234,"2":102,"3":190,"4":252,"5":59,"6":86,"7":190,"8":255,"9":77,"10":88,"11":190,"byteLength":12},"length":3,"byteOffset":0,"byteLength":12},{"0":-0.24013224244117737,"1":-0.22273027896881104,"2":-0.22037765383720398,"BYTES_PER_ELEMENT":4,"buffer":{"0":58,"1":229,"2":117,"3":190,"4":104,"5":19,"6":100,"7":190,"8":174,"9":170,"10":97,"11":190,"byteLength":12},"length":3,"byteOffset":0,"byteLength":12},{"0":-0.20352184772491455,"1":-0.19574743509292603,"2":-0.23584121465682983,"BYTES_PER_ELEMENT":4,"buffer":{"0":8,"1":104,"2":80,"3":190,"4":4,"5":114,"6":72,"7":190,"8":92,"9":128,"10":113,"11":190,"byteLength":12},"length":3,"byteOffset":0,"byteLength":12}],"roughness":0.030192617075517784}