{"vertices":[-50,-15.453085899353027,-50,-50,-11.535433232784271,0,-50,-13.208512365818024,50,0,-15.369515419006348,-50,0,-15.2372407913208,0,0,-14.563319683074951,50,50,-15.021800994873047,-50,50,-16.717079281806946,0,50,-18.489895462989807,50],"normals":[0.0016663002368459408,-0.9969430772286711,0.0781135340984433,0.004312763753211031,-0.9999872007266447,0.002645458693328583,0.006950126778164667,-0.9994015628612875,-0.033885275388930894,-0.07381569590888723,-0.9970223295193319,0.02230958263463125,-0.05171996509567276,-0.9986291763795411,0.00805067040822309,-0.02956605576166696,-0.9989622499937189,-0.0346449337448476,-0.027071064729708487,-0.9990743475064469,-0.033430608863246954,-0.05270089470639413,-0.9985196469274583,0.013458469341252145,-0.07824160617285059,-0.9963083683889477,-0.035325431938556424],"colors":[],"uvs":[],"faces":[0,1,3,1,4,3,3,4,6,4,7,6,1,2,4,2,5,4,4,5,7,5,8,7],"heightMap":[{"0":-0.27265429496765137,"1":-0.07677166163921356,"2":-0.16042561829090118,"BYTES_PER_ELEMENT":4,"buffer":{"0":88,"1":153,"2":139,"3":190,"4":118,"5":58,"6":157,"7":189,"8":157,"9":70,"10":36,"11":190,"byteLength":12},"length":3,"byteOffset":0,"byteLength":12},{"0":-0.2684757709503174,"1":-0.26186203956604004,"2":-0.22816598415374756,"BYTES_PER_ELEMENT":4,"buffer":{"0":168,"1":117,"2":137,"3":190,"4":200,"5":18,"6":134,"7":190,"8":88,"9":164,"10":105,"11":190,"byteLength":12},"length":3,"byteOffset":0,"byteLength":12},{"0":-0.25109004974365234,"1":-0.3358539640903473,"2":-0.42449477314949036,"BYTES_PER_ELEMENT":4,"buffer":{"0":224,"1":142,"2":128,"3":190,"4":13,"5":245,"6":171,"7":190,"8":97,"9":87,"10":217,"11":190,"byteLength":12},"length":3,"byteOffset":0,"byteLength":12}],"roughness":0.2039380746148527}