{"vertices":[-50,-14.913785755634308,-50,-50,-15.395904779434204,0,-50,-15.820645093917847,50,0,-16.193317770957947,-50,0,-16.42685353755951,0,0,-14.764749705791473,50,50,-14.734081029891968,-50,50,-16.66435182094574,0,50,-16.13807439804077,50],"normals":[-0.025581076608627608,-0.9996262814165399,-0.009638776939225251,0.001795677880618937,-0.9999874801743706,-0.004670656855489728,0.029150617563929313,-0.998830989638962,-0.03856028568998843,-0.020613746309240236,-0.9997464057633973,-0.009066290656423493,-0.012681359544303435,-0.999817645047082,0.014277947072856114,-0.004749444577111485,-0.9998902959201018,-0.014029928760337974,0.021112439000428522,-0.9997410367466115,-0.008492606446999174,-0.003170655738227373,-0.9994429158965596,0.03322355800290182,-0.02745461960677077,-0.9995676827817116,0.010520998082269],"colors":[],"uvs":[],"faces":[0,1,3,1,4,3,3,4,6,4,7,6,1,2,4,2,5,4,4,5,7,5,8,7],"heightMap":[{"0":-0.2456892877817154,"1":-0.2697952389717102,"2":-0.29103225469589233,"BYTES_PER_ELEMENT":4,"buffer":{"0":249,"1":149,"2":123,"3":190,"4":154,"5":34,"6":138,"7":190,"8":46,"9":2,"10":149,"11":190,"byteLength":12},"length":3,"byteOffset":0,"byteLength":12},{"0":-0.30966588854789734,"1":-0.32134267687797546,"2":-0.23823748528957367,"BYTES_PER_ELEMENT":4,"buffer":{"0":135,"1":140,"2":158,"3":190,"4":7,"5":135,"6":164,"7":190,"8":135,"9":244,"10":115,"11":190,"byteLength":12},"length":3,"byteOffset":0,"byteLength":12},{"0":-0.2367040514945984,"1":-0.333217591047287,"2":-0.3069037199020386,"BYTES_PER_ELEMENT":4,"buffer":{"0":140,"1":98,"2":114,"3":190,"4":127,"5":155,"6":170,"7":190,"8":124,"9":34,"10":157,"11":190,"byteLength":12},"length":3,"byteOffset":0,"byteLength":12}],"roughness":0.06666947521269323}