{"vertices":[-50,-14.437065124511719,-50,-50,-13.21681261062622,0,-50,-14.51011210680008,50,0,-14.571775794029236,-50,0,-14.406078159809113,0,0,-14.802644848823547,50,50,-14.698567688465118,-50,50,-15.244696140289307,0,50,-14.070436954498291,50],"normals":[-0.0026934016335323314,-0.9996987035915872,0.024397697123714153,-0.0026150023227307223,-0.9999910897983869,0.0033139231564159113,-0.002535678484511657,-0.9999371394335957,-0.010921882437607543,-0.0237785793417062,-0.9997169832273263,-0.0007298022636626506,-0.020274363864291947,-0.9997917896611644,-0.0023081369162694302,-0.016769670443559974,-0.9998396668026144,0.006278442581670216,-0.00584859860190023,-0.9996485455687957,-0.025856899206701082,0.004396109159658732,-0.9999588858254508,-0.007931007690047244,0.014638552356048239,-0.9996172172889468,0.023476193993527985],"colors":[],"uvs":[],"faces":[0,1,3,1,4,3,3,4,6,4,7,6,1,2,4,2,5,4,4,5,7,5,8,7],"heightMap":[{"0":-0.22185325622558594,"1":-0.16084063053131104,"2":-0.22550560534000397,"BYTES_PER_ELEMENT":4,"buffer":{"0":128,"1":45,"2":99,"3":190,"4":104,"5":179,"6":36,"7":190,"8":241,"9":234,"10":102,"11":190,"byteLength":12},"length":3,"byteOffset":0,"byteLength":12},{"0":-0.2285887897014618,"1":-0.22030390799045563,"2":-0.24013224244117737,"BYTES_PER_ELEMENT":4,"buffer":{"0":46,"1":19,"2":106,"3":190,"4":89,"5":151,"6":97,"7":190,"8":58,"9":229,"10":117,"11":190,"byteLength":12},"length":3,"byteOffset":0,"byteLength":12},{"0":-0.23492838442325592,"1":-0.26223480701446533,"2":-0.20352184772491455,"BYTES_PER_ELEMENT":4,"buffer":{"0":17,"1":145,"2":112,"3":190,"4":164,"5":67,"6":134,"7":190,"8":8,"9":104,"10":80,"11":190,"byteLength":12},"length":3,"byteOffset":0,"byteLength":12}],"roughness":0.08687249898910522}