{"vertices":[-50,-18.992565274238586,-50,-50,-18.180612325668335,0,-50,-15.156182050704956,50,0,-15.084678530693054,-50,0,-16.394965052604675,0,0,-16.746268272399902,50,50,-15.749859809875488,-50,50,-13.344756960868835,0,50,-15.407997369766235,50],"normals":[0.0779098949600735,-0.9968289778197066,0.016187564555219615,0.03233148138958631,-0.9991341870168892,-0.026183041176587096,-0.01328708817306217,-0.9987569245329002,0.048042262493184024,0.03566401657067538,-0.9986299396488911,0.03829257837882653,0.048287775554804374,-0.9986956357947396,-0.01659270250772075,0.060890610868463826,-0.9981386357448755,0.003405486958436294,-0.03172772299377789,-0.9976730368733671,0.06034785074468934,-0.0025159257128120685,-0.999972153255387,-0.007025868742883676,0.02673310160023252,-0.998792604233671,-0.04121498522325557],"colors":[],"uvs":[],"faces":[0,1,3,1,4,3,3,4,6,4,7,6,1,2,4,2,5,4,4,5,7,5,8,7],"heightMap":[{"0":-0.4496282637119293,"1":-0.40903061628341675,"2":-0.2578091025352478,"BYTES_PER_ELEMENT":4,"buffer":{"0":173,"1":53,"2":230,"3":190,"4":118,"5":108,"6":209,"7":190,"8":142,"9":255,"10":131,"11":190,"byteLength":12},"length":3,"byteOffset":0,"byteLength":12},{"0":-0.2542339265346527,"1":-0.31974825263023376,"2":-0.3373134136199951,"BYTES_PER_ELEMENT":4,"buffer":{"0":243,"1":42,"2":130,"3":190,"4":11,"5":182,"6":163,"7":190,"8":88,"9":180,"10":172,"11":190,"byteLength":12},"length":3,"byteOffset":0,"byteLength":12},{"0":-0.2874929904937744,"1":-0.16723784804344177,"2":-0.27039986848831177,"BYTES_PER_ELEMENT":4,"buffer":{"0":72,"1":50,"2":147,"3":190,"4":102,"5":64,"6":43,"7":190,"8":218,"9":113,"10":138,"11":190,"byteLength":12},"length":3,"byteOffset":0,"byteLength":12}],"roughness":0.12117253521457315}