{"vertices":[-50,-15.989097356796265,-50,-50,-18.746333718299866,0,-50,-12.398471981287003,50,0,-16.491796374320984,-50,0,-12.511333525180817,0,0,-18.01375150680542,50,50,-15.7632976770401,-50,50,-15.793058276176453,0,50,-19.613887667655945,50],"normals":[-0.010038222553238569,-0.9984326807188318,-0.05505829783582957,0.002250530754422895,-0.9968436416317321,0.07935798163833409,0.014568425124511819,-0.9998936977436172,-0.0005951487103502608,0.12366441003135002,-0.9916953183724532,0.03532009640073111,0.02925444728567301,-0.999458282709372,-0.015077083194140127,-0.06544542265252455,-0.9971193140538247,-0.03834019033158839,-0.1107262338994596,-0.9859369724718828,0.1251718316532114,-0.07142480489158379,-0.9914604438091368,-0.1091085954816981,-0.0318934573174799,-0.996585731195759,-0.07615568105763673],"colors":[],"uvs":[],"faces":[0,1,3,1,4,3,3,4,6,4,7,6,1,2,4,2,5,4,4,5,7,5,8,7],"heightMap":[{"0":-0.29945486783981323,"1":-0.4373166859149933,"2":-0.11992359906435013,"BYTES_PER_ELEMENT":4,"buffer":{"0":38,"1":82,"2":153,"3":190,"4":249,"5":231,"6":223,"7":190,"8":129,"9":154,"10":245,"11":189,"byteLength":12},"length":3,"byteOffset":0,"byteLength":12},{"0":-0.3245898187160492,"1":-0.12556667625904083,"2":-0.400687575340271,"BYTES_PER_ELEMENT":4,"buffer":{"0":163,"1":48,"2":166,"3":190,"4":141,"5":148,"6":0,"7":190,"8":236,"9":38,"10":205,"11":190,"byteLength":12},"length":3,"byteOffset":0,"byteLength":12},{"0":-0.288164883852005,"1":-0.28965291380882263,"2":-0.48069438338279724,"BYTES_PER_ELEMENT":4,"buffer":{"0":89,"1":138,"2":147,"3":190,"4":99,"5":77,"6":148,"7":190,"8":147,"9":29,"10":246,"11":190,"byteLength":12},"length":3,"byteOffset":0,"byteLength":12}],"roughness":0.2412450914550573}