{"vertices":[-50,-14.224700629711151,-50,-50,-17.09930121898651,0,-50,-15.158028602600098,50,0,-14.40755307674408,-50,0,-13.989874124526978,0,0,-18.615142703056335,50,50,-14.716824293136597,-50,50,-15.126607418060303,0,50,-18.770856857299805,50],"normals":[-0.003650995669185847,-0.9983447660747924,-0.0573968490571714,-0.0049209974866761255,-0.9999530029255667,0.008353186450565908,-0.0061850982940651065,-0.9999472899888586,-0.008195230505012516,0.06206595471735625,-0.9980287820214075,-0.009293412822482302,0.019670472914026908,-0.9989271265891203,-0.041924554377383114,-0.02271018661589186,-0.998923263050625,-0.040454443021296485,-0.06892591608324827,-0.9968707147119048,0.03870395641095546,-0.035912722228043384,-0.9951063162159209,-0.09205267953379197,-0.003106029032592173,-0.9973496140035202,-0.07269181543116125],"colors":[],"uvs":[],"faces":[0,1,3,1,4,3,3,4,6,4,7,6,1,2,4,2,5,4,4,5,7,5,8,7],"heightMap":[{"0":-0.21123503148555756,"1":-0.35496506094932556,"2":-0.2579014301300049,"BYTES_PER_ELEMENT":4,"buffer":{"0":255,"1":77,"2":88,"3":190,"4":251,"5":189,"6":181,"7":190,"8":168,"9":11,"10":132,"11":190,"byteLength":12},"length":3,"byteOffset":0,"byteLength":12},{"0":-0.22037765383720398,"1":-0.19949370622634888,"2":-0.4307571351528168,"BYTES_PER_ELEMENT":4,"buffer":{"0":174,"1":170,"2":97,"3":190,"4":20,"5":72,"6":76,"7":190,"8":51,"9":140,"10":220,"11":190,"byteLength":12},"length":3,"byteOffset":0,"byteLength":12},{"0":-0.23584121465682983,"1":-0.25633037090301514,"2":-0.43854284286499023,"BYTES_PER_ELEMENT":4,"buffer":{"0":92,"1":128,"2":113,"3":190,"4":188,"5":61,"6":131,"7":190,"8":176,"9":136,"10":224,"11":190,"byteLength":12},"length":3,"byteOffset":0,"byteLength":12}],"roughness":0.22059628020040692}