{"vertices":[-50,-16.625295281410217,-50,-50,-16.303070783615112,0,-50,-14.913785755634308,50,0,-16.431531310081482,-50,0,-14.856570661067963,0,0,-16.193317770957947,50,50,-16.624868512153625,-50,50,-15.139634013175964,0,50,-14.734081029891968,50],"normals":[0.0038751698591657077,-0.9999717265784119,0.006444307748120656,0.000004265513082706535,-0.9995042686498652,0.031483597832891494,-0.003865010354117221,-0.9995516415601681,0.029691371631098303,0.02891367365652839,-0.9994355757680182,0.017103489846625963,0.01163007233052056,-0.9999295361435682,0.0023799506918391277,-0.005660164904878343,-0.9998053196795904,0.018901991261289098,-0.025572401847503336,-0.9992872996239633,0.02776589768037881,0.0017950570010342604,-0.9996412023573149,-0.026725349763561793,0.029171354975876584,-0.999541546444574,0.008107341121537928],"colors":[],"uvs":[],"faces":[0,1,3,1,4,3,3,4,6,4,7,6,1,2,4,2,5,4,4,5,7,5,8,7],"heightMap":[{"0":-0.33126476407051086,"1":-0.3151535391807556,"2":-0.2456892877817154,"BYTES_PER_ELEMENT":4,"buffer":{"0":137,"1":155,"2":169,"3":190,"4":206,"5":91,"6":161,"7":190,"8":249,"9":149,"10":123,"11":190,"byteLength":12},"length":3,"byteOffset":0,"byteLength":12},{"0":-0.3215765655040741,"1":-0.24282853305339813,"2":-0.30966588854789734,"BYTES_PER_ELEMENT":4,"buffer":{"0":175,"1":165,"2":164,"3":190,"4":11,"5":168,"6":120,"7":190,"8":135,"9":140,"10":158,"11":190,"byteLength":12},"length":3,"byteOffset":0,"byteLength":12},{"0":-0.3312434256076813,"1":-0.2569817006587982,"2":-0.2367040514945984,"BYTES_PER_ELEMENT":4,"buffer":{"0":189,"1":152,"2":169,"3":190,"4":27,"5":147,"6":131,"7":190,"8":140,"9":98,"10":114,"11":190,"byteLength":12},"length":3,"byteOffset":0,"byteLength":12}],"roughness":0.09198706418275833}