{"vertices":[-50,-14.026543200016022,-50,-50,-13.912310004234314,0,-50,-14.437065124511719,50,0,-15.71112871170044,-50,0,-14.157712161540985,0,0,-14.571775794029236,50,50,-13.857528865337372,-50,50,-14.40957099199295,0,50,-14.698567688465118,50],"normals":[-0.033672516459664605,-0.9994303116733874,0.0022833623692711854,0.0016872156930480247,-0.9995163058445317,0.03105330343306269,0.037044293835546103,-0.9992527218922249,-0.011032591953195184,-0.004907942680749268,-0.9999795304602742,-0.004104967611551829,-0.004972225919066675,-0.9999227894783969,0.01138824179368818,-0.005036934573023616,-0.9999519500636019,-0.008409925927534909,-0.0026940552459203617,-0.9999413021884064,-0.01049448636600444,-0.002614927018928133,-0.999962293214955,-0.00828096038959731,-0.0025357873787324025,-0.9999800815401201,-0.005779818802061277],"colors":[],"uvs":[],"faces":[0,1,3,1,4,3,3,4,6,4,7,6,1,2,4,2,5,4,4,5,7,5,8,7],"heightMap":[{"0":-0.2013271600008011,"1":-0.1956155002117157,"2":-0.22185325622558594,"BYTES_PER_ELEMENT":4,"buffer":{"0":181,"1":40,"2":78,"3":190,"4":110,"5":79,"6":72,"7":190,"8":128,"9":45,"10":99,"11":190,"byteLength":12},"length":3,"byteOffset":0,"byteLength":12},{"0":-0.285556435585022,"1":-0.20788560807704926,"2":-0.2285887897014618,"BYTES_PER_ELEMENT":4,"buffer":{"0":116,"1":52,"2":146,"3":190,"4":247,"5":223,"6":84,"7":190,"8":46,"9":19,"10":106,"11":190,"byteLength":12},"length":3,"byteOffset":0,"byteLength":12},{"0":-0.1928764432668686,"1":-0.22047854959964752,"2":-0.23492838442325592,"BYTES_PER_ELEMENT":4,"buffer":{"0":103,"1":129,"2":69,"3":190,"4":33,"5":197,"6":97,"7":190,"8":17,"9":145,"10":112,"11":190,"byteLength":12},"length":3,"byteOffset":0,"byteLength":12}],"roughness":0.02}