{"vertices":[-50,-14.111877083778381,-50,-50,-10.07391772698611,0,-50,-14.026543200016022,50,0,-14.018981158733368,-50,0,-10.003602730866987,0,0,-15.71112871170044,50,50,-13.958956897258759,-50,50,-17.493273615837097,0,50,-13.857528865337372,50],"normals":[0.001851886086393276,-0.996753132872045,0.08049697278585369,0.0015242925100434274,-0.9967897034305991,0.08004975744549109,0.0011974964163939858,-0.9975103291362727,-0.07051034866441819,0.001406298026232658,-0.9999986516746742,0.0008479237554724401,-0.07356794263425911,-0.9971500891057598,-0.01671698576112403,-0.14814056884714785,-0.9889658111975843,0.0009980701114381905,-0.03356799792448496,-0.9963281083582486,-0.0787622372118504,0.001677163283602685,-0.9935464196526803,-0.11341384006663457,0.03694912757580283,-0.9966856559764069,0.07247389283229193],"colors":[],"uvs":[],"faces":[0,1,3,1,4,3,3,4,6,4,7,6,1,2,4,2,5,4,4,5,7,5,8,7],"heightMap":[{"0":-0.20559385418891907,"1":-0.0036958863493055105,"2":-0.2013271600008011,"BYTES_PER_ELEMENT":4,"buffer":{"0":50,"1":135,"2":82,"3":190,"4":175,"5":54,"6":114,"7":187,"8":181,"9":40,"10":78,"11":190,"byteLength":12},"length":3,"byteOffset":0,"byteLength":12},{"0":-0.2009490579366684,"1":-0.0001801365433493629,"2":-0.285556435585022,"BYTES_PER_ELEMENT":4,"buffer":{"0":151,"1":197,"2":77,"3":190,"4":9,"5":227,"6":60,"7":185,"8":116,"9":52,"10":146,"11":190,"byteLength":12},"length":3,"byteOffset":0,"byteLength":12},{"0":-0.19794784486293793,"1":-0.37466368079185486,"2":-0.1928764432668686,"BYTES_PER_ELEMENT":4,"buffer":{"0":215,"1":178,"2":74,"3":190,"4":235,"5":211,"6":191,"7":190,"8":103,"9":129,"10":69,"11":190,"byteLength":12},"length":3,"byteOffset":0,"byteLength":12}],"roughness":0.23809673839248718}