{"vertices":[-50,-17.13943839073181,-50,-50,-19.071878790855408,0,-50,-18.992565274238586,50,0,-17.540730237960815,-50,0,-18.310150504112244,0,0,-15.084678530693054,50,50,-17.867259979248047,-50,50,-18.61000120639801,0,50,-15.749859809875488,50],"normals":[-0.008019591535549875,-0.9992218370403825,-0.03861873293165102,-0.007277157524084727,-0.9998551437882346,-0.01538617621692836,-0.00652973519541222,-0.9998683687542489,-0.014852869183939257,0.015230185993439378,-0.9997125128802407,-0.018518450941695252,0.00461681948356155,-0.99968883133555,0.024513781446741507,-0.005995565867589121,-0.9997585168026667,0.021141458569819423,0.0779200071757901,-0.9969583599689374,0.0015814454689935045,0.03227578472196008,-0.9974058196792179,0.06434209035001022,-0.013280741664278003,-0.9982798734655607,0.0571044318282823],"colors":[],"uvs":[],"faces":[0,1,3,1,4,3,3,4,6,4,7,6,1,2,4,2,5,4,4,5,7,5,8,7],"heightMap":[{"0":-0.3569719195365906,"1":-0.4535939395427704,"2":-0.4496282637119293,"BYTES_PER_ELEMENT":4,"buffer":{"0":6,"1":197,"2":182,"3":190,"4":119,"5":61,"6":232,"7":190,"8":173,"9":53,"10":230,"11":190,"byteLength":12},"length":3,"byteOffset":0,"byteLength":12},{"0":-0.37703651189804077,"1":-0.4155075252056122,"2":-0.2542339265346527,"BYTES_PER_ELEMENT":4,"buffer":{"0":238,"1":10,"2":193,"3":190,"4":103,"5":189,"6":212,"7":190,"8":243,"9":42,"10":130,"11":190,"byteLength":12},"length":3,"byteOffset":0,"byteLength":12},{"0":-0.39336299896240234,"1":-0.4305000603199005,"2":-0.2874929904937744,"BYTES_PER_ELEMENT":4,"buffer":{"0":224,"1":102,"2":201,"3":190,"4":129,"5":106,"6":220,"7":190,"8":72,"9":50,"10":147,"11":190,"byteLength":12},"length":3,"byteOffset":0,"byteLength":12}],"roughness":0.12246577946469188}