{"vertices":[-50,-15.158028602600098,-50,-50,-15.861055850982666,0,-50,-17.13943839073181,50,0,-18.615142703056335,-50,0,-17.046584486961365,0,0,-17.540730237960815,50,50,-18.770856857299805,-50,50,-18.54218900203705,0,50,-17.867259979248047,50],"normals":[-0.06897081458226931,-0.9975200785702616,-0.014025675920872288,-0.03604784861589563,-0.9988586726118257,0.03133535955285992,-0.003114235415080972,-0.9999846931742832,0.004573287101674975,-0.023699261820494106,-0.9995229596849624,-0.01980399080429859,-0.026799898524238287,-0.9995831748490102,0.010735082573682832,-0.029897498223326723,-0.9995121678879725,0.009031381061145255,-0.008022956743430787,-0.99964113385692,-0.0255584754307545,-0.007277663668801431,-0.999924686320802,-0.009882170701297656,-0.006529860713650253,-0.9998875887857134,0.01349706306395985],"colors":[],"uvs":[],"faces":[0,1,3,1,4,3,3,4,6,4,7,6,1,2,4,2,5,4,4,5,7,5,8,7],"heightMap":[{"0":-0.2579014301300049,"1":-0.2930527925491333,"2":-0.3569719195365906,"BYTES_PER_ELEMENT":4,"buffer":{"0":168,"1":11,"2":132,"3":190,"4":4,"5":11,"6":150,"7":190,"8":6,"9":197,"10":182,"11":190,"byteLength":12},"length":3,"byteOffset":0,"byteLength":12},{"0":-0.4307571351528168,"1":-0.35232922434806824,"2":-0.37703651189804077,"BYTES_PER_ELEMENT":4,"buffer":{"0":51,"1":140,"2":220,"3":190,"4":127,"5":100,"6":180,"7":190,"8":238,"9":10,"10":193,"11":190,"byteLength":12},"length":3,"byteOffset":0,"byteLength":12},{"0":-0.43854284286499023,"1":-0.4271094501018524,"2":-0.39336299896240234,"BYTES_PER_ELEMENT":4,"buffer":{"0":176,"1":136,"2":224,"3":190,"4":23,"5":174,"6":218,"7":190,"8":224,"9":102,"10":201,"11":190,"byteLength":12},"length":3,"byteOffset":0,"byteLength":12}],"roughness":0.02}