{"vertices":[-50,-15.447677969932556,-50,-50,-12.225286662578583,0,-50,-13.621845245361328,50,0,-15.14882743358612,-50,0,-16.307503581047058,0,0,-16.924288272857666,50,50,-15.418323278427124,-50,50,-12.37241417169571,0,50,-15.328368544578552,50],"normals":[0.005964530338852964,-0.9979119348038781,0.06431325488433604,0.0002934586408741804,-0.9997315589645325,-0.023167302224722828,-0.00537986573240522,-0.9981351912084622,0.06080458137301914,-0.08136016533687823,-0.9965193785856205,0.018156310189155443,-0.0014616498757156658,-0.9998413653407391,-0.01775127412912807,0.0784591450162341,-0.9969169293813724,0.0008935749197135001,-0.0658796812752277,-0.9974385739089143,-0.027859628023821522,-0.01702064164435856,-0.9997790734180586,-0.012332968553537048,0.03184660009722739,-0.9977506867330881,-0.05898611010991063],"colors":[],"uvs":[],"faces":[0,1,3,1,4,3,3,4,6,4,7,6,1,2,4,2,5,4,4,5,7,5,8,7],"heightMap":[{"0":-0.2723838984966278,"1":-0.11126433312892914,"2":-0.1810922622680664,"BYTES_PER_ELEMENT":4,"buffer":{"0":231,"1":117,"2":139,"3":190,"4":142,"5":222,"6":227,"7":189,"8":64,"9":112,"10":57,"11":190,"byteLength":12},"length":3,"byteOffset":0,"byteLength":12},{"0":-0.25744137167930603,"1":-0.3153751790523529,"2":-0.3462144136428833,"BYTES_PER_ELEMENT":4,"buffer":{"0":91,"1":207,"2":131,"3":190,"4":219,"5":120,"6":161,"7":190,"8":4,"9":67,"10":177,"11":190,"byteLength":12},"length":3,"byteOffset":0,"byteLength":12},{"0":-0.2709161639213562,"1":-0.11862070858478546,"2":-0.2664184272289276,"BYTES_PER_ELEMENT":4,"buffer":{"0":134,"1":181,"2":138,"3":190,"4":106,"5":239,"6":242,"7":189,"8":255,"9":103,"10":136,"11":190,"byteLength":12},"length":3,"byteOffset":0,"byteLength":12}],"roughness":0.17193058027885855}