{"vertices":[-50,-15.156182050704956,-50,-50,-15.99367380142212,0,-50,-15.989097356796265,50,0,-16.746268272399902,-50,0,-16.69813871383667,0,0,-16.491796374320984,50,50,-15.407997369766235,-50,50,-16.061081290245056,0,50,-15.7632976770401,50],"normals":[-0.03178120188703215,-0.9993546718855,-0.01673902587489527,-0.002515986541682006,-0.9999963716117589,0.0009625876786101618,0.026753555546964236,-0.9995567972939651,-0.013055889438359933,-0.014087411554053826,-0.9998660902619888,-0.008327447382665953,-0.0006739512639838515,-0.9999965351301416,0.0025447037951390004,0.012740034032506311,-0.999912532270664,-0.0035523711685048823,-0.010053472206067447,-0.9999494583827278,0.0000915242664988349,0.0022576296009314376,-0.999988936249298,0.004126801131909647,0.014568169395002476,-0.9998761459271008,0.005954934629832359],"colors":[],"uvs":[],"faces":[0,1,3,1,4,3,3,4,6,4,7,6,1,2,4,2,5,4,4,5,7,5,8,7],"heightMap":[{"0":-0.2578091025352478,"1":-0.29968369007110596,"2":-0.29945486783981323,"BYTES_PER_ELEMENT":4,"buffer":{"0":142,"1":255,"2":131,"3":190,"4":36,"5":112,"6":153,"7":190,"8":38,"9":82,"10":153,"11":190,"byteLength":12},"length":3,"byteOffset":0,"byteLength":12},{"0":-0.3373134136199951,"1":-0.3349069356918335,"2":-0.3245898187160492,"BYTES_PER_ELEMENT":4,"buffer":{"0":88,"1":180,"2":172,"3":190,"4":236,"5":120,"6":171,"7":190,"8":163,"9":48,"10":166,"11":190,"byteLength":12},"length":3,"byteOffset":0,"byteLength":12},{"0":-0.27039986848831177,"1":-0.3030540645122528,"2":-0.288164883852005,"BYTES_PER_ELEMENT":4,"buffer":{"0":218,"1":113,"2":138,"3":190,"4":231,"5":41,"6":155,"7":190,"8":89,"9":138,"10":147,"11":190,"byteLength":12},"length":3,"byteOffset":0,"byteLength":12}],"roughness":0.058293224470689894}