{"vertices":[-50,-11.070813462138176,-50,-50,-10.33510074019432,0,-50,-14.130403697490692,50,0,-16.49619698524475,-50,0,-13.284257650375366,0,0,-14.219405949115753,50,50,-13.963970839977264,-50,50,-13.156052827835083,0,50,-13.352353274822235,50],"normals":[-0.10786293620205725,-0.9940581688158234,0.014626824823000277,-0.028679474244588297,-0.9975325585222253,0.06408028125060865,0.05057311451199728,-0.9985900075811572,0.01613557707740029,-0.05885347074972027,-0.9978016182615954,-0.030466367936682566,-0.028164457727866472,-0.9993452038019777,0.022714025598272448,0.0025640400750405455,-0.9999780133991835,0.0061154244918931,-0.0017749362213946912,-0.997129954010573,-0.07568820526530246,0.007778197778123466,-0.9997949000553364,-0.018699129997521262,0.017338313159387338,-0.9998419746248255,-0.003925388530707401],"colors":[],"uvs":[],"faces":[0,1,3,1,4,3,3,4,6,4,7,6,1,2,4,2,5,4,4,5,7,5,8,7],"heightMap":[{"0":-0.0535406731069088,"1":-0.016755037009716034,"2":-0.2065201848745346,"BYTES_PER_ELEMENT":4,"buffer":{"0":119,"1":77,"2":91,"3":189,"4":220,"5":65,"6":137,"7":188,"8":7,"9":122,"10":83,"11":190,"byteLength":12},"length":3,"byteOffset":0,"byteLength":12},{"0":-0.32480984926223755,"1":-0.1642128825187683,"2":-0.21097029745578766,"BYTES_PER_ELEMENT":4,"buffer":{"0":122,"1":77,"2":166,"3":190,"4":108,"5":39,"6":40,"7":190,"8":153,"9":8,"10":88,"11":190,"byteLength":12},"length":3,"byteOffset":0,"byteLength":12},{"0":-0.19819854199886322,"1":-0.15780264139175415,"2":-0.16761766374111176,"BYTES_PER_ELEMENT":4,"buffer":{"0":143,"1":244,"2":74,"3":190,"4":4,"5":151,"6":33,"7":190,"8":247,"9":163,"10":43,"11":190,"byteLength":12},"length":3,"byteOffset":0,"byteLength":12}],"roughness":0.03128640520735643}