{"vertices":[-50,-10.965429246425629,-50,-50,-12.938790917396545,0,-50,-14.266131818294525,50,0,-9.96972702909261,-50,0,-11.616324484348297,0,0,-12.948021292686462,50,50,-10.168505664914846,-50,50,-11.023027673363686,0,50,-12.032159864902496,50],"normals":[0.019894614491725703,-0.9990243139667442,-0.039428725790999763,0.007963530471720295,-0.9994264917983551,-0.03291306236220581,-0.00397496084152347,-0.9998460913772926,-0.017087809802868916,0.026425702225398494,-0.9991067283457615,-0.03297616769916165,0.019144615450137997,-0.9993735980565622,-0.02976399178112991,0.011863041282144644,-0.9997560295712036,-0.018631950718072804,0.026343780268570434,-0.9993008839838252,-0.026528258712304763,0.022325873139239647,-0.9993963403006548,-0.0266178583328645,0.018310428775944073,-0.9996287768253491,-0.020175151565660507],"colors":[],"uvs":[],"faces":[0,1,3,1,4,3,3,4,6,4,7,6,1,2,4,2,5,4,4,5,7,5,8,7],"heightMap":[{"0":-0.04827146232128143,"1":-0.14693954586982727,"2":-0.21330659091472626,"BYTES_PER_ELEMENT":4,"buffer":{"0":76,"1":184,"2":69,"3":189,"4":82,"5":119,"6":22,"7":190,"8":11,"9":109,"10":90,"11":190,"byteLength":12},"length":3,"byteOffset":0,"byteLength":12},{"0":0.0015136485453695059,"1":-0.08081622421741486,"2":-0.14740106463432312,"BYTES_PER_ELEMENT":4,"buffer":{"0":158,"1":101,"2":198,"3":58,"4":250,"5":130,"6":165,"7":189,"8":78,"9":240,"10":22,"11":190,"byteLength":12},"length":3,"byteOffset":0,"byteLength":12},{"0":-0.008425283245742321,"1":-0.05115138366818428,"2":-0.10160799324512482,"BYTES_PER_ELEMENT":4,"buffer":{"0":51,"1":10,"2":10,"3":188,"4":29,"5":132,"6":81,"7":189,"8":218,"9":23,"10":208,"11":189,"byteLength":12},"length":3,"byteOffset":0,"byteLength":12}],"roughness":0.02}