{"vertices":[-50,-6.89062625169754,-50,-50,-8.498533219099045,0,-50,-10.965429246425629,50,0,-8.164458572864532,-50,0,-8.042989522218704,0,0,-9.96972702909261,50,50,-10.072812410071492,-50,50,-8.868518248200417,0,50,-10.168505664914846,50],"normals":[-0.025455232237988554,-0.9991594582349869,-0.03213110908882296,-0.031804390244769346,-0.9994911629793065,0.0024281448539198234,-0.038128265613139485,-0.9989831253973186,0.024061390914474227,0.009102943424178323,-0.9991295551356768,-0.0407095624565128,-0.0036986162141243416,-0.9998303878154419,-0.01804205750250772,-0.016508317049012317,-0.999863271225405,-0.0009562021970401798,0.01988591771418973,-0.9985875981804087,-0.0492682355777769,0.00796193887770491,-0.999226689141881,-0.0385049507967819,-0.003974198294631296,-0.9996542833167784,-0.025990759787529873],"colors":[],"uvs":[],"faces":[0,1,3,1,4,3,3,4,6,4,7,6,1,2,4,2,5,4,4,5,7,5,8,7],"heightMap":[{"0":0.15546868741512299,"1":0.07507333904504776,"2":-0.04827146232128143,"BYTES_PER_ELEMENT":4,"buffer":{"0":47,"1":51,"2":31,"3":62,"4":13,"5":192,"6":153,"7":61,"8":76,"9":184,"10":69,"11":189,"byteLength":12},"length":3,"byteOffset":0,"byteLength":12},{"0":0.09177707135677338,"1":0.09785052388906479,"2":0.0015136485453695059,"BYTES_PER_ELEMENT":4,"buffer":{"0":158,"1":245,"2":187,"3":61,"4":219,"5":101,"6":200,"7":61,"8":158,"9":101,"10":198,"11":58,"byteLength":12},"length":3,"byteOffset":0,"byteLength":12},{"0":-0.0036406205035746098,"1":0.05657408758997917,"2":-0.008425283245742321,"BYTES_PER_ELEMENT":4,"buffer":{"0":122,"1":151,"2":110,"3":187,"4":59,"5":186,"6":103,"7":61,"8":51,"9":10,"10":10,"11":188,"byteLength":12},"length":3,"byteOffset":0,"byteLength":12}],"roughness":0.09571006578569269}