{"vertices":[-50,-14.130403697490692,-50,-50,-12.375442534685135,0,-50,-12.22608596086502,50,0,-14.219405949115753,-50,0,-14.152568280696869,0,0,-11.140601858496666,50,50,-13.352353274822235,-50,50,-12.248621582984924,0,50,-13.861361742019653,50],"normals":[-0.0017789467615720075,-0.9993830094693336,0.03507756736772837,0.007779550789723278,-0.9999688454103365,0.0013367117223750126,0.017334225132267463,-0.9996062319046265,0.022065941550224254,-0.03551365889757928,-0.9991881265937381,0.01902282065841949,0.0012658966709587745,-0.9995264021544752,0.030746851899810006,0.038050865126991136,-0.9992628778084628,-0.005082587631987398,0.021704471068583177,-0.9997599698248667,0.002986414474710856,-0.016297480802350817,-0.9980579623369351,0.060122341399368055,-0.05430665519545752,-0.9980052911750948,-0.03219046424014447],"colors":[],"uvs":[],"faces":[0,1,3,1,4,3,3,4,6,4,7,6,1,2,4,2,5,4,4,5,7,5,8,7],"heightMap":[{"0":-0.2065201848745346,"1":-0.11877212673425674,"2":-0.11130429804325104,"BYTES_PER_ELEMENT":4,"buffer":{"0":7,"1":122,"2":83,"3":190,"4":205,"5":62,"6":243,"7":189,"8":130,"9":243,"10":227,"11":189,"byteLength":12},"length":3,"byteOffset":0,"byteLength":12},{"0":-0.21097029745578766,"1":-0.20762841403484344,"2":-0.0570300929248333,"BYTES_PER_ELEMENT":4,"buffer":{"0":153,"1":8,"2":88,"3":190,"4":139,"5":156,"6":84,"7":190,"8":99,"9":152,"10":105,"11":189,"byteLength":12},"length":3,"byteOffset":0,"byteLength":12},{"0":-0.16761766374111176,"1":-0.11243107914924622,"2":-0.19306808710098267,"BYTES_PER_ELEMENT":4,"buffer":{"0":247,"1":163,"2":43,"3":190,"4":68,"5":66,"6":230,"7":189,"8":164,"9":179,"10":69,"11":190,"byteLength":12},"length":3,"byteOffset":0,"byteLength":12}],"roughness":0.09880718487023843}