{"vertices":[-50,-11.261563748121262,-50,-50,-4.969761371612549,0,-50,-6.89062625169754,50,0,-11.521336883306503,-50,0,-10.913792103528976,0,0,-8.164458572864532,50,50,-13.974283337593079,-50,50,-12.275212705135345,0,50,-10.072812410071492,50],"normals":[-0.005154742047680931,-0.9921622657410543,0.12484977802943668,-0.02710220488899042,-0.9995588809345105,0.012145535603840569,-0.048971799697082374,-0.9982239851078513,0.03392106115423351,-0.11793978774550774,-0.9920859519806229,0.04307749237415985,-0.0726688261208124,-0.9967951683412919,0.03344598752733532,-0.027197649075159803,-0.9988701890903045,0.038969645000743465,-0.025449621208263225,-0.9989392161500557,-0.03837654515284544,-0.03175656404138289,-0.9979880464593092,0.054876039986657674,-0.03810241556107514,-0.9983058387337984,0.04397338147582571],"colors":[],"uvs":[],"faces":[0,1,3,1,4,3,3,4,6,4,7,6,1,2,4,2,5,4,4,5,7,5,8,7],"heightMap":[{"0":-0.06307818740606308,"1":0.25151193141937256,"2":0.15546868741512299,"BYTES_PER_ELEMENT":4,"buffer":{"0":35,"1":47,"2":129,"3":189,"4":44,"5":198,"6":128,"7":62,"8":47,"9":51,"10":31,"11":62,"byteLength":12},"length":3,"byteOffset":0,"byteLength":12},{"0":-0.07606684416532516,"1":-0.04568960517644882,"2":0.09177707135677338,"BYTES_PER_ELEMENT":4,"buffer":{"0":239,"1":200,"2":155,"3":189,"4":6,"5":37,"6":59,"7":189,"8":158,"9":245,"10":187,"11":61,"byteLength":12},"length":3,"byteOffset":0,"byteLength":12},{"0":-0.19871416687965393,"1":-0.11376063525676727,"2":-0.0036406205035746098,"BYTES_PER_ELEMENT":4,"buffer":{"0":186,"1":123,"2":75,"3":190,"4":86,"5":251,"6":232,"7":189,"8":122,"9":151,"10":110,"11":187,"byteLength":12},"length":3,"byteOffset":0,"byteLength":12}],"roughness":0.02}