{"vertices":[-50,-7.6176634430885315,-50,-50,-8.74916598200798,0,-50,-10.431287810206413,50,0,-12.443974018096924,-50,0,-9.965635570697486,0,0,-10.68322129547596,50,50,-12.708075046539307,-50,50,-11.63282722234726,0,50,-10.45675240457058,50],"normals":[-0.09605528164185716,-0.9951212230233456,-0.022519643807670853,-0.050671449200905876,-0.9974907788127091,0.049442394961158896,-0.00528072599148983,-0.9997549086867511,0.021499685805814957,-0.02431257912233613,-0.9993089571819012,-0.028115949075950143,-0.028819592269038956,-0.9994300327124142,0.017579556704002144,-0.03331687965978531,-0.9991916534255829,0.02249500509858036,-0.005035756854563397,-0.9994219008194928,-0.03362298789896076,-0.00025461388839082287,-0.9998969976411392,-0.014350236235122726,0.004528078952757985,-0.999713235370998,0.023514751222357633],"colors":[],"uvs":[],"faces":[0,1,3,1,4,3,3,4,6,4,7,6,1,2,4,2,5,4,4,5,7,5,8,7],"heightMap":[{"0":0.11911682784557343,"1":0.06254170089960098,"2":-0.021564390510320663,"BYTES_PER_ELEMENT":4,"buffer":{"0":134,"1":243,"2":243,"3":61,"4":221,"5":21,"6":128,"7":61,"8":206,"9":167,"10":176,"11":188,"byteLength":12},"length":3,"byteOffset":0,"byteLength":12},{"0":-0.12219870090484619,"1":0.00171822146512568,"2":-0.03416106477379799,"BYTES_PER_ELEMENT":4,"buffer":{"0":80,"1":67,"2":250,"3":189,"4":242,"5":53,"6":225,"7":58,"8":121,"9":236,"10":11,"11":189,"byteLength":12},"length":3,"byteOffset":0,"byteLength":12},{"0":-0.13540375232696533,"1":-0.08164136111736298,"2":-0.022837620228528976,"BYTES_PER_ELEMENT":4,"buffer":{"0":72,"1":167,"2":10,"3":190,"4":150,"5":51,"6":167,"7":189,"8":246,"9":21,"10":187,"11":188,"byteLength":12},"length":3,"byteOffset":0,"byteLength":12}],"roughness":0.02}