{"vertices":[-50,-12.22608596086502,-50,-50,-8.827401027083397,0,-50,-7.6176634430885315,50,0,-11.140601858496666,-50,0,-10.418975539505482,0,0,-12.443974018096924,50,50,-13.861361742019653,-50,50,-15.350189208984375,0,50,-12.708075046539307,50],"normals":[0.021654622257557304,-0.9974638140858231,0.06780130473851684,-0.01632523598539989,-0.9997626156912679,0.014429100324525754,-0.05431081330247224,-0.9980817056179843,-0.029719429151981055,-0.03178171183976328,-0.9984361898142402,0.04599019092977003,-0.06501223421805727,-0.9977998455079089,-0.012995295547606105,-0.09814165573565653,-0.9951065023108971,0.011457070656866354,-0.09605179725083231,-0.9950851251492998,0.024075837503346846,-0.05069196266723031,-0.9978962728625348,-0.04041476868677407,-0.005274588091259083,-0.9985928722745971,0.05276792740706825],"colors":[],"uvs":[],"faces":[0,1,3,1,4,3,3,4,6,4,7,6,1,2,4,2,5,4,4,5,7,5,8,7],"heightMap":[{"0":-0.11130429804325104,"1":0.058629948645830154,"2":0.11911682784557343,"BYTES_PER_ELEMENT":4,"buffer":{"0":130,"1":243,"2":227,"3":189,"4":245,"5":37,"6":112,"7":61,"8":134,"9":243,"10":243,"11":61,"byteLength":12},"length":3,"byteOffset":0,"byteLength":12},{"0":-0.0570300929248333,"1":-0.020948776975274086,"2":-0.12219870090484619,"BYTES_PER_ELEMENT":4,"buffer":{"0":99,"1":152,"2":105,"3":189,"4":197,"5":156,"6":171,"7":188,"8":80,"9":67,"10":250,"11":189,"byteLength":12},"length":3,"byteOffset":0,"byteLength":12},{"0":-0.19306808710098267,"1":-0.26750946044921875,"2":-0.13540375232696533,"BYTES_PER_ELEMENT":4,"buffer":{"0":164,"1":179,"2":69,"3":190,"4":0,"5":247,"6":136,"7":190,"8":72,"9":167,"10":10,"11":190,"byteLength":12},"length":3,"byteOffset":0,"byteLength":12}],"roughness":0.13667718817072455}