{"vertices":[-50,-10.431287810206413,-50,-50,-11.205407232046127,0,-50,-11.261563748121262,50,0,-10.68322129547596,-50,0,-10.894852876663208,0,0,-11.521336883306503,50,50,-10.45675240457058,-50,50,-9.03028704226017,0,50,-13.974283337593079,50],"normals":[-0.005038001981258955,-0.9998674800748972,-0.015480336711838226,-0.0002546378266425129,-0.9999910101152031,-0.004232593572874278,0.004527489260543243,-0.9995830426075715,0.02851741174065102,0.0062107532690449585,-0.9999462511783136,-0.008301885223730677,0.021740050284893578,-0.9997285466490149,-0.008378736698263133,0.03724259820061435,-0.9986935701988232,-0.03498773674869202,-0.005195389308297588,-0.9999858731721443,-0.0011231144552339741,-0.027102078439010413,-0.9995542128367426,-0.012524094562302954,-0.04876276525944527,-0.9939631004629416,-0.09828299772772787],"colors":[],"uvs":[],"faces":[0,1,3,1,4,3,3,4,6,4,7,6,1,2,4,2,5,4,4,5,7,5,8,7],"heightMap":[{"0":-0.021564390510320663,"1":-0.060270361602306366,"2":-0.06307818740606308,"BYTES_PER_ELEMENT":4,"buffer":{"0":206,"1":167,"2":176,"3":188,"4":14,"5":222,"6":118,"7":189,"8":35,"9":47,"10":129,"11":189,"byteLength":12},"length":3,"byteOffset":0,"byteLength":12},{"0":-0.03416106477379799,"1":-0.0447426438331604,"2":-0.07606684416532516,"BYTES_PER_ELEMENT":4,"buffer":{"0":121,"1":236,"2":11,"3":189,"4":16,"5":68,"6":55,"7":189,"8":239,"9":200,"10":155,"11":189,"byteLength":12},"length":3,"byteOffset":0,"byteLength":12},{"0":-0.022837620228528976,"1":0.0484856478869915,"2":-0.19871416687965393,"BYTES_PER_ELEMENT":4,"buffer":{"0":246,"1":21,"2":187,"3":188,"4":227,"5":152,"6":70,"7":61,"8":186,"9":123,"10":75,"11":190,"byteLength":12},"length":3,"byteOffset":0,"byteLength":12}],"roughness":0.23270837494172159}