{"vertices":[-50,-14.266131818294525,-50,-50,-13.5108682513237,0,-50,-12.80083954334259,50,0,-12.948021292686462,-50,0,-16.06501340866089,0,0,-11.929484903812408,50,50,-12.032159864902496,-50,50,-8.960724547505379,0,50,-13.303021788597107,50],"normals":[0.026350050985764602,-0.9995387516387881,0.015098304057765537,0.022290537737531105,-0.9978145338622286,-0.06220360070506528,0.018279711326503453,-0.9979518064612327,0.061302888468505665,-0.051010922147758445,-0.9985908984307615,0.014632272307466413,0.045035908465508645,-0.9989340892996251,0.010121866617124052,0.14066187958111,-0.9899786053901489,-0.012513852423824903,0.017422690982236328,-0.9997474157956122,0.014196987318896234,-0.0050021665617953955,-0.9965844629320754,0.08242806907889423,-0.02735748153691169,-0.9958772072291299,-0.08648789698834373],"colors":[],"uvs":[],"faces":[0,1,3,1,4,3,3,4,6,4,7,6,1,2,4,2,5,4,4,5,7,5,8,7],"heightMap":[{"0":-0.21330659091472626,"1":-0.175543412566185,"2":-0.14004197716712952,"BYTES_PER_ELEMENT":4,"buffer":{"0":11,"1":109,"2":90,"3":190,"4":167,"5":193,"6":51,"7":190,"8":42,"9":103,"10":15,"11":190,"byteLength":12},"length":3,"byteOffset":0,"byteLength":12},{"0":-0.14740106463432312,"1":-0.30325067043304443,"2":-0.09647424519062042,"BYTES_PER_ELEMENT":4,"buffer":{"0":78,"1":240,"2":22,"3":190,"4":172,"5":67,"6":155,"7":190,"8":74,"9":148,"10":197,"11":189,"byteLength":12},"length":3,"byteOffset":0,"byteLength":12},{"0":-0.10160799324512482,"1":0.051963772624731064,"2":-0.16515108942985535,"BYTES_PER_ELEMENT":4,"buffer":{"0":218,"1":23,"2":208,"3":189,"4":247,"5":215,"6":84,"7":61,"8":94,"9":29,"10":41,"11":190,"byteLength":12},"length":3,"byteOffset":0,"byteLength":12}],"roughness":0.21049627314321695}