{"vertices":[-50,-10.799587965011597,-50,-50,-10.826638638973236,0,-50,-11.070813462138176,50,0,-7.37640380859375,-50,0,-15.339184999465942,0,0,-16.49619698524475,50,50,-8.336844593286514,-50,50,-8.988810032606125,0,50,-13.963970839977264,50],"normals":[0.06830378096779005,-0.9976644236292826,-0.0005397499009344523,0.02426832955516457,-0.9872641999019054,-0.15722737602800751,-0.019203640988934897,-0.999730607810348,-0.013035796098446696,-0.08988527224400292,-0.9959484630556653,-0.002701253538535235,0.01808931056657871,-0.9957413123979522,-0.09039920147451269,0.12580021479218023,-0.9904943837858674,-0.0556343567132405,-0.10787320503509758,-0.9941528057479093,-0.004854941710848492,-0.02873020970436892,-0.999319684928694,-0.023124497061744034,0.050331782618928844,-0.9938247954866636,-0.09888876343797773],"colors":[],"uvs":[],"faces":[0,1,3,1,4,3,3,4,6,4,7,6,1,2,4,2,5,4,4,5,7,5,8,7],"heightMap":[{"0":-0.039979398250579834,"1":-0.041331931948661804,"2":-0.0535406731069088,"BYTES_PER_ELEMENT":4,"buffer":{"0":112,"1":193,"2":35,"3":189,"4":172,"5":75,"6":41,"7":189,"8":119,"9":77,"10":91,"11":189,"byteLength":12},"length":3,"byteOffset":0,"byteLength":12},{"0":0.1311798095703125,"1":-0.2669592499732971,"2":-0.32480984926223755,"BYTES_PER_ELEMENT":4,"buffer":{"0":0,"1":84,"2":6,"3":62,"4":226,"5":174,"6":136,"7":190,"8":122,"9":77,"10":166,"11":190,"byteLength":12},"length":3,"byteOffset":0,"byteLength":12},{"0":0.08315777033567429,"1":0.050559498369693756,"2":-0.19819854199886322,"BYTES_PER_ELEMENT":4,"buffer":{"0":159,"1":78,"2":170,"3":61,"4":122,"5":23,"6":79,"7":61,"8":143,"9":244,"10":74,"11":190,"byteLength":12},"length":3,"byteOffset":0,"byteLength":12}],"roughness":0.24372748673893513}