{"vertices":[-50,-12.80083954334259,-50,-50,-13.32546591758728,0,-50,-11.616551876068115,50,0,-11.929484903812408,-50,0,-12.505229711532593,0,0,-11.888288110494614,50,50,-13.303021788597107,-50,50,-12.816317975521088,0,50,-12.5294229388237,50],"normals":[0.017423488272508173,-0.9997931658401793,-0.010490357271787064,-0.005018897419087525,-0.9999211162653086,-0.011513987816390443,-0.027459078387318134,-0.9995755735246359,0.009729944861841783,0.01640136850714974,-0.9997954483160314,0.011834552701244979,0.00509076155889967,-0.9999869571558747,0.00041190397559371056,-0.006221458708136818,-0.9999507259404214,0.007735576434054319,-0.005431473048353607,-0.9994016918311935,0.03415783168576673,-0.00912751103603307,-0.9998822318774211,0.01233737889967768,-0.012821431505957926,-0.9999013420759642,0.005737334644573019],"colors":[],"uvs":[],"faces":[0,1,3,1,4,3,3,4,6,4,7,6,1,2,4,2,5,4,4,5,7,5,8,7],"heightMap":[{"0":-0.14004197716712952,"1":-0.166273295879364,"2":-0.08082759380340576,"BYTES_PER_ELEMENT":4,"buffer":{"0":42,"1":103,"2":15,"3":190,"4":140,"5":67,"6":42,"7":190,"8":240,"9":136,"10":165,"11":189,"byteLength":12},"length":3,"byteOffset":0,"byteLength":12},{"0":-0.09647424519062042,"1":-0.12526148557662964,"2":-0.09441440552473068,"BYTES_PER_ELEMENT":4,"buffer":{"0":74,"1":148,"2":197,"3":189,"4":140,"5":68,"6":0,"7":190,"8":87,"9":92,"10":193,"11":189,"byteLength":12},"length":3,"byteOffset":0,"byteLength":12},{"0":-0.16515108942985535,"1":-0.14081589877605438,"2":-0.126471146941185,"BYTES_PER_ELEMENT":4,"buffer":{"0":94,"1":29,"2":41,"3":190,"4":11,"5":50,"6":16,"7":190,"8":167,"9":129,"10":1,"11":190,"byteLength":12},"length":3,"byteOffset":0,"byteLength":12}],"roughness":0.02}