{"vertices":[-50,-11.616551876068115,-50,-50,-12.461459338665009,0,-50,-12.808316349983215,50,0,-11.888288110494614,-50,0,-9.22016479074955,0,0,-13.814756274223328,50,50,-12.5294229388237,-50,50,-12.344897538423538,0,50,-9.978194173891097,50],"normals":[-0.00543386869427812,-0.9998424953790842,-0.01689548771534576,-0.009115238347711522,-0.9985377714776911,0.05328443827451789,-0.012821555233580438,-0.9999109911869658,0.0036901795202659493,0.0646855326959886,-0.9978348425259465,-0.011891547462632183,0.0011607256027747394,-0.9998157467902159,-0.01916051112047926,-0.062352781644535143,-0.9977298329105068,0.025442310067313383,-0.02012423791907664,-0.999773430802189,-0.006935568484067946,0.028106032337097096,-0.9954111025426449,-0.09147014748595358,0.07642128692214362,-0.9959605100035503,0.04714286179933697],"colors":[],"uvs":[],"faces":[0,1,3,1,4,3,3,4,6,4,7,6,1,2,4,2,5,4,4,5,7,5,8,7],"heightMap":[{"0":-0.08082759380340576,"1":-0.12307296693325043,"2":-0.14041581749916077,"BYTES_PER_ELEMENT":4,"buffer":{"0":240,"1":136,"2":165,"3":189,"4":174,"5":13,"6":252,"7":189,"8":42,"9":201,"10":15,"11":190,"byteLength":12},"length":3,"byteOffset":0,"byteLength":12},{"0":-0.09441440552473068,"1":0.03899176046252251,"2":-0.19073781371116638,"BYTES_PER_ELEMENT":4,"buffer":{"0":87,"1":92,"2":193,"3":189,"4":211,"5":181,"6":31,"7":61,"8":198,"9":80,"10":67,"11":190,"byteLength":12},"length":3,"byteOffset":0,"byteLength":12},{"0":-0.126471146941185,"1":-0.11724487692117691,"2":0.0010902913054451346,"BYTES_PER_ELEMENT":4,"buffer":{"0":167,"1":129,"2":1,"3":190,"4":21,"5":30,"6":240,"7":189,"8":27,"9":232,"10":142,"11":58,"byteLength":12},"length":3,"byteOffset":0,"byteLength":12}],"roughness":0.2555431730962661}