{"vertices":[-50,-20.812499523162842,-50,-50,-18.97952973842621,0,-50,-17.726221084594727,50,0,-20.35770058631897,-50,0,-20.894315242767334,0,0,-23.304953575134277,50,50,-22.04043984413147,-50,50,-16.37775421142578,0,50,-19.856836795806885,50],"normals":[0.009089497290620053,-0.999287438279609,0.03663327361266793,-0.01227216568189126,-0.9998671123925358,-0.010730866940210772,-0.03342232169069146,-0.9930927068920726,0.11247143606525084,-0.03824947511800051,-0.9987926854282847,0.03082449007125668,0.025890864482598298,-0.9992311912959799,-0.029439590308979278,0.08994400254578301,-0.9957133527216722,0.02156375704303691,-0.11085218513790251,-0.9935248313652459,0.024903865378930527,-0.021105199453103872,-0.9986173057329395,-0.048146103131296455,0.06863376884241924,-0.995235562407595,-0.06925013425057992],"colors":[],"uvs":[],"faces":[0,1,3,1,4,3,3,4,6,4,7,6,1,2,4,2,5,4,4,5,7,5,8,7],"heightMap":[{"0":-0.5406249761581421,"1":-0.4489764869213104,"2":-0.38631105422973633,"BYTES_PER_ELEMENT":4,"buffer":{"0":102,"1":102,"2":10,"3":191,"4":63,"5":224,"6":229,"7":190,"8":144,"9":202,"10":197,"11":190,"byteLength":12},"length":3,"byteOffset":0,"byteLength":12},{"0":-0.5178850293159485,"1":-0.5447157621383667,"2":-0.6652476787567139,"BYTES_PER_ELEMENT":4,"buffer":{"0":29,"1":148,"2":4,"3":191,"4":126,"5":114,"6":11,"7":191,"8":172,"9":77,"10":42,"11":191,"byteLength":12},"length":3,"byteOffset":0,"byteLength":12},{"0":-0.6020219922065735,"1":-0.31888771057128906,"2":-0.49284183979034424,"BYTES_PER_ELEMENT":4,"buffer":{"0":29,"1":30,"2":26,"3":191,"4":64,"5":69,"6":163,"7":190,"8":196,"9":85,"10":252,"11":190,"byteLength":12},"length":3,"byteOffset":0,"byteLength":12}],"roughness":0.23795995724658572}