{"vertices":[-50,-12.808316349983215,-50,-50,-13.750192821025848,0,-50,-12.804022133350372,50,0,-13.814756274223328,-50,0,-12.447184771299362,0,0,-12.941223084926605,50,50,-9.978194173891097,-50,50,-11.017742156982422,0,50,-12.621170282363892,50],"normals":[-0.020121153686971156,-0.9996202059533329,-0.018830375039324703,0.028213308671995785,-0.9992282335682897,0.027330321142900908,0.07648991656849947,-0.9968549259488821,-0.02072557055409624,0.026051316330785113,-0.999660605943821,0.0000429123053498978,0.02731322757495665,-0.9995888140079668,0.008728717522343688,0.0285672092485622,-0.9992429553463764,-0.026408914146334114,-0.002743517527749545,-0.9998172375011427,0.018919955263125024,0.001828387977204851,-0.9999495173818592,-0.009880267465594185,0.0063976362572127805,-0.9994657453373147,-0.03205142972858408],"colors":[],"uvs":[],"faces":[0,1,3,1,4,3,3,4,6,4,7,6,1,2,4,2,5,4,4,5,7,5,8,7],"heightMap":[{"0":-0.14041581749916077,"1":-0.18750964105129242,"2":-0.14020110666751862,"BYTES_PER_ELEMENT":4,"buffer":{"0":42,"1":201,"2":15,"3":190,"4":135,"5":2,"6":64,"7":190,"8":225,"9":144,"10":15,"11":190,"byteLength":12},"length":3,"byteOffset":0,"byteLength":12},{"0":-0.19073781371116638,"1":-0.12235923856496811,"2":-0.14706115424633026,"BYTES_PER_ELEMENT":4,"buffer":{"0":198,"1":80,"2":67,"3":190,"4":123,"5":151,"6":250,"7":189,"8":51,"9":151,"10":22,"11":190,"byteLength":12},"length":3,"byteOffset":0,"byteLength":12},{"0":0.0010902913054451346,"1":-0.050887107849121094,"2":-0.13105851411819458,"BYTES_PER_ELEMENT":4,"buffer":{"0":27,"1":232,"2":142,"3":58,"4":0,"5":111,"6":80,"7":189,"8":52,"9":52,"10":6,"11":190,"byteLength":12},"length":3,"byteOffset":0,"byteLength":12}],"roughness":0.02}