{"vertices":[-50,-12.804022133350372,-50,-50,-13.530342876911163,0,-50,-14.15260225534439,50,0,-12.941223084926605,-50,0,-12.252808064222336,0,0,-15.684713125228882,50,50,-12.621170282363892,-50,50,-16.555975079536438,0,50,-15.63518762588501,50],"normals":[-0.0027437192329651497,-0.999890744722954,-0.014524827783734581,0.0018283039471523718,-0.9999035592347995,0.013766972588657946,0.006381196608072553,-0.9968974739445019,-0.07845193925532039,0.02554003928405159,-0.9995829088327335,-0.013480161826188039,-0.030137693984811288,-0.9991710693531934,-0.02736591984336746,-0.08570791395763042,-0.9958701771580472,-0.02994567969225871,-0.030625472473037343,-0.9994535341736156,-0.012438386698955332,-0.014785755418652199,-0.9975436375651362,-0.06846950116669343,0.000990341583248461,-0.9998299829065718,0.018412618080897863],"colors":[],"uvs":[],"faces":[0,1,3,1,4,3,3,4,6,4,7,6,1,2,4,2,5,4,4,5,7,5,8,7],"heightMap":[{"0":-0.14020110666751862,"1":-0.17651714384555817,"2":-0.20763011276721954,"BYTES_PER_ELEMENT":4,"buffer":{"0":225,"1":144,"2":15,"3":190,"4":233,"5":192,"6":52,"7":190,"8":253,"9":156,"10":84,"11":190,"byteLength":12},"length":3,"byteOffset":0,"byteLength":12},{"0":-0.14706115424633026,"1":-0.11264040321111679,"2":-0.2842356562614441,"BYTES_PER_ELEMENT":4,"buffer":{"0":51,"1":151,"2":22,"3":190,"4":3,"5":176,"6":230,"7":189,"8":86,"9":135,"10":145,"11":190,"byteLength":12},"length":3,"byteOffset":0,"byteLength":12},{"0":-0.13105851411819458,"1":-0.3277987539768219,"2":-0.2817593812942505,"BYTES_PER_ELEMENT":4,"buffer":{"0":52,"1":52,"2":6,"3":190,"4":61,"5":213,"6":167,"7":190,"8":196,"9":66,"10":144,"11":190,"byteLength":12},"length":3,"byteOffset":0,"byteLength":12}],"roughness":0.12932206920348108}