{"vertices":[-50,-14.15260225534439,-50,-50,-9.8193453066051,0,-50,-12.301082760095596,50,0,-15.684713125228882,-50,0,-14.74372923374176,0,0,-12.430602014064789,50,50,-15.63518762588501,-50,50,-13.63771378993988,0,50,-13.409597873687744,50],"normals":[-0.030513571918010664,-0.9958016915678937,0.0863012919910583,-0.014817896752461082,-0.9997131852693161,0.01881428006891413,0.0009897200394758975,-0.9992024841626947,0.039917616378527206,-0.0979969864642017,-0.9950177312960161,0.01833862182564753,-0.03799811938484269,-0.9987493485653882,0.03249433278939697,0.02210943013821374,-0.9995082013598985,0.022237997060524893,-0.0025871914571397557,-0.9987671245215581,-0.04957355560480313,-0.011071831910222804,-0.9988703740207641,0.04621028502152693,-0.019575961408716175,-0.9997979672894399,0.004561396587505078],"colors":[],"uvs":[],"faces":[0,1,3,1,4,3,3,4,6,4,7,6,1,2,4,2,5,4,4,5,7,5,8,7],"heightMap":[{"0":-0.20763011276721954,"1":0.009032734669744968,"2":-0.11505413800477982,"BYTES_PER_ELEMENT":4,"buffer":{"0":253,"1":156,"2":84,"3":190,"4":9,"5":254,"6":19,"7":60,"8":129,"9":161,"10":235,"11":189,"byteLength":12},"length":3,"byteOffset":0,"byteLength":12},{"0":-0.2842356562614441,"1":-0.237186461687088,"2":-0.12153010070323944,"BYTES_PER_ELEMENT":4,"buffer":{"0":86,"1":135,"2":145,"3":190,"4":2,"5":225,"6":114,"7":190,"8":198,"9":228,"10":248,"11":189,"byteLength":12},"length":3,"byteOffset":0,"byteLength":12},{"0":-0.2817593812942505,"1":-0.18188568949699402,"2":-0.1704798936843872,"BYTES_PER_ELEMENT":4,"buffer":{"0":196,"1":66,"2":144,"3":190,"4":62,"5":64,"6":58,"7":190,"8":72,"9":146,"10":46,"11":190,"byteLength":12},"length":3,"byteOffset":0,"byteLength":12}],"roughness":0.04720897146387441}