{"vertices":[-50,-12.301082760095596,-50,-50,-15.883985757827759,0,-50,-18.869212865829468,50,0,-12.430602014064789,-50,0,-13.671689927577972,0,0,-14.636727571487427,50,50,-13.409597873687744,-50,50,-15.622140765190125,0,50,-15.558744668960571,50],"normals":[-0.002583751303587933,-0.9974390773600755,-0.07147454920657234,-0.011080258565371323,-0.9996307133896869,-0.02481259192729003,-0.01955703406906948,-0.9988312962120985,-0.044199141684883744,0.044107823254520485,-0.9968789583068631,-0.06547398271658267,0.0026132778913959057,-0.999753329205679,-0.022055646007846343,-0.038970394612833824,-0.9990099176389268,-0.021459096038388335,0.08419917403515077,-0.9946776914701589,-0.059386776166025584,0.03299296787014166,-0.9992694777073966,-0.019286653247947542,-0.018437192649624356,-0.9998292168416854,0.0012677053848802863],"colors":[],"uvs":[],"faces":[0,1,3,1,4,3,3,4,6,4,7,6,1,2,4,2,5,4,4,5,7,5,8,7],"heightMap":[{"0":-0.11505413800477982,"1":-0.29419928789138794,"2":-0.4434606432914734,"BYTES_PER_ELEMENT":4,"buffer":{"0":129,"1":161,"2":235,"3":189,"4":74,"5":161,"6":150,"7":190,"8":70,"9":13,"10":227,"11":190,"byteLength":12},"length":3,"byteOffset":0,"byteLength":12},{"0":-0.12153010070323944,"1":-0.18358449637889862,"2":-0.23183637857437134,"BYTES_PER_ELEMENT":4,"buffer":{"0":198,"1":228,"2":248,"3":189,"4":147,"5":253,"6":59,"7":190,"8":132,"9":102,"10":109,"11":190,"byteLength":12},"length":3,"byteOffset":0,"byteLength":12},{"0":-0.1704798936843872,"1":-0.2811070382595062,"2":-0.27793723344802856,"BYTES_PER_ELEMENT":4,"buffer":{"0":72,"1":146,"2":46,"3":190,"4":67,"5":237,"6":143,"7":190,"8":202,"9":77,"10":142,"11":190,"byteLength":12},"length":3,"byteOffset":0,"byteLength":12}],"roughness":0.13286703540534506}