{"vertices":[-50,-18.869212865829468,-50,-50,-22.716351747512817,0,-50,-21.779634952545166,50,0,-14.636727571487427,-50,0,-18.599384427070618,0,0,-19.087166786193848,50,50,-15.558744668960571,-50,50,-15.641132593154907,0,50,-18.197084665298462,50],"normals":[0.08410122994906198,-0.9935206397703018,-0.0764442376603049,0.03289657862810739,-0.99633464040579,-0.07896264586518036,-0.018437182443690102,-0.9998286633847981,-0.0016474761625254195,0.08202729339529415,-0.9962101592111213,-0.028928218451791988,0.07049714787130525,-0.996527946971346,-0.04429676113538752,0.059041305407304095,-0.9979087096373682,-0.0263121927190481,0.05376205128947031,-0.9983785873748253,0.018703959810601554,0.03578923755937503,-0.9993118075816428,-0.009748933420037461,0.01777561969543098,-0.9985381841817835,-0.05104431481947783],"colors":[],"uvs":[],"faces":[0,1,3,1,4,3,3,4,6,4,7,6,1,2,4,2,5,4,4,5,7,5,8,7],"heightMap":[{"0":-0.4434606432914734,"1":-0.6358175873756409,"2":-0.5889817476272583,"BYTES_PER_ELEMENT":4,"buffer":{"0":70,"1":13,"2":227,"3":190,"4":241,"5":196,"6":34,"7":191,"8":130,"9":199,"10":22,"11":191,"byteLength":12},"length":3,"byteOffset":0,"byteLength":12},{"0":-0.23183637857437134,"1":-0.4299692213535309,"2":-0.4543583393096924,"BYTES_PER_ELEMENT":4,"buffer":{"0":132,"1":102,"2":109,"3":190,"4":237,"5":36,"6":220,"7":190,"8":168,"9":161,"10":232,"11":190,"byteLength":12},"length":3,"byteOffset":0,"byteLength":12},{"0":-0.27793723344802856,"1":-0.28205662965774536,"2":-0.4098542332649231,"BYTES_PER_ELEMENT":4,"buffer":{"0":202,"1":77,"2":142,"3":190,"4":186,"5":105,"6":144,"7":190,"8":106,"9":216,"10":209,"11":190,"byteLength":12},"length":3,"byteOffset":0,"byteLength":12}],"roughness":0.08880818058092656}