{"vertices":[-50,-21.779634952545166,-50,-50,-24.037692546844482,0,-50,-22.645695209503174,50,0,-19.087166786193848,-50,0,-18.960037231445312,0,0,-23.36140513420105,50,50,-18.197084665298462,-50,50,-18.35700273513794,0,50,-19.79329526424408,50],"normals":[0.05371686532163028,-0.9975394694159813,-0.045050031490561346,0.03579082184732065,-0.9993560729915119,0.0025409538518931097,0.017798731424351656,-0.999836476124634,-0.003197838388339127,0.10102972161188456,-0.9948461970773051,-0.008604621540126417,0.056552026335980755,-0.9974926005075613,-0.042548563430007263,0.012058277510488803,-0.9997999769769861,-0.015956314746770412,-0.014307189981376756,-0.9995103803692731,0.027826315762380534,0.028351116429358888,-0.9957475389776012,-0.08765302514608063,0.07115197857201101,-0.99705419907472,-0.028641229944898535],"colors":[],"uvs":[],"faces":[0,1,3,1,4,3,3,4,6,4,7,6,1,2,4,2,5,4,4,5,7,5,8,7],"heightMap":[{"0":-0.5889817476272583,"1":-0.7018846273422241,"2":-0.6322847604751587,"BYTES_PER_ELEMENT":4,"buffer":{"0":130,"1":199,"2":22,"3":191,"4":182,"5":174,"6":51,"7":191,"8":106,"9":221,"10":33,"11":191,"byteLength":12},"length":3,"byteOffset":0,"byteLength":12},{"0":-0.4543583393096924,"1":-0.4480018615722656,"2":-0.6680702567100525,"BYTES_PER_ELEMENT":4,"buffer":{"0":168,"1":161,"2":232,"3":190,"4":128,"5":96,"6":229,"7":190,"8":167,"9":6,"10":43,"11":191,"byteLength":12},"length":3,"byteOffset":0,"byteLength":12},{"0":-0.4098542332649231,"1":-0.417850136756897,"2":-0.489664763212204,"BYTES_PER_ELEMENT":4,"buffer":{"0":106,"1":216,"2":209,"3":190,"4":116,"5":240,"6":213,"7":190,"8":87,"9":181,"10":250,"11":190,"byteLength":12},"length":3,"byteOffset":0,"byteLength":12}],"roughness":0.1111928014736797}