{"vertices":[-50,-22.645695209503174,-50,-50,-21.188414096832275,0,-50,-20.12219786643982,50,0,-23.36140513420105,-50,0,-21.195398569107056,0,0,-20.626195669174194,50,50,-19.79329526424408,-50,50,-20.250539779663086,0,50,-21.848299503326416,50],"normals":[-0.014306658271286871,-0.9994732347274748,0.02913026935176873,0.02843371140349852,-0.9986590608455018,0.04326204164163919,0.07117821909607495,-0.997421908100231,-0.009121313940751816,-0.00013964498933276184,-0.9996817500228032,0.025226556852308513,0.009373978350858783,-0.9995824112324831,0.02733370967382026,0.018889816826548864,-0.9996105787228342,-0.020539370137855867,-0.010077153321332199,-0.9997219498438195,0.021318395376061464,-0.01725643844038417,-0.9997863141371345,0.011381625386400872,-0.024422320306010242,-0.9991917062821468,-0.03192936529032109],"colors":[],"uvs":[],"faces":[0,1,3,1,4,3,3,4,6,4,7,6,1,2,4,2,5,4,4,5,7,5,8,7],"heightMap":[{"0":-0.6322847604751587,"1":-0.5594207048416138,"2":-0.506109893321991,"BYTES_PER_ELEMENT":4,"buffer":{"0":106,"1":221,"2":33,"3":191,"4":50,"5":54,"6":15,"7":191,"8":107,"9":144,"10":1,"11":191,"byteLength":12},"length":3,"byteOffset":0,"byteLength":12},{"0":-0.6680702567100525,"1":-0.5597699284553528,"2":-0.5313097834587097,"BYTES_PER_ELEMENT":4,"buffer":{"0":167,"1":6,"2":43,"3":191,"4":21,"5":77,"6":15,"7":191,"8":235,"9":3,"10":8,"11":191,"byteLength":12},"length":3,"byteOffset":0,"byteLength":12},{"0":-0.489664763212204,"1":-0.5125269889831543,"2":-0.5924149751663208,"BYTES_PER_ELEMENT":4,"buffer":{"0":87,"1":181,"2":250,"3":190,"4":248,"5":52,"6":3,"7":191,"8":130,"9":168,"10":23,"11":191,"byteLength":12},"length":3,"byteOffset":0,"byteLength":12}],"roughness":0.038219976075916214}