{"vertices":[-50,-20.12219786643982,-50,-50,-24.17678713798523,0,-50,-20.812499523162842,50,0,-20.626195669174194,-50,0,-19.903770685195923,0,0,-20.35770058631897,50,50,-21.848299503326416,-50,50,-22.721651792526245,0,50,-22.04043984413147,50],"normals":[-0.010046469298617416,-0.9966778867002588,-0.08082238933202843,-0.017255755812875643,-0.9997467606684204,0.014444840751164251,-0.024431054499685016,-0.9995490488184637,-0.017459168999062344,0.08514795761812075,-0.9963448369422788,-0.006840410216243183,0.01447701039737427,-0.999891599502543,0.0026842902600849763,-0.05626823028050648,-0.9984138460301354,-0.0019178937439581752,0.009075084225627904,-0.9977028847742546,0.06713118917037184,-0.012272366475180669,-0.99988348685443,-0.009077540246447973,-0.03363262411098827,-0.9993415187421686,0.01361526766188293],"colors":[],"uvs":[],"faces":[0,1,3,1,4,3,3,4,6,4,7,6,1,2,4,2,5,4,4,5,7,5,8,7],"heightMap":[{"0":-0.506109893321991,"1":-0.7088393568992615,"2":-0.5406249761581421,"BYTES_PER_ELEMENT":4,"buffer":{"0":107,"1":144,"2":1,"3":191,"4":127,"5":118,"6":53,"7":191,"8":102,"9":102,"10":10,"11":191,"byteLength":12},"length":3,"byteOffset":0,"byteLength":12},{"0":-0.5313097834587097,"1":-0.49518853425979614,"2":-0.5178850293159485,"BYTES_PER_ELEMENT":4,"buffer":{"0":235,"1":3,"2":8,"3":191,"4":90,"5":137,"6":253,"7":190,"8":29,"9":148,"10":4,"11":191,"byteLength":12},"length":3,"byteOffset":0,"byteLength":12},{"0":-0.5924149751663208,"1":-0.6360825896263123,"2":-0.6020219922065735,"BYTES_PER_ELEMENT":4,"buffer":{"0":130,"1":168,"2":23,"3":191,"4":79,"5":214,"6":34,"7":191,"8":29,"9":30,"10":26,"11":191,"byteLength":12},"length":3,"byteOffset":0,"byteLength":12}],"roughness":0.07557638106325462}