{"vertices":[-50,-10.261046700179577,-50,-50,-10.80639123916626,0,-50,-11.177013143897057,50,0,-8.645652830600739,-50,0,-10.455347560346127,0,0,-10.018687708070502,50,50,-7.6176634430885315,-50,50,-8.74916598200798,0,50,-10.431287810206413,50],"normals":[0.032289110614959135,-0.9994191269085811,-0.010900555260368665,0.02640641440419081,-0.99899716185126,-0.03615759797665652,0.020550184590431248,-0.9995329154206476,-0.022619480630640433,0.007020406062389598,-0.9999334108486674,-0.009159026545941822,0.020562194738498407,-0.999694442673078,-0.013719235988199758,0.03409030715016694,-0.9990234211581267,-0.02810791589427365,0.0231596587392946,-0.9997043155133857,-0.007410246351663369,0.007454922270510415,-0.9999340805563924,0.00873262135802234,-0.00824705566760192,-0.9994005848410233,-0.033622270777507304],"colors":[],"uvs":[],"faces":[0,1,3,1,4,3,3,4,6,4,7,6,1,2,4,2,5,4,4,5,7,5,8,7],"heightMap":[{"0":-0.013052335008978844,"1":-0.04031956195831299,"2":-0.05885065719485283,"BYTES_PER_ELEMENT":4,"buffer":{"0":118,"1":217,"2":85,"3":188,"4":32,"5":38,"6":37,"7":189,"8":99,"9":13,"10":113,"11":189,"byteLength":12},"length":3,"byteOffset":0,"byteLength":12},{"0":0.06771735846996307,"1":-0.022767378017306328,"2":-0.0009343854035250843,"BYTES_PER_ELEMENT":4,"buffer":{"0":102,"1":175,"2":138,"3":61,"4":167,"5":130,"6":186,"7":188,"8":139,"9":241,"10":116,"11":186,"byteLength":12},"length":3,"byteOffset":0,"byteLength":12},{"0":0.11911682784557343,"1":0.06254170089960098,"2":-0.021564390510320663,"BYTES_PER_ELEMENT":4,"buffer":{"0":134,"1":243,"2":243,"3":61,"4":221,"5":21,"6":128,"7":61,"8":206,"9":167,"10":176,"11":188,"byteLength":12},"length":3,"byteOffset":0,"byteLength":12}],"roughness":0.04712344695726643}