{"vertices":[-50,-12.667633891105652,-50,-50,-13.207018971443176,0,-50,-12.56279468536377,50,0,-10.887327045202255,-50,0,-11.471450328826904,0,0,-10.21715322509408,50,50,-10.965429246425629,-50,50,-12.938790917396545,0,50,-14.266131818294525,50],"normals":[0.03558151997084522,-0.9993086319001874,-0.010780243333989284,0.017012548558450896,-0.9997870529803778,-0.011679977926246185,-0.0015608269739349708,-0.9992208602872685,-0.03943648293050963,0.03469046118480061,-0.999397555734433,0.0010476138729272476,0.0026794630298121874,-0.9999739695767222,0.006699301966944991,-0.02931823150816597,-0.9990261203346557,-0.03297350740093968,0.04685741036727943,-0.9988186848021524,0.01286926508278877,-0.016956293530312017,-0.999541773122198,0.0250744470217429,-0.0806871098731332,-0.9963884473066018,-0.026450942785845682],"colors":[],"uvs":[],"faces":[0,1,3,1,4,3,3,4,6,4,7,6,1,2,4,2,5,4,4,5,7,5,8,7],"heightMap":[{"0":-0.1333816945552826,"1":-0.1603509485721588,"2":-0.12813973426818848,"BYTES_PER_ELEMENT":4,"buffer":{"0":54,"1":149,"2":8,"3":190,"4":10,"5":51,"6":36,"7":190,"8":16,"9":55,"10":3,"11":190,"byteLength":12},"length":3,"byteOffset":0,"byteLength":12},{"0":-0.04436635226011276,"1":-0.07357251644134521,"2":-0.010857661254703999,"BYTES_PER_ELEMENT":4,"buffer":{"0":126,"1":185,"2":53,"3":189,"4":48,"5":173,"6":150,"7":189,"8":85,"9":228,"10":49,"11":188,"byteLength":12},"length":3,"byteOffset":0,"byteLength":12},{"0":-0.04827146232128143,"1":-0.14693954586982727,"2":-0.21330659091472626,"BYTES_PER_ELEMENT":4,"buffer":{"0":76,"1":184,"2":69,"3":189,"4":82,"5":119,"6":22,"7":190,"8":11,"9":109,"10":90,"11":190,"byteLength":12},"length":3,"byteOffset":0,"byteLength":12}],"roughness":0.16438451011784766}