{"vertices":[-50,-12.56279468536377,-50,-50,-14.741073250770569,0,-50,-12.88263738155365,50,0,-10.21715322509408,-50,0,-12.912597358226776,0,0,-13.10027301311493,50,50,-14.266131818294525,-50,50,-13.5108682513237,0,50,-12.80083954334259,50],"normals":[0.046816981240978155,-0.9979568922608355,-0.043476562152235214,-0.016937196839583217,-0.998406839090302,-0.05382299713811029,-0.0807062043251968,-0.9966242407496156,0.015054279579962903,0.036544903529829253,-0.9993269169928088,-0.0031910812655404994,0.012288792705283873,-0.999509682001872,-0.028798978425688418,-0.011963277348879399,-0.999821108373834,0.014650298467680005,-0.004349667929614799,-0.9993005047958037,0.03714271804478191,0.0008179504779118182,-0.9999926211249559,-0.0037534854010589365,0.005987958306340407,-0.9998812609180077,0.014198887996482716],"colors":[],"uvs":[],"faces":[0,1,3,1,4,3,3,4,6,4,7,6,1,2,4,2,5,4,4,5,7,5,8,7],"heightMap":[{"0":-0.12813973426818848,"1":-0.23705366253852844,"2":-0.1441318690776825,"BYTES_PER_ELEMENT":4,"buffer":{"0":16,"1":55,"2":3,"3":190,"4":50,"5":190,"6":114,"7":190,"8":78,"9":151,"10":19,"11":190,"byteLength":12},"length":3,"byteOffset":0,"byteLength":12},{"0":-0.010857661254703999,"1":-0.1456298679113388,"2":-0.15501365065574646,"BYTES_PER_ELEMENT":4,"buffer":{"0":85,"1":228,"2":49,"3":188,"4":255,"5":31,"6":21,"7":190,"8":230,"9":187,"10":30,"11":190,"byteLength":12},"length":3,"byteOffset":0,"byteLength":12},{"0":-0.21330659091472626,"1":-0.175543412566185,"2":-0.14004197716712952,"BYTES_PER_ELEMENT":4,"buffer":{"0":11,"1":109,"2":90,"3":190,"4":167,"5":193,"6":51,"7":190,"8":42,"9":103,"10":15,"11":190,"byteLength":12},"length":3,"byteOffset":0,"byteLength":12}],"roughness":0.02}