{"vertices":[-50,-12.395246177911758,-50,-50,-10.320650674402714,0,-50,-11.187164559960365,50,0,-11.348469406366348,-50,0,-9.348013550043106,0,0,-12.56456345319748,50,50,-11.070813462138176,-50,50,-10.33510074019432,0,50,-14.130403697490692,50],"normals":[0.020912962917334334,-0.9989218086325824,0.041447173850925556,0.013231799703726085,-0.9991131207584788,0.03997363387101379,0.005552432239921502,-0.999876349731346,0.014712435017362694,0.01944764686702046,-0.999738051322324,0.0120672188004575,-0.00014443471864336794,-0.9999264541063475,-0.012127057224180284,-0.019728707248704628,-0.9993396452486802,-0.030513137245074824,-0.027533399628070776,-0.9994708055617338,-0.01732110662457468,-0.02935891225745167,-0.997506985342619,-0.06417061994199223,-0.031211759446515566,-0.9966457165815117,-0.07565144871037145],"colors":[],"uvs":[],"faces":[0,1,3,1,4,3,3,4,6,4,7,6,1,2,4,2,5,4,4,5,7,5,8,7],"heightMap":[{"0":-0.11976230889558792,"1":-0.01603253372013569,"2":-0.059358227998018265,"BYTES_PER_ELEMENT":4,"buffer":{"0":241,"1":69,"2":245,"3":189,"4":169,"5":86,"6":131,"7":188,"8":157,"9":33,"10":115,"11":189,"byteLength":12},"length":3,"byteOffset":0,"byteLength":12},{"0":-0.06742347031831741,"1":0.032599322497844696,"2":-0.12822817265987396,"BYTES_PER_ELEMENT":4,"buffer":{"0":81,"1":21,"2":138,"3":189,"4":222,"5":134,"6":5,"7":61,"8":63,"9":78,"10":3,"11":190,"byteLength":12},"length":3,"byteOffset":0,"byteLength":12},{"0":-0.0535406731069088,"1":-0.016755037009716034,"2":-0.2065201848745346,"BYTES_PER_ELEMENT":4,"buffer":{"0":119,"1":77,"2":91,"3":189,"4":220,"5":65,"6":137,"7":188,"8":7,"9":122,"10":83,"11":190,"byteLength":12},"length":3,"byteOffset":0,"byteLength":12}],"roughness":0.14937004916602747}