{"vertices":[-50,-10.077284406870604,-50,-50,-11.387393474578857,0,-50,-12.876655459403992,50,0,-10.709855780005455,-50,0,-11.858529597520828,0,0,-6.284556984901428,50,50,-11.261563748121262,-50,50,-4.969761371612549,0,50,-6.89062625169754,50],"normals":[-0.012646075429780529,-0.9995769621307727,-0.02619109683919591,-0.01183883197358406,-0.9996661511629513,-0.02296580668194495,-0.010947165988144787,-0.9921159944029406,0.12484395542713454,-0.009418614811131518,-0.9995640699674813,-0.027981417495970242,0.0636430006285612,-0.9970056336303382,0.04392419584193474,0.13635996032577968,-0.989726725112752,0.04297639837793499,0.13065388305600656,-0.9909885566891932,-0.02951683169747886,0.05908649216055352,-0.9921071133248012,0.11059955756914668,-0.012111561897035153,-0.9991895778729204,-0.03838616337366081],"colors":[],"uvs":[],"faces":[0,1,3,1,4,3,3,4,6,4,7,6,1,2,4,2,5,4,4,5,7,5,8,7],"heightMap":[{"0":-0.003864220343530178,"1":-0.06936967372894287,"2":-0.14383277297019958,"BYTES_PER_ELEMENT":4,"buffer":{"0":220,"1":62,"2":125,"3":187,"4":176,"5":17,"6":142,"7":189,"8":230,"9":72,"10":19,"11":190,"byteLength":12},"length":3,"byteOffset":0,"byteLength":12},{"0":-0.03549278900027275,"1":-0.09292647987604141,"2":0.1857721507549286,"BYTES_PER_ELEMENT":4,"buffer":{"0":227,"1":96,"2":17,"3":189,"4":61,"5":80,"6":190,"7":189,"8":14,"9":59,"10":62,"11":62,"byteLength":12},"length":3,"byteOffset":0,"byteLength":12},{"0":-0.06307818740606308,"1":0.25151193141937256,"2":0.15546868741512299,"BYTES_PER_ELEMENT":4,"buffer":{"0":35,"1":47,"2":129,"3":189,"4":44,"5":198,"6":128,"7":62,"8":47,"9":51,"10":31,"11":62,"byteLength":12},"length":3,"byteOffset":0,"byteLength":12}],"roughness":0.2328712037019432}