{"vertices":[-50,-12.876655459403992,-50,-50,-13.106629252433777,0,-50,-12.667633891105652,50,0,-6.284556984901428,-50,0,-11.51812195777893,0,0,-10.887327045202255,50,50,-6.89062625169754,-50,50,-8.498533219099045,0,50,-10.965429246425629,50],"normals":[0.13070947697512372,-0.9914102275678381,-0.0045599674096459646,0.05912889691856081,-0.9928264285744707,-0.10392043241468835,-0.012114233544415534,-0.999409985632128,-0.03213916558377072,0.03175405525579972,-0.9994935296378132,0.0020890636556447667,0.045974538387017753,-0.9978933218525962,-0.045774010334376676,0.06023215049788228,-0.9973568540365993,-0.040637344310594306,0.035582217983907656,-0.9993282356292872,0.008774009197709532,0.017012355847125578,-0.999775719971759,0.012613068757517366,-0.0015601444021209926,-0.9987838868068246,-0.04927792005043121],"colors":[],"uvs":[],"faces":[0,1,3,1,4,3,3,4,6,4,7,6,1,2,4,2,5,4,4,5,7,5,8,7],"heightMap":[{"0":-0.14383277297019958,"1":-0.15533146262168884,"2":-0.1333816945552826,"BYTES_PER_ELEMENT":4,"buffer":{"0":230,"1":72,"2":19,"3":190,"4":54,"5":15,"6":31,"7":190,"8":54,"9":149,"10":8,"11":190,"byteLength":12},"length":3,"byteOffset":0,"byteLength":12},{"0":0.1857721507549286,"1":-0.07590609788894653,"2":-0.04436635226011276,"BYTES_PER_ELEMENT":4,"buffer":{"0":14,"1":59,"2":62,"3":62,"4":168,"5":116,"6":155,"7":189,"8":126,"9":185,"10":53,"11":189,"byteLength":12},"length":3,"byteOffset":0,"byteLength":12},{"0":0.15546868741512299,"1":0.07507333904504776,"2":-0.04827146232128143,"BYTES_PER_ELEMENT":4,"buffer":{"0":47,"1":51,"2":31,"3":62,"4":13,"5":192,"6":153,"7":61,"8":76,"9":184,"10":69,"11":189,"byteLength":12},"length":3,"byteOffset":0,"byteLength":12}],"roughness":0.06579119916653325}