{"vertices":[-50,-11.7889803647995,-50,-50,-8.813745081424713,0,-50,-10.261046700179577,50,0,-11.559998840093613,-50,0,-10.500042326748371,0,0,-8.645652830600739,50,50,-12.22608596086502,-50,50,-8.827401027083397,0,50,-7.6176634430885315,50],"normals":[0.004571496391563263,-0.998223851779107,0.05939901649038965,-0.004369682474658097,-0.9997658291822881,0.021194166049235446,-0.013289898812134755,-0.9976096517782443,0.06781121786587703,-0.033702866543820355,-0.9993157089381247,0.0152391159921675,-0.00013634781294474864,-0.9995756438268447,0.02912925809941978,0.033398750098189205,-0.9983835178791439,0.04598776705977027,0.032277523811669755,-0.9990604898137032,-0.028918837282827993,0.02640555134838604,-0.9989645088123106,0.03704938584331656,0.020549432511577932,-0.9994963353322512,0.02418256563833119],"colors":[],"uvs":[],"faces":[0,1,3,1,4,3,3,4,6,4,7,6,1,2,4,2,5,4,4,5,7,5,8,7],"heightMap":[{"0":-0.08944901823997498,"1":0.05931274592876434,"2":-0.013052335008978844,"BYTES_PER_ELEMENT":4,"buffer":{"0":12,"1":49,"2":183,"3":189,"4":236,"5":241,"6":114,"7":61,"8":118,"9":217,"10":85,"11":188,"byteLength":12},"length":3,"byteOffset":0,"byteLength":12},{"0":-0.07799994200468063,"1":-0.025002116337418556,"2":0.06771735846996307,"BYTES_PER_ELEMENT":4,"buffer":{"0":111,"1":190,"2":159,"3":189,"4":61,"5":209,"6":204,"7":188,"8":102,"9":175,"10":138,"11":61,"byteLength":12},"length":3,"byteOffset":0,"byteLength":12},{"0":-0.11130429804325104,"1":0.058629948645830154,"2":0.11911682784557343,"BYTES_PER_ELEMENT":4,"buffer":{"0":130,"1":243,"2":227,"3":189,"4":245,"5":37,"6":112,"7":61,"8":134,"9":243,"10":243,"11":61,"byteLength":12},"length":3,"byteOffset":0,"byteLength":12}],"roughness":0.1989349248277722}