{"vertices":[-50,-11.187164559960365,-50,-50,-10.913387387990952,0,-50,-11.7889803647995,50,0,-12.56456345319748,-50,0,-12.00508251786232,0,0,-11.559998840093613,50,50,-14.130403697490692,-50,50,-12.375442534685135,0,50,-12.22608596086502,50],"normals":[-0.02753711836609795,-0.9996057968865212,0.00547338496311648,-0.02941770723310209,-0.9995046347819349,0.011184075758792477,-0.031282214966348906,-0.9988954837621072,0.035060455594087346,-0.02182830514102428,-0.99974363463526,-0.006015820887473245,-0.014617491465784936,-0.9998427106021384,0.010044052917841672,-0.007405655224753736,-0.9997914040889433,0.01903430010668617,0.004578880447383508,-0.9998362211241297,-0.017508991463501725,-0.004370490938906861,-0.9999508321956476,0.008901235879630367,-0.013320501057349282,-0.9999068171384669,0.0029868531269435354],"colors":[],"uvs":[],"faces":[0,1,3,1,4,3,3,4,6,4,7,6,1,2,4,2,5,4,4,5,7,5,8,7],"heightMap":[{"0":-0.059358227998018265,"1":-0.04566936939954758,"2":-0.08944901823997498,"BYTES_PER_ELEMENT":4,"buffer":{"0":157,"1":33,"2":115,"3":189,"4":206,"5":15,"6":59,"7":189,"8":12,"9":49,"10":183,"11":189,"byteLength":12},"length":3,"byteOffset":0,"byteLength":12},{"0":-0.12822817265987396,"1":-0.100254125893116,"2":-0.07799994200468063,"BYTES_PER_ELEMENT":4,"buffer":{"0":63,"1":78,"2":3,"3":190,"4":9,"5":82,"6":205,"7":189,"8":111,"9":190,"10":159,"11":189,"byteLength":12},"length":3,"byteOffset":0,"byteLength":12},{"0":-0.2065201848745346,"1":-0.11877212673425674,"2":-0.11130429804325104,"BYTES_PER_ELEMENT":4,"buffer":{"0":7,"1":122,"2":83,"3":190,"4":205,"5":62,"6":243,"7":189,"8":130,"9":243,"10":227,"11":189,"byteLength":12},"length":3,"byteOffset":0,"byteLength":12}],"roughness":0.04200931442203}