{"vertices":[-50,-11.177013143897057,-50,-50,-12.745376527309418,0,-50,-10.077284406870604,50,0,-10.018687708070502,-50,0,-10.443155840039253,0,0,-10.709855780005455,50,50,-10.431287810206413,-50,50,-11.205407232046127,0,50,-11.261563748121262,50],"normals":[0.023148915367285007,-0.9992405696748973,-0.03134344641396434,0.007454937914070922,-0.9999361798741566,-0.008488820847183056,-0.00825073235316032,-0.9998461355739687,-0.01548000624798386,0.045992916793766964,-0.9988815809031455,0.010965351669446163,0.01538306092264107,-0.9998577918532802,-0.00691068064181111,-0.015242731393966223,-0.9998493642520473,-0.008301080919256652,-0.01263244540132719,-0.9984996110971819,0.053281778892592224,-0.011841786838902786,-0.99991565911347,-0.005333548925136551,-0.011033480746363436,-0.9999384986268176,-0.0011230612474456504],"colors":[],"uvs":[],"faces":[0,1,3,1,4,3,3,4,6,4,7,6,1,2,4,2,5,4,4,5,7,5,8,7],"heightMap":[{"0":-0.05885065719485283,"1":-0.1372688263654709,"2":-0.003864220343530178,"BYTES_PER_ELEMENT":4,"buffer":{"0":99,"1":13,"2":113,"3":189,"4":51,"5":144,"6":12,"7":190,"8":220,"9":62,"10":125,"11":187,"byteLength":12},"length":3,"byteOffset":0,"byteLength":12},{"0":-0.0009343854035250843,"1":-0.022157792001962662,"2":-0.03549278900027275,"BYTES_PER_ELEMENT":4,"buffer":{"0":139,"1":241,"2":116,"3":186,"4":66,"5":132,"6":181,"7":188,"8":227,"9":96,"10":17,"11":189,"byteLength":12},"length":3,"byteOffset":0,"byteLength":12},{"0":-0.021564390510320663,"1":-0.060270361602306366,"2":-0.06307818740606308,"BYTES_PER_ELEMENT":4,"buffer":{"0":206,"1":167,"2":176,"3":188,"4":14,"5":222,"6":118,"7":189,"8":35,"9":47,"10":129,"11":189,"byteLength":12},"length":3,"byteOffset":0,"byteLength":12}],"roughness":0.02}