{"vertices":[-50,-11.113678589463234,-50,-50,-8.787063509225845,0,-50,-12.395246177911758,50,0,-10.945003777742386,-50,0,-11.063682734966278,0,0,-11.348469406366348,50,50,-10.799587965011597,-50,50,-10.826638638973236,0,50,-11.070813462138176,50],"normals":[0.003369830781151068,-0.9989134556521813,0.046481742195448136,0.0031408817341679737,-0.9999922505056207,-0.0023735607504396052,0.0029083035293629537,-0.9999956245292065,-0.0005410111120441107,-0.045481557909722636,-0.9988837262614813,-0.012756539502651503,-0.020378479337751092,-0.9997841998367726,-0.004033774488669014,0.00474081120592904,-0.9999850842242022,-0.0027122017301557068,0.02087668465277662,-0.9971889528058261,-0.07196079793838073,0.013242167895713662,-0.9998960997779328,-0.005695141640033399,0.005552967052785471,-0.9999726582878682,-0.004883362940144301],"colors":[],"uvs":[],"faces":[0,1,3,1,4,3,3,4,6,4,7,6,1,2,4,2,5,4,4,5,7,5,8,7],"heightMap":[{"0":-0.0556839294731617,"1":0.06064682453870773,"2":-0.11976230889558792,"BYTES_PER_ELEMENT":4,"buffer":{"0":213,"1":20,"2":100,"3":189,"4":206,"5":104,"6":120,"7":61,"8":241,"9":69,"10":245,"11":189,"byteLength":12},"length":3,"byteOffset":0,"byteLength":12},{"0":-0.04725018888711929,"1":-0.053184136748313904,"2":-0.06742347031831741,"BYTES_PER_ELEMENT":4,"buffer":{"0":106,"1":137,"2":65,"3":189,"4":156,"5":215,"6":89,"7":189,"8":81,"9":21,"10":138,"11":189,"byteLength":12},"length":3,"byteOffset":0,"byteLength":12},{"0":-0.039979398250579834,"1":-0.041331931948661804,"2":-0.0535406731069088,"BYTES_PER_ELEMENT":4,"buffer":{"0":112,"1":193,"2":35,"3":189,"4":172,"5":75,"6":41,"7":189,"8":119,"9":77,"10":91,"11":189,"byteLength":12},"length":3,"byteOffset":0,"byteLength":12}],"roughness":0.02}