{"vertices":[-50,-12.88263738155365,-50,-50,-12.311002314090729,0,-50,-12.212263941764832,50,0,-13.10027301311493,-50,0,-14.613220989704132,0,0,-13.319602608680725,50,50,-12.80083954334259,-50,50,-13.32546591758728,0,50,-11.616551876068115,50],"normals":[-0.004352386970031743,-0.9999251820137387,0.011431845977565943,0.000817582054507771,-0.9995421777514288,-0.03024510630689179,0.005988232398293131,-0.9999270293407783,-0.010491761838246324,-0.04599461075122766,-0.9989192433897023,0.006696339865029827,-0.010131045923938008,-0.9999462782751127,-0.002191454365900276,0.025744761342852758,-0.9995985222769388,0.011832224015790427,-0.022141300914442226,-0.9997529019784488,0.001974279485388886,0.005950326015747334,-0.9996477808045829,0.025863254875961323,0.034021431500537685,-0.9988378751449821,0.03413856140072853],"colors":[],"uvs":[],"faces":[0,1,3,1,4,3,3,4,6,4,7,6,1,2,4,2,5,4,4,5,7,5,8,7],"heightMap":[{"0":-0.1441318690776825,"1":-0.11555011570453644,"2":-0.11061319708824158,"BYTES_PER_ELEMENT":4,"buffer":{"0":78,"1":151,"2":19,"3":190,"4":138,"5":165,"6":236,"7":189,"8":44,"9":137,"10":226,"11":189,"byteLength":12},"length":3,"byteOffset":0,"byteLength":12},{"0":-0.15501365065574646,"1":-0.2306610494852066,"2":-0.16598013043403625,"BYTES_PER_ELEMENT":4,"buffer":{"0":230,"1":187,"2":30,"3":190,"4":105,"5":50,"6":108,"7":190,"8":178,"9":246,"10":41,"11":190,"byteLength":12},"length":3,"byteOffset":0,"byteLength":12},{"0":-0.14004197716712952,"1":-0.166273295879364,"2":-0.08082759380340576,"BYTES_PER_ELEMENT":4,"buffer":{"0":42,"1":103,"2":15,"3":190,"4":140,"5":67,"6":42,"7":190,"8":240,"9":136,"10":165,"11":189,"byteLength":12},"length":3,"byteOffset":0,"byteLength":12}],"roughness":0.12439529990777373}