{"vertices":[-50,-17.150619626045227,-50,-50,-17.335504293441772,0,-50,-19.041536450386047,50,0,-14.988899230957031,-50,0,-18.902376890182495,0,0,-18.11619758605957,50,50,-20.812499523162842,-50,50,-18.97952973842621,0,50,-17.726221084594727,50],"normals":[0.04319376253924422,-0.9990598839097775,-0.00369421708691781,-0.036253685560039335,-0.9962955640371737,-0.07797960863689823,-0.11561331823805111,-0.9926275193782242,0.03638912501036724,-0.03131648587430236,-0.9993309583511865,-0.018892151634577675,-0.016426406328921478,-0.9993786484259035,-0.031184775861489544,-0.0015423208145916268,-0.9995229273452645,0.030847025102234426,0.01849285076472162,-0.9992474907115213,-0.03409496703799462,0.013150014137466212,-0.9997899528492898,0.015720283388002926,0.007796843911265935,-0.9996556051427649,0.02505754041553148],"colors":[],"uvs":[],"faces":[0,1,3,1,4,3,3,4,6,4,7,6,1,2,4,2,5,4,4,5,7,5,8,7],"heightMap":[{"0":-0.35753098130226135,"1":-0.3667752146720886,"2":-0.45207682251930237,"BYTES_PER_ELEMENT":4,"buffer":{"0":77,"1":14,"2":183,"3":190,"4":246,"5":201,"6":187,"7":190,"8":157,"9":118,"10":231,"11":190,"byteLength":12},"length":3,"byteOffset":0,"byteLength":12},{"0":-0.24944496154785156,"1":-0.44511884450912476,"2":-0.4058098793029785,"BYTES_PER_ELEMENT":4,"buffer":{"0":128,"1":110,"2":127,"3":190,"4":158,"5":230,"6":227,"7":190,"8":80,"9":198,"10":207,"11":190,"byteLength":12},"length":3,"byteOffset":0,"byteLength":12},{"0":-0.5406249761581421,"1":-0.4489764869213104,"2":-0.38631105422973633,"BYTES_PER_ELEMENT":4,"buffer":{"0":102,"1":102,"2":10,"3":191,"4":63,"5":224,"6":229,"7":190,"8":144,"9":202,"10":197,"11":190,"byteLength":12},"length":3,"byteOffset":0,"byteLength":12}],"roughness":0.02}