{"vertices":[-50,-12.212263941764832,-50,-50,-12.520440518856049,0,-50,-12.822765111923218,50,0,-13.319602608680725,-50,0,-11.460810601711273,0,0,-13.166904151439667,50,50,-11.616551876068115,-50,50,-12.461459338665009,0,50,-12.808316349983215,50],"normals":[-0.022140923718570495,-0.9997358703384003,-0.00616190357032394,0.00594821168778915,-0.9992920153416215,0.03714952021490802,0.03403642030878638,-0.9992779327416722,-0.016885947651636705,0.021187446210023966,-0.9997568899863915,-0.006103527491214204,0.0005895610779896214,-0.9999986633264382,0.0015250452689263012,-0.020007548003758664,-0.9997288391462641,-0.011914117765926146,-0.0068824919632015065,-0.9999580362739608,-0.006046238128015417,0.00014439645529032517,-0.9994183463978354,-0.03410202388539128,0.007171399052943675,-0.9999502247170841,-0.006936794928246741],"colors":[],"uvs":[],"faces":[0,1,3,1,4,3,3,4,6,4,7,6,1,2,4,2,5,4,4,5,7,5,8,7],"heightMap":[{"0":-0.11061319708824158,"1":-0.12602202594280243,"2":-0.1411382555961609,"BYTES_PER_ELEMENT":4,"buffer":{"0":44,"1":137,"2":226,"3":189,"4":235,"5":11,"6":1,"7":190,"8":140,"9":134,"10":16,"11":190,"byteLength":12},"length":3,"byteOffset":0,"byteLength":12},{"0":-0.16598013043403625,"1":-0.07304053008556366,"2":-0.15834520757198334,"BYTES_PER_ELEMENT":4,"buffer":{"0":178,"1":246,"2":41,"3":190,"4":70,"5":150,"6":149,"7":189,"8":63,"9":37,"10":34,"11":190,"byteLength":12},"length":3,"byteOffset":0,"byteLength":12},{"0":-0.08082759380340576,"1":-0.12307296693325043,"2":-0.14041581749916077,"BYTES_PER_ELEMENT":4,"buffer":{"0":240,"1":136,"2":165,"3":189,"4":174,"5":13,"6":252,"7":189,"8":42,"9":201,"10":15,"11":190,"byteLength":12},"length":3,"byteOffset":0,"byteLength":12}],"roughness":0.06207343790469225}