{"vertices":[-50,-12.822765111923218,-50,-50,-13.723507821559906,0,-50,-13.939154148101807,50,0,-13.166904151439667,-50,0,-15.611323714256287,0,0,-15.226983428001404,50,50,-12.808316349983215,-50,50,-13.750192821025848,0,50,-12.804022133350372,50],"normals":[-0.0068815012678255846,-0.9998140980306691,-0.01801150519586213,0.00014430814938498862,-0.9988070901140427,-0.048830071811094174,0.007170299578732449,-0.9997969185802384,-0.018833703868633072,-0.03772708766054748,-0.9992258198086683,-0.011154724754475433,-0.00026641948416706907,-0.9997881740565053,-0.020579991190896645,0.037196858193418676,-0.9993079564880741,0.000042897177986761214,-0.025747807053183146,-0.9996591728055181,-0.0043114565681885006,0.011334650780002948,-0.9999062204983105,0.0076860848602871715,0.048393783862379344,-0.9986495444482388,0.018897858524347822],"colors":[],"uvs":[],"faces":[0,1,3,1,4,3,3,4,6,4,7,6,1,2,4,2,5,4,4,5,7,5,8,7],"heightMap":[{"0":-0.1411382555961609,"1":-0.1861753910779953,"2":-0.19695770740509033,"BYTES_PER_ELEMENT":4,"buffer":{"0":140,"1":134,"2":16,"3":190,"4":195,"5":164,"6":62,"7":190,"8":72,"9":175,"10":73,"11":190,"byteLength":12},"length":3,"byteOffset":0,"byteLength":12},{"0":-0.15834520757198334,"1":-0.28056618571281433,"2":-0.2613491714000702,"BYTES_PER_ELEMENT":4,"buffer":{"0":63,"1":37,"2":34,"3":190,"4":95,"5":166,"6":143,"7":190,"8":143,"9":207,"10":133,"11":190,"byteLength":12},"length":3,"byteOffset":0,"byteLength":12},{"0":-0.14041581749916077,"1":-0.18750964105129242,"2":-0.14020110666751862,"BYTES_PER_ELEMENT":4,"buffer":{"0":42,"1":201,"2":15,"3":190,"4":135,"5":2,"6":64,"7":190,"8":225,"9":144,"10":15,"11":190,"byteLength":12},"length":3,"byteOffset":0,"byteLength":12}],"roughness":0.12963804403001233}