{"vertices":[-50,-13.939154148101807,-50,-50,-14.951137006282806,0,-50,-14.34251070022583,50,0,-15.226983428001404,-50,0,-13.556066751480103,0,0,-14.197781383991241,50,50,-12.804022133350372,-50,50,-13.530342876911163,0,50,-14.15260225534439,50],"normals":[-0.025742777716208174,-0.999463908687305,-0.02022880685924265,0.011328678785721606,-0.9993779390228827,0.03339754528921646,0.048397333498492526,-0.9987227944031807,-0.014507861652840588,0.02789032438623719,-0.9996028619426606,-0.004030905812928315,0.01420309560378774,-0.9998462342208497,0.010284939944176905,0.000514430646594734,-0.9999089468736044,-0.013484558696120797,0.002894359778961215,-0.9999217346780694,0.012171573434463947,0.0018989227551802098,-0.9999158478323589,-0.012833212616676122,0.0009035122376286881,-0.999922159512113,-0.01244421882919236],"colors":[],"uvs":[],"faces":[0,1,3,1,4,3,3,4,6,4,7,6,1,2,4,2,5,4,4,5,7,5,8,7],"heightMap":[{"0":-0.19695770740509033,"1":-0.24755685031414032,"2":-0.2171255350112915,"BYTES_PER_ELEMENT":4,"buffer":{"0":72,"1":175,"2":73,"3":190,"4":139,"5":127,"6":125,"7":190,"8":40,"9":86,"10":94,"11":190,"byteLength":12},"length":3,"byteOffset":0,"byteLength":12},{"0":-0.2613491714000702,"1":-0.17780333757400513,"2":-0.20988906919956207,"BYTES_PER_ELEMENT":4,"buffer":{"0":143,"1":207,"2":133,"3":190,"4":20,"5":18,"6":54,"7":190,"8":41,"9":237,"10":86,"11":190,"byteLength":12},"length":3,"byteOffset":0,"byteLength":12},{"0":-0.14020110666751862,"1":-0.17651714384555817,"2":-0.20763011276721954,"BYTES_PER_ELEMENT":4,"buffer":{"0":225,"1":144,"2":15,"3":190,"4":233,"5":192,"6":52,"7":190,"8":253,"9":156,"10":84,"11":190,"byteLength":12},"length":3,"byteOffset":0,"byteLength":12}],"roughness":0.02}