{"vertices":[-50,-14.34251070022583,-50,-50,-17.232577800750732,0,-50,-18.725832104682922,50,0,-14.197781383991241,-50,0,-13.070566952228546,0,0,-15.862584114074707,50,50,-14.15260225534439,-50,50,-9.8193453066051,0,50,-12.301082760095596,50],"normals":[0.002889750942181777,-0.9983295082724783,-0.05770478534682985,0.001898596730143497,-0.9997441724727486,0.022538521185638708,0.0009002078695172955,-0.9962651964294231,0.08634146170429825,0.08287432479679337,-0.9956043822689664,-0.04363210167188054,0.07391325030675684,-0.9971269250322377,-0.016574884761141998,0.06487642911737634,-0.9977238741121849,0.01838803881742424,0.05714590037718045,-0.9979209024964937,-0.02980299365273569,0.06401289999355286,-0.9963968258932383,-0.05563914075805925,0.07096309317650641,-0.9962525087519961,-0.04944874328207393],"colors":[],"uvs":[],"faces":[0,1,3,1,4,3,3,4,6,4,7,6,1,2,4,2,5,4,4,5,7,5,8,7],"heightMap":[{"0":-0.2171255350112915,"1":-0.3616288900375366,"2":-0.4362916052341461,"BYTES_PER_ELEMENT":4,"buffer":{"0":40,"1":86,"2":94,"3":190,"4":108,"5":39,"6":185,"7":190,"8":157,"9":97,"10":223,"11":190,"byteLength":12},"length":3,"byteOffset":0,"byteLength":12},{"0":-0.20988906919956207,"1":-0.1535283476114273,"2":-0.29312920570373535,"BYTES_PER_ELEMENT":4,"buffer":{"0":41,"1":237,"2":86,"3":190,"4":137,"5":54,"6":29,"7":190,"8":8,"9":21,"10":150,"11":190,"byteLength":12},"length":3,"byteOffset":0,"byteLength":12},{"0":-0.20763011276721954,"1":0.009032734669744968,"2":-0.11505413800477982,"BYTES_PER_ELEMENT":4,"buffer":{"0":253,"1":156,"2":84,"3":190,"4":9,"5":254,"6":19,"7":60,"8":129,"9":161,"10":235,"11":189,"byteLength":12},"length":3,"byteOffset":0,"byteLength":12}],"roughness":0.19901111896376222}