{"vertices":[-50,-18.725832104682922,-50,-50,-24.121968746185303,0,-50,-22.424925565719604,50,0,-15.862584114074707,-50,0,-18.0055433511734,0,0,-20.720418691635132,50,50,-12.301082760095596,-50,50,-15.883985757827759,0,50,-18.869212865829468,50],"normals":[0.05684230027767159,-0.9926192293528348,-0.10712617989141372,0.06405364771783387,-0.9970311486260094,-0.04273194219246455,0.07086920810747853,-0.994934454093348,-0.07129507276236138,0.12134241245401771,-0.9919389563140548,-0.036511996472702556,0.08187705563182274,-0.9954686242013989,-0.0483566540575088,0.04230202889050954,-0.9969568826034159,-0.06547910034068415,0.034050761479817775,-0.9988449444683868,0.033901660027054296,0.03548239413705176,-0.9979003696785463,-0.05418350211755861,0.03693308858613872,-0.9975413881939643,-0.05955775186780556],"colors":[],"uvs":[],"faces":[0,1,3,1,4,3,3,4,6,4,7,6,1,2,4,2,5,4,4,5,7,5,8,7],"heightMap":[{"0":-0.4362916052341461,"1":-0.7060984373092651,"2":-0.6212462782859802,"BYTES_PER_ELEMENT":4,"buffer":{"0":157,"1":97,"2":223,"3":190,"4":222,"5":194,"6":52,"7":191,"8":255,"9":9,"10":31,"11":191,"byteLength":12},"length":3,"byteOffset":0,"byteLength":12},{"0":-0.29312920570373535,"1":-0.40027716755867004,"2":-0.5360209345817566,"BYTES_PER_ELEMENT":4,"buffer":{"0":8,"1":21,"2":150,"3":190,"4":33,"5":241,"6":204,"7":190,"8":171,"9":56,"10":9,"11":191,"byteLength":12},"length":3,"byteOffset":0,"byteLength":12},{"0":-0.11505413800477982,"1":-0.29419928789138794,"2":-0.4434606432914734,"BYTES_PER_ELEMENT":4,"buffer":{"0":129,"1":161,"2":235,"3":189,"4":74,"5":161,"6":150,"7":190,"8":70,"9":13,"10":227,"11":190,"byteLength":12},"length":3,"byteOffset":0,"byteLength":12}],"roughness":0.02}