{"vertices":[-50,-22.424925565719604,-50,-50,-20.772769451141357,0,-50,-22.856333255767822,50,0,-20.720418691635132,-50,0,-19.55760419368744,0,0,-21.627007722854614,50,50,-18.869212865829468,-50,50,-22.716351747512817,0,50,-21.779634952545166,50],"normals":[0.034051782971247495,-0.9988749088952027,0.03300594576859998,0.0355250009378144,-0.9990986407035604,0.023235327685798654,0.03688987913610464,-0.996374325908622,-0.07666380819828195,0.024295905620394957,-0.999695534058515,-0.004306756731630253,-0.019394322670089975,-0.9997709130170387,-0.009054376469162692,-0.06302279965637542,-0.9975915862610183,-0.028968150522558384,0.024557782678010936,-0.9988315552112081,-0.04162258550713668,0.010755100632532892,-0.9990868242975016,-0.04135027600291351,-0.00305199483657247,-0.9998199019795877,0.018730961882543817],"colors":[],"uvs":[],"faces":[0,1,3,1,4,3,3,4,6,4,7,6,1,2,4,2,5,4,4,5,7,5,8,7],"heightMap":[{"0":-0.6212462782859802,"1":-0.5386384725570679,"2":-0.6428166627883911,"BYTES_PER_ELEMENT":4,"buffer":{"0":255,"1":9,"2":31,"3":191,"4":54,"5":228,"6":9,"7":191,"8":162,"9":143,"10":36,"11":191,"byteLength":12},"length":3,"byteOffset":0,"byteLength":12},{"0":-0.5360209345817566,"1":-0.47788020968437195,"2":-0.5813503861427307,"BYTES_PER_ELEMENT":4,"buffer":{"0":171,"1":56,"2":9,"3":191,"4":183,"5":172,"6":244,"7":190,"8":97,"9":211,"10":20,"11":191,"byteLength":12},"length":3,"byteOffset":0,"byteLength":12},{"0":-0.4434606432914734,"1":-0.6358175873756409,"2":-0.5889817476272583,"BYTES_PER_ELEMENT":4,"buffer":{"0":70,"1":13,"2":227,"3":190,"4":241,"5":196,"6":34,"7":191,"8":130,"9":199,"10":22,"11":191,"byteLength":12},"length":3,"byteOffset":0,"byteLength":12}],"roughness":0.12168019586077083}