{"vertices":[-50,-22.856333255767822,-50,-50,-21.230875253677368,0,-50,-20.725886821746826,50,0,-21.627007722854614,-50,0,-21.28762125968933,0,0,-19.819459915161133,50,50,-21.779634952545166,-50,50,-24.037692546844482,0,50,-22.645695209503174,50],"normals":[0.024566112769341824,-0.999170362594113,0.03248218922660443,0.010764055864950613,-0.999919031368771,0.006787179670158061,-0.003049422291397716,-0.998977147649325,-0.04511495869562056,-0.0011346619831653093,-0.9997725504470798,0.02129694613612668,-0.02803225211907523,-0.9994438034594278,0.01806312729526668,-0.05491637221868525,-0.9984536123697042,-0.008635740166726717,0.018124635871632308,-0.9997847449114096,0.010097594612017792,-0.01915962854630143,-0.9993856955753414,0.02934518893036284,-0.05641283437406547,-0.9980208386577134,0.027784847000453534],"colors":[],"uvs":[],"faces":[0,1,3,1,4,3,3,4,6,4,7,6,1,2,4,2,5,4,4,5,7,5,8,7],"heightMap":[{"0":-0.6428166627883911,"1":-0.5615437626838684,"2":-0.5362943410873413,"BYTES_PER_ELEMENT":4,"buffer":{"0":162,"1":143,"2":36,"3":191,"4":85,"5":193,"6":15,"7":191,"8":150,"9":74,"10":9,"11":191,"byteLength":12},"length":3,"byteOffset":0,"byteLength":12},{"0":-0.5813503861427307,"1":-0.5643810629844666,"2":-0.49097299575805664,"BYTES_PER_ELEMENT":4,"buffer":{"0":97,"1":211,"2":20,"3":191,"4":71,"5":123,"6":16,"7":191,"8":208,"9":96,"10":251,"11":190,"byteLength":12},"length":3,"byteOffset":0,"byteLength":12},{"0":-0.5889817476272583,"1":-0.7018846273422241,"2":-0.6322847604751587,"BYTES_PER_ELEMENT":4,"buffer":{"0":130,"1":199,"2":22,"3":191,"4":182,"5":174,"6":51,"7":191,"8":106,"9":221,"10":33,"11":191,"byteLength":12},"length":3,"byteOffset":0,"byteLength":12}],"roughness":0.10300975819758802}