{"vertices":[-50,-20.725886821746826,-50,-50,-16.118128895759583,0,-50,-19.32980179786682,50,0,-19.819459915161133,-50,0,-21.066594123840332,0,0,-19.45487916469574,50,50,-22.645695209503174,-50,50,-21.188414096832275,0,50,-20.12219786643982,50],"normals":[0.018049105381635507,-0.9956183587721616,0.09175136767781679,-0.01916191949665221,-0.9995055269760751,-0.02493035068911587,-0.05641074410038753,-0.9979838588336676,0.029086860564574477,-0.09847874861681545,-0.9950433526134952,0.013808058899112217,-0.050520472998524454,-0.9987163989524532,0.003638168694475228,-0.002435616875163049,-0.9996787945947624,0.025226482275579856,-0.002496394858835559,-0.9979402837326045,-0.06410115534370431,-0.00791936624588796,-0.9994495370936061,0.03221655539687806,-0.013342152895075706,-0.9996837238492751,0.021317580232545347],"colors":[],"uvs":[],"faces":[0,1,3,1,4,3,3,4,6,4,7,6,1,2,4,2,5,4,4,5,7,5,8,7],"heightMap":[{"0":-0.5362943410873413,"1":-0.3059064447879791,"2":-0.46649008989334106,"BYTES_PER_ELEMENT":4,"buffer":{"0":150,"1":74,"2":9,"3":191,"4":197,"5":159,"6":156,"7":190,"8":202,"9":215,"10":238,"11":190,"byteLength":12},"length":3,"byteOffset":0,"byteLength":12},{"0":-0.49097299575805664,"1":-0.5533297061920166,"2":-0.472743958234787,"BYTES_PER_ELEMENT":4,"buffer":{"0":208,"1":96,"2":251,"3":190,"4":4,"5":167,"6":13,"7":191,"8":127,"9":11,"10":242,"11":190,"byteLength":12},"length":3,"byteOffset":0,"byteLength":12},{"0":-0.6322847604751587,"1":-0.5594207048416138,"2":-0.506109893321991,"BYTES_PER_ELEMENT":4,"buffer":{"0":106,"1":221,"2":33,"3":191,"4":50,"5":54,"6":15,"7":191,"8":107,"9":144,"10":1,"11":191,"byteLength":12},"length":3,"byteOffset":0,"byteLength":12}],"roughness":0.02}