{"vertices":[-50,-19.32980179786682,-50,-50,-17.720958590507507,0,-50,-17.150619626045227,50,0,-19.45487916469574,-50,0,-19.646642804145813,0,0,-14.988899230957031,50,50,-20.12219786643982,-50,50,-24.17678713798523,0,50,-20.812499523162842,50],"normals":[-0.002500245537197835,-0.9994796023399203,0.03216011938237538,-0.007923420719933103,-0.9999612548626751,-0.0038351241908305767,-0.013301530335765518,-0.9966400088144637,-0.08081931774664096,-0.038476033020297624,-0.9990223928668619,0.02176817478775425,-0.0643175024819854,-0.9969404072567991,0.04441940176462815,-0.09023117716738467,-0.99589737674993,-0.0068373715414832914,0.04319125270707196,-0.9990018321798229,0.011395393409227218,-0.03620843485750925,-0.9950362080043288,0.09269247005844596,-0.11543242187760734,-0.9910743877125272,0.06668518575897872],"colors":[],"uvs":[],"faces":[0,1,3,1,4,3,3,4,6,4,7,6,1,2,4,2,5,4,4,5,7,5,8,7],"heightMap":[{"0":-0.46649008989334106,"1":-0.38604792952537537,"2":-0.35753098130226135,"BYTES_PER_ELEMENT":4,"buffer":{"0":202,"1":215,"2":238,"3":190,"4":19,"5":168,"6":197,"7":190,"8":77,"9":14,"10":183,"11":190,"byteLength":12},"length":3,"byteOffset":0,"byteLength":12},{"0":-0.472743958234787,"1":-0.48233214020729065,"2":-0.24944496154785156,"BYTES_PER_ELEMENT":4,"buffer":{"0":127,"1":11,"2":242,"3":190,"4":61,"5":244,"6":246,"7":190,"8":128,"9":110,"10":127,"11":190,"byteLength":12},"length":3,"byteOffset":0,"byteLength":12},{"0":-0.506109893321991,"1":-0.7088393568992615,"2":-0.5406249761581421,"BYTES_PER_ELEMENT":4,"buffer":{"0":107,"1":144,"2":1,"3":191,"4":127,"5":118,"6":53,"7":191,"8":102,"9":102,"10":10,"11":191,"byteLength":12},"length":3,"byteOffset":0,"byteLength":12}],"roughness":0.22068918726095296}