{"vertices":[-50,-10.36148864775896,-50,-50,-11.75345703959465,0,-50,-13.683397769927979,50,0,-11.563918441534042,-50,0,-11.162566542625427,0,0,-12.12015226483345,50,50,-10.261046700179577,-50,50,-10.80639123916626,0,50,-11.177013143897057,50],"normals":[-0.024032339106284238,-0.9993240033928985,-0.027820548518512324,0.0010037566421116488,-0.9999672811398392,0.00802677534263919,0.02604704477737606,-0.9996012635248944,-0.010902541804549784,0.011810471392121512,-0.9993790264608595,-0.03319750345493572,0.009470034722262231,-0.9999396951759472,-0.005560975974877125,0.007123026551497638,-0.999932685157975,-0.00915901989891946,0.031226410389196095,-0.9987685967249228,-0.03855128389994581,0.02505042478009118,-0.9995029027573271,-0.019142194179717815,0.01885890967911648,-0.9997946888467764,-0.007410916238402532],"colors":[],"uvs":[],"faces":[0,1,3,1,4,3,3,4,6,4,7,6,1,2,4,2,5,4,4,5,7,5,8,7],"heightMap":[{"0":-0.018074432387948036,"1":-0.08767285197973251,"2":-0.18416988849639893,"BYTES_PER_ELEMENT":4,"buffer":{"0":213,"1":16,"2":148,"3":188,"4":211,"5":141,"6":179,"7":189,"8":8,"9":151,"10":60,"11":190,"byteLength":12},"length":3,"byteOffset":0,"byteLength":12},{"0":-0.07819592207670212,"1":-0.05812832713127136,"2":-0.10600761324167252,"BYTES_PER_ELEMENT":4,"buffer":{"0":47,"1":37,"2":160,"3":189,"4":248,"5":23,"6":110,"7":189,"8":133,"9":26,"10":217,"11":189,"byteLength":12},"length":3,"byteOffset":0,"byteLength":12},{"0":-0.013052335008978844,"1":-0.04031956195831299,"2":-0.05885065719485283,"BYTES_PER_ELEMENT":4,"buffer":{"0":118,"1":217,"2":85,"3":188,"4":32,"5":38,"6":37,"7":189,"8":99,"9":13,"10":113,"11":189,"byteLength":12},"length":3,"byteOffset":0,"byteLength":12}],"roughness":0.02}