{"vertices":[-50,-8.742847442626953,-50,-50,-9.935965775512159,0,-50,-10.76410636305809,50,0,-12.911531031131744,-50,0,-7.144246995449066,0,0,-9.184020906686783,50,50,-11.113678589463234,-50,50,-8.787063509225845,0,50,-12.395246177911758,50],"normals":[-0.08306191983457344,-0.9962607867819224,-0.02377314018088302,-0.02346328296581613,-0.993139851966659,0.11455439226895141,0.035895036928561115,-0.9982753894765819,0.04645205150772135,0.05573619872047199,-0.9982416409293983,-0.020176780386732072,0.011458028421199662,-0.9992487518693743,0.037022229433094765,-0.03283593514196261,-0.999379263192148,-0.012762823546228522,0.031581613906274994,-0.9993641096729885,-0.016552279619138105,-0.01625843552306833,-0.9990368344680001,-0.04075618542626678,-0.06392690307188977,-0.9953662180713934,-0.07182926274081289],"colors":[],"uvs":[],"faces":[0,1,3,1,4,3,3,4,6,4,7,6,1,2,4,2,5,4,4,5,7,5,8,7],"heightMap":[{"0":0.06285762786865234,"1":0.0032017112243920565,"2":-0.03820531815290451,"BYTES_PER_ELEMENT":4,"buffer":{"0":128,"1":187,"2":128,"3":61,"4":205,"5":211,"6":81,"7":59,"8":46,"9":125,"10":28,"11":189,"byteLength":12},"length":3,"byteOffset":0,"byteLength":12},{"0":-0.14557655155658722,"1":0.1427876502275467,"2":0.04079895466566086,"BYTES_PER_ELEMENT":4,"buffer":{"0":5,"1":18,"2":21,"3":190,"4":237,"5":54,"6":18,"7":62,"8":206,"9":28,"10":39,"11":61,"byteLength":12},"length":3,"byteOffset":0,"byteLength":12},{"0":-0.0556839294731617,"1":0.06064682453870773,"2":-0.11976230889558792,"BYTES_PER_ELEMENT":4,"buffer":{"0":213,"1":20,"2":100,"3":189,"4":206,"5":104,"6":120,"7":61,"8":241,"9":69,"10":245,"11":189,"byteLength":12},"length":3,"byteOffset":0,"byteLength":12}],"roughness":0.20742641114629806}