{"vertices":[-50,-13.683397769927979,-50,-50,-13.962388634681702,0,-50,-13.396104276180267,50,0,-12.12015226483345,-50,0,-16.99273943901062,0,0,-14.26603376865387,50,50,-11.177013143897057,-50,50,-12.745376527309418,0,50,-10.077284406870604,50],"normals":[0.031249154672471975,-0.9994960666969059,-0.005577005439314295,0.0249369668368873,-0.9949756263368049,-0.09696210951015223,0.018850159770820024,-0.9993308172873098,-0.031346277234979306,-0.06049576193304904,-0.998164335406805,0.0028674570670162818,0.012102763839937854,-0.9996992339089551,-0.02132990457744598,0.08463735263807479,-0.9963517881283996,0.010937679450357878,-0.017394841820371498,-0.9997845785702761,0.011323247374305916,0.033036670230993936,-0.9979712738323113,0.054423478624234245,0.08336476917954186,-0.9951033349015085,0.05310054733746202],"colors":[],"uvs":[],"faces":[0,1,3,1,4,3,3,4,6,4,7,6,1,2,4,2,5,4,4,5,7,5,8,7],"heightMap":[{"0":-0.18416988849639893,"1":-0.19811943173408508,"2":-0.16980521380901337,"BYTES_PER_ELEMENT":4,"buffer":{"0":8,"1":151,"2":60,"3":190,"4":210,"5":223,"6":74,"7":190,"8":107,"9":225,"10":45,"11":190,"byteLength":12},"length":3,"byteOffset":0,"byteLength":12},{"0":-0.10600761324167252,"1":-0.349636971950531,"2":-0.21330168843269348,"BYTES_PER_ELEMENT":4,"buffer":{"0":133,"1":26,"2":217,"3":189,"4":158,"5":3,"6":179,"7":190,"8":194,"9":107,"10":90,"11":190,"byteLength":12},"length":3,"byteOffset":0,"byteLength":12},{"0":-0.05885065719485283,"1":-0.1372688263654709,"2":-0.003864220343530178,"BYTES_PER_ELEMENT":4,"buffer":{"0":99,"1":13,"2":113,"3":189,"4":51,"5":144,"6":12,"7":190,"8":220,"9":62,"10":125,"11":187,"byteLength":12},"length":3,"byteOffset":0,"byteLength":12}],"roughness":0.25835576984442016}