{"vertices":[-50,-8.536496013402939,-50,-50,-9.509520828723907,0,-50,-11.164140850305557,50,0,-10.987695679068565,-50,0,-9.9927219201345,0,0,-12.44873657822609,50,50,-11.187164559960365,-50,50,-10.913387387990952,0,50,-11.7889803647995,50],"normals":[-0.04895594135909215,-0.9986118643215077,-0.019433482497175265,-0.026478736062105008,-0.9994515104280118,0.019888560524057772,-0.003989286071333976,-0.9999770524350432,0.005475417788999526,-0.00966023681488647,-0.9996083397375695,-0.026264937688488935,-0.014035520141239285,-0.9997950463595615,-0.014590046238686314,-0.018409855452612634,-0.9998124234786147,-0.006016234705645891,-0.025669397209807633,-0.9991235628410714,-0.03306339702221656,-0.00623839658328161,-0.9987763415744835,-0.049060186701240474,0.013191953458802216,-0.9997596983806248,-0.01750765140796615],"colors":[],"uvs":[],"faces":[0,1,3,1,4,3,3,4,6,4,7,6,1,2,4,2,5,4,4,5,7,5,8,7],"heightMap":[{"0":0.07317519932985306,"1":0.024523958563804626,"2":-0.05820704251527786,"BYTES_PER_ELEMENT":4,"buffer":{"0":225,"1":220,"2":149,"3":61,"4":120,"5":230,"6":200,"7":60,"8":130,"9":106,"10":110,"11":189,"byteLength":12},"length":3,"byteOffset":0,"byteLength":12},{"0":-0.04938478395342827,"1":0.00036390399327501655,"2":-0.12243682891130447,"BYTES_PER_ELEMENT":4,"buffer":{"0":179,"1":71,"2":74,"3":189,"4":94,"5":202,"6":190,"7":57,"8":41,"9":192,"10":250,"11":189,"byteLength":12},"length":3,"byteOffset":0,"byteLength":12},{"0":-0.059358227998018265,"1":-0.04566936939954758,"2":-0.08944901823997498,"BYTES_PER_ELEMENT":4,"buffer":{"0":157,"1":33,"2":115,"3":189,"4":206,"5":15,"6":59,"7":189,"8":12,"9":49,"10":183,"11":189,"byteLength":12},"length":3,"byteOffset":0,"byteLength":12}],"roughness":0.10348509538220241}