{"vertices":[-50,-10.76410636305809,-50,-50,-9.40743736922741,0,-50,-8.536496013402939,50,0,-9.184020906686783,-50,0,-10.68712294101715,0,0,-10.987695679068565,50,50,-12.395246177911758,-50,50,-10.320650674402714,0,50,-11.187164559960365,50],"normals":[0.03157433202635951,-0.9991336828980909,0.02710987376559391,-0.016264581530913924,-0.9994162255707061,-0.030044491235962124,-0.06403758465896522,-0.9970895725191062,0.04137115087487787,-0.025578991898532542,-0.9994248767983802,0.022262767348136973,-0.00912779589986948,-0.9997957720988229,-0.018030458544613256,0.007328714641722065,-0.9999003075221179,0.012069173910182161,-0.04895777942733423,-0.9986493575593663,0.01739530050931982,-0.02648349151006943,-0.9996311888592048,-0.006009237669540036,-0.0039887469397877065,-0.9998419106665979,-0.017327537979102],"colors":[],"uvs":[],"faces":[0,1,3,1,4,3,3,4,6,4,7,6,1,2,4,2,5,4,4,5,7,5,8,7],"heightMap":[{"0":-0.03820531815290451,"1":0.029628131538629532,"2":0.07317519932985306,"BYTES_PER_ELEMENT":4,"buffer":{"0":46,"1":125,"2":28,"3":189,"4":178,"5":182,"6":242,"7":60,"8":225,"9":220,"10":149,"11":61,"byteLength":12},"length":3,"byteOffset":0,"byteLength":12},{"0":0.04079895466566086,"1":-0.034356147050857544,"2":-0.04938478395342827,"BYTES_PER_ELEMENT":4,"buffer":{"0":206,"1":28,"2":39,"3":61,"4":8,"5":185,"6":12,"7":189,"8":179,"9":71,"10":74,"11":189,"byteLength":12},"length":3,"byteOffset":0,"byteLength":12},{"0":-0.11976230889558792,"1":-0.01603253372013569,"2":-0.059358227998018265,"BYTES_PER_ELEMENT":4,"buffer":{"0":241,"1":69,"2":245,"3":189,"4":169,"5":86,"6":131,"7":188,"8":157,"9":33,"10":115,"11":189,"byteLength":12},"length":3,"byteOffset":0,"byteLength":12}],"roughness":0.08342990170698614}