{"vertices":[-50,-11.164140850305557,-50,-50,-10.435623563826084,0,-50,-10.36148864775896,50,0,-12.44873657822609,-50,0,-8.178594559431076,0,0,-11.563918441534042,50,50,-11.7889803647995,-50,50,-8.813745081424713,0,50,-10.261046700179577,50],"normals":[-0.02568071546452345,-0.9995641004541824,0.01456399452250353,-0.0062232761066290075,-0.9963537113839975,0.08509143697126333,0.01317068292164187,-0.9981476986201471,0.05939448501908009,0.045093209941793756,-0.9989506083879701,0.008017756447394518,0.016202558921858595,-0.9998300463911067,0.008795192888235713,-0.012700509229433542,-0.9998031009695664,0.015246519502893479,-0.024041618407286358,-0.9997098596420599,0.001482268130720797,0.0010014989197238955,-0.9977152665743404,-0.06755178638945683,0.02603769450629612,-0.9992424303879419,-0.028924103740580253],"colors":[],"uvs":[],"faces":[0,1,3,1,4,3,3,4,6,4,7,6,1,2,4,2,5,4,4,5,7,5,8,7],"heightMap":[{"0":-0.05820704251527786,"1":-0.021781178191304207,"2":-0.018074432387948036,"BYTES_PER_ELEMENT":4,"buffer":{"0":130,"1":106,"2":110,"3":189,"4":113,"5":110,"6":178,"7":188,"8":213,"9":16,"10":148,"11":188,"byteLength":12},"length":3,"byteOffset":0,"byteLength":12},{"0":-0.12243682891130447,"1":0.0910702720284462,"2":-0.07819592207670212,"BYTES_PER_ELEMENT":4,"buffer":{"0":41,"1":192,"2":250,"3":189,"4":13,"5":131,"6":186,"7":61,"8":47,"9":37,"10":160,"11":189,"byteLength":12},"length":3,"byteOffset":0,"byteLength":12},{"0":-0.08944901823997498,"1":0.05931274592876434,"2":-0.013052335008978844,"BYTES_PER_ELEMENT":4,"buffer":{"0":12,"1":49,"2":183,"3":189,"4":236,"5":241,"6":114,"7":61,"8":118,"9":217,"10":85,"11":188,"byteLength":12},"length":3,"byteOffset":0,"byteLength":12}],"roughness":0.14516226912266575}