{"vertices":[-50,-13.396104276180267,-50,-50,-14.57516074180603,0,-50,-12.99569845199585,50,0,-14.26603376865387,-50,0,-12.449004203081131,0,0,-12.758358716964722,50,50,-10.077284406870604,-50,50,-11.387393474578857,0,50,-12.876655459403992,50],"normals":[-0.017391123872241135,-0.9995708860720607,-0.02357101032149072,0.03306376496306087,-0.9987939389534314,0.03629676233986476,0.08345410542014739,-0.9961697181210514,-0.026101819613735294,0.04248439788458328,-0.9990891336265876,0.003997374845946436,0.031854274402138456,-0.999379049153338,0.01506058815860374,0.021219121639840462,-0.9993833459923922,-0.027976358409988137,0.00474437470816086,-0.9994901838789486,0.03157314108944486,0.0011903912431204067,-0.9999801520040961,-0.0061869674763293265,-0.0023648794515826227,-0.9995539195834917,-0.02977195308437307],"colors":[],"uvs":[],"faces":[0,1,3,1,4,3,3,4,6,4,7,6,1,2,4,2,5,4,4,5,7,5,8,7],"heightMap":[{"0":-0.16980521380901337,"1":-0.2287580370903015,"2":-0.14978492259979248,"BYTES_PER_ELEMENT":4,"buffer":{"0":107,"1":225,"2":45,"3":190,"4":140,"5":63,"6":106,"7":190,"8":56,"9":97,"10":25,"11":190,"byteLength":12},"length":3,"byteOffset":0,"byteLength":12},{"0":-0.21330168843269348,"1":-0.12245021015405655,"2":-0.13791793584823608,"BYTES_PER_ELEMENT":4,"buffer":{"0":194,"1":107,"2":90,"3":190,"4":45,"5":199,"6":250,"7":189,"8":92,"9":58,"10":13,"11":190,"byteLength":12},"length":3,"byteOffset":0,"byteLength":12},{"0":-0.003864220343530178,"1":-0.06936967372894287,"2":-0.14383277297019958,"BYTES_PER_ELEMENT":4,"buffer":{"0":220,"1":62,"2":125,"3":187,"4":176,"5":17,"6":142,"7":189,"8":230,"9":72,"10":19,"11":190,"byteLength":12},"length":3,"byteOffset":0,"byteLength":12}],"roughness":0.02}