{"vertices":[-50,-13.974655866622925,-50,-50,-16.188329458236694,0,-50,-13.187914490699768,50,0,-12.791740000247955,-50,0,-15.313501358032227,0,0,-9.965124372392893,50,50,-12.56279468536377,-50,50,-14.741073250770569,0,50,-12.88263738155365,50],"normals":[0.023628565763130063,-0.9987424479958791,-0.044217795639043316,0.014098008309717382,-0.9986313095269058,-0.05036619694076909,0.004574519320618272,-0.9990419159554187,-0.04352383182937259,0.017493346228250557,-0.9998162052728962,0.007844648586429942,0.01446520977678797,-0.9995010585073042,0.028078314566441366,0.011447753583139415,-0.9999293743543093,-0.003192998794134838,0.06420730189367772,-0.9961446376689534,0.05977694561387153,0.003024167660200438,-0.9943230576005911,0.10636029115123072,-0.05821111951238894,-0.997615423300782,0.037080085726923874],"colors":[],"uvs":[],"faces":[0,1,3,1,4,3,3,4,6,4,7,6,1,2,4,2,5,4,4,5,7,5,8,7],"heightMap":[{"0":-0.19873279333114624,"1":-0.3094164729118347,"2":-0.1593957245349884,"BYTES_PER_ELEMENT":4,"buffer":{"0":156,"1":128,"2":75,"3":190,"4":214,"5":107,"6":158,"7":190,"8":162,"9":56,"10":35,"11":190,"byteLength":12},"length":3,"byteOffset":0,"byteLength":12},{"0":-0.13958700001239777,"1":-0.26567506790161133,"2":0.0017437813803553581,"BYTES_PER_ELEMENT":4,"buffer":{"0":229,"1":239,"2":14,"3":190,"4":144,"5":6,"6":136,"7":190,"8":152,"9":143,"10":228,"11":58,"byteLength":12},"length":3,"byteOffset":0,"byteLength":12},{"0":-0.12813973426818848,"1":-0.23705366253852844,"2":-0.1441318690776825,"BYTES_PER_ELEMENT":4,"buffer":{"0":16,"1":55,"2":3,"3":190,"4":50,"5":190,"6":114,"7":190,"8":78,"9":151,"10":19,"11":190,"byteLength":12},"length":3,"byteOffset":0,"byteLength":12}],"roughness":0.19012057020097473}