{"vertices":[-50,-13.057615160942078,-50,-50,-13.826042711734772,0,-50,-13.974655866622925,50,0,-12.085069417953491,-50,0,-13.00092488527298,0,0,-12.791740000247955,50,50,-12.667633891105652,-50,50,-13.207018971443176,0,50,-12.56279468536377,50],"normals":[0.01944494102323596,-0.9996928763207882,-0.015363830969921737,0.003898186617182215,-0.9998246872710248,-0.018313898123963317,-0.011649820938095743,-0.9998739603069576,-0.01078634192815134,0.01649941644933847,-0.99982183878453,-0.009168421148305676,0.006189306290014821,-0.9999558846259337,-0.007065499955050237,-0.004121844444113157,-0.9999909557592198,0.001048235727558469,0.023651594721945543,-0.9997158459978034,-0.0029714185173082505,0.01411579724443974,-0.9998916164943292,0.004183244256677041,0.00457847828409894,-0.9999065249304202,0.012883281343388809],"colors":[],"uvs":[],"faces":[0,1,3,1,4,3,3,4,6,4,7,6,1,2,4,2,5,4,4,5,7,5,8,7],"heightMap":[{"0":-0.15288075804710388,"1":-0.1913021355867386,"2":-0.19873279333114624,"BYTES_PER_ELEMENT":4,"buffer":{"0":198,"1":140,"2":28,"3":190,"4":181,"5":228,"6":67,"7":190,"8":156,"9":128,"10":75,"11":190,"byteLength":12},"length":3,"byteOffset":0,"byteLength":12},{"0":-0.10425347089767456,"1":-0.150046244263649,"2":-0.13958700001239777,"BYTES_PER_ELEMENT":4,"buffer":{"0":216,"1":130,"2":213,"3":189,"4":185,"5":165,"6":25,"7":190,"8":229,"9":239,"10":14,"11":190,"byteLength":12},"length":3,"byteOffset":0,"byteLength":12},{"0":-0.1333816945552826,"1":-0.1603509485721588,"2":-0.12813973426818848,"BYTES_PER_ELEMENT":4,"buffer":{"0":54,"1":149,"2":8,"3":190,"4":10,"5":51,"6":36,"7":190,"8":16,"9":55,"10":3,"11":190,"byteLength":12},"length":3,"byteOffset":0,"byteLength":12}],"roughness":0.03021816307791596}