{"vertices":[-50,-12.99569845199585,-50,-50,-14.843484163284302,0,-50,-13.057615160942078,50,0,-12.758358716964722,-50,0,-12.4020816385746,0,0,-12.085069417953491,50,50,-12.876655459403992,-50,50,-13.106629252433777,0,50,-12.667633891105652,50],"normals":[0.004743503242082837,-0.9993065934494091,-0.03693008889144312,0.0011903838077417367,-0.9999739058062965,0.007125355632540517,-0.0023659032016988346,-0.9999866238554362,-0.004599414337341674,0.048769937674328426,-0.9988098476331239,-0.0006176166593335053,0.017348377896872443,-0.999826843832423,0.006731726111699246,-0.014089522801729,-0.9998985536657554,0.002089910129638114,0.019434848207724956,-0.9991739899041974,0.03568787713033016,0.0038987618664896332,-0.999972301208178,0.006340068795312099,-0.011650049734690823,-0.9998935973261738,0.00877897302095765],"colors":[],"uvs":[],"faces":[0,1,3,1,4,3,3,4,6,4,7,6,1,2,4,2,5,4,4,5,7,5,8,7],"heightMap":[{"0":-0.14978492259979248,"1":-0.2421742081642151,"2":-0.15288075804710388,"BYTES_PER_ELEMENT":4,"buffer":{"0":56,"1":97,"2":25,"3":190,"4":132,"5":252,"6":119,"7":190,"8":198,"9":140,"10":28,"11":190,"byteLength":12},"length":3,"byteOffset":0,"byteLength":12},{"0":-0.13791793584823608,"1":-0.12010408192873001,"2":-0.10425347089767456,"BYTES_PER_ELEMENT":4,"buffer":{"0":92,"1":58,"2":13,"3":190,"4":33,"5":249,"6":245,"7":189,"8":216,"9":130,"10":213,"11":189,"byteLength":12},"length":3,"byteOffset":0,"byteLength":12},{"0":-0.14383277297019958,"1":-0.15533146262168884,"2":-0.1333816945552826,"BYTES_PER_ELEMENT":4,"buffer":{"0":230,"1":72,"2":19,"3":190,"4":54,"5":15,"6":31,"7":190,"8":54,"9":149,"10":8,"11":190,"byteLength":12},"length":3,"byteOffset":0,"byteLength":12}],"roughness":0.12768516874644775}