{"vertices":[-50,-13.187914490699768,-50,-50,-11.32113054394722,0,-50,-11.91101223230362,50,0,-9.965124372392893,-50,0,-12.670812606811523,0,0,-11.951994746923447,50,50,-12.88263738155365,-50,50,-12.311002314090729,0,50,-12.212263941764832,50],"normals":[0.06427772644692434,-0.9972372398965476,0.03723252941085389,0.003036880601306698,-0.9985344534149702,-0.05403445844533045,-0.058247385393695755,-0.9982369437737488,0.011412544853961743,-0.0269816167709977,-0.9995545437470343,0.01275564310730411,-0.009893398244000491,-0.9997542060023169,-0.019840570855260902,0.007195857858825744,-0.999951641796081,0.006703260325959759,-0.0008195929819067052,-0.9999300793394794,-0.011796808868782413,-0.003012177683222554,-0.9998921400440338,0.01437480656450723,-0.005205303226371371,-0.9999845024962759,0.0019747368425520875],"colors":[],"uvs":[],"faces":[0,1,3,1,4,3,3,4,6,4,7,6,1,2,4,2,5,4,4,5,7,5,8,7],"heightMap":[{"0":-0.1593957245349884,"1":-0.06605652719736099,"2":-0.09555061161518097,"BYTES_PER_ELEMENT":4,"buffer":{"0":162,"1":56,"2":35,"3":190,"4":165,"5":72,"6":135,"7":189,"8":10,"9":176,"10":195,"11":189,"byteLength":12},"length":3,"byteOffset":0,"byteLength":12},{"0":0.0017437813803553581,"1":-0.13354063034057617,"2":-0.09759973734617233,"BYTES_PER_ELEMENT":4,"buffer":{"0":152,"1":143,"2":228,"3":58,"4":224,"5":190,"6":8,"7":190,"8":95,"9":226,"10":199,"11":189,"byteLength":12},"length":3,"byteOffset":0,"byteLength":12},{"0":-0.1441318690776825,"1":-0.11555011570453644,"2":-0.11061319708824158,"BYTES_PER_ELEMENT":4,"buffer":{"0":78,"1":151,"2":19,"3":190,"4":138,"5":165,"6":236,"7":189,"8":44,"9":137,"10":226,"11":189,"byteLength":12},"length":3,"byteOffset":0,"byteLength":12}],"roughness":0.02}