{"vertices":[-50,-15.712375044822693,-50,-50,-16.451264023780823,0,-50,-16.664936542510986,50,0,-16.61295771598816,-50,0,-16.082448959350586,0,0,-19.076274037361145,50,50,-17.150619626045227,-50,50,-17.335504293441772,0,50,-19.041536450386047,50],"normals":[-0.018006767027871632,-0.9997287092238089,-0.014773770503870187,-0.014379959965067395,-0.9998403256936159,0.01060848096039653,-0.01075254304445819,-0.9999353537352969,-0.003697454305867947,0.007375766040732031,-0.9999274368207366,-0.0095246610661107,-0.00883706253700903,-0.9996584567497587,-0.024594230510580406,-0.025048767561182038,-0.999507638637098,-0.018895490196287952,-0.04817032535249764,-0.998830015611128,-0.004268450504378367,-0.02370272191809807,-0.9979317613334989,-0.05975266266446955,0.0006943475035663648,-0.9994181577208024,-0.03410079030611388],"colors":[],"uvs":[],"faces":[0,1,3,1,4,3,3,4,6,4,7,6,1,2,4,2,5,4,4,5,7,5,8,7],"heightMap":[{"0":-0.28561875224113464,"1":-0.32256320118904114,"2":-0.3332468271255493,"BYTES_PER_ELEMENT":4,"buffer":{"0":159,"1":60,"2":146,"3":190,"4":1,"5":39,"6":165,"7":190,"8":84,"9":159,"10":170,"11":190,"byteLength":12},"length":3,"byteOffset":0,"byteLength":12},{"0":-0.33064788579940796,"1":-0.3041224479675293,"2":-0.45381370186805725,"BYTES_PER_ELEMENT":4,"buffer":{"0":174,"1":74,"2":169,"3":190,"4":240,"5":181,"6":155,"7":190,"8":69,"9":90,"10":232,"11":190,"byteLength":12},"length":3,"byteOffset":0,"byteLength":12},{"0":-0.35753098130226135,"1":-0.3667752146720886,"2":-0.45207682251930237,"BYTES_PER_ELEMENT":4,"buffer":{"0":77,"1":14,"2":183,"3":190,"4":246,"5":201,"6":187,"7":190,"8":157,"9":118,"10":231,"11":190,"byteLength":12},"length":3,"byteOffset":0,"byteLength":12}],"roughness":0.21841485995669507}