{"vertices":[-50,-11.91101223230362,-50,-50,-12.288075238466263,0,-50,-15.024946928024292,50,0,-11.951994746923447,-50,0,-12.486831992864609,0,0,-14.46992427110672,50,50,-12.212263941764832,-50,50,-12.520440518856049,0,50,-12.822765111923218,50],"normals":[-0.0008196267110791003,-0.9999712300261906,-0.007541043161396632,-0.003012316612218886,-0.999938257956673,-0.010696084479935006,-0.005205214508519595,-0.9999674590171521,-0.006163330974450156,-0.003973180004269742,-0.9995081717592201,-0.031106726397917495,-0.0023229042708104502,-0.99968058783063,-0.02516597763558503,-0.0006721578420496612,-0.9999811390432025,-0.006104896534316043,0.011083180124982488,-0.9984439361930844,-0.05465225885155472,0.021996575367189925,-0.9989726318801971,-0.03962109824913637,0.03292472066397271,-0.9994395647926797,-0.006043103194423511],"colors":[],"uvs":[],"faces":[0,1,3,1,4,3,3,4,6,4,7,6,1,2,4,2,5,4,4,5,7,5,8,7],"heightMap":[{"0":-0.09555061161518097,"1":-0.11440376192331314,"2":-0.2512473464012146,"BYTES_PER_ELEMENT":4,"buffer":{"0":10,"1":176,"2":195,"3":189,"4":133,"5":76,"6":234,"7":189,"8":126,"9":163,"10":128,"11":190,"byteLength":12},"length":3,"byteOffset":0,"byteLength":12},{"0":-0.09759973734617233,"1":-0.12434159964323044,"2":-0.223496213555336,"BYTES_PER_ELEMENT":4,"buffer":{"0":95,"1":226,"2":199,"3":189,"4":207,"5":166,"6":254,"7":189,"8":49,"9":220,"10":100,"11":190,"byteLength":12},"length":3,"byteOffset":0,"byteLength":12},{"0":-0.11061319708824158,"1":-0.12602202594280243,"2":-0.1411382555961609,"BYTES_PER_ELEMENT":4,"buffer":{"0":44,"1":137,"2":226,"3":189,"4":235,"5":11,"6":1,"7":190,"8":140,"9":134,"10":16,"11":190,"byteLength":12},"length":3,"byteOffset":0,"byteLength":12}],"roughness":0.08099958403457891}