{"vertices":[-50,-15.024946928024292,-50,-50,-13.688097894191742,0,-50,-15.93449592590332,50,0,-14.46992427110672,-50,0,-13.891552686691284,0,0,-13.282154500484467,50,50,-12.822765111923218,-50,50,-13.723507821559906,0,50,-13.939154148101807,50],"normals":[0.011095804491852329,-0.9995812201140645,0.02672578376693297,0.022012385486659878,-0.9996908182718038,0.011563855249788533,0.0329199862509222,-0.999295850294171,-0.018002169038453402,-0.004068894295247071,-0.9999504669461708,-0.009083377860072213,-0.0003540693901327031,-0.999929404946957,0.011876858056374368,0.003360668925407171,-0.9999320487358497,-0.01116260790764994,0.05291911712306868,-0.9975924784025829,-0.04481979559867675,0.019926163867783425,-0.99972720407542,0.012184638897303481,-0.013138736550115408,-0.9999043833405429,-0.00431251414321065],"colors":[],"uvs":[],"faces":[0,1,3,1,4,3,3,4,6,4,7,6,1,2,4,2,5,4,4,5,7,5,8,7],"heightMap":[{"0":-0.2512473464012146,"1":-0.1844048947095871,"2":-0.296724796295166,"BYTES_PER_ELEMENT":4,"buffer":{"0":126,"1":163,"2":128,"3":190,"4":163,"5":212,"6":60,"7":190,"8":80,"9":236,"10":151,"11":190,"byteLength":12},"length":3,"byteOffset":0,"byteLength":12},{"0":-0.223496213555336,"1":-0.1945776343345642,"2":-0.16410772502422333,"BYTES_PER_ELEMENT":4,"buffer":{"0":49,"1":220,"2":100,"3":190,"4":92,"5":63,"6":71,"7":190,"8":219,"9":11,"10":40,"11":190,"byteLength":12},"length":3,"byteOffset":0,"byteLength":12},{"0":-0.1411382555961609,"1":-0.1861753910779953,"2":-0.19695770740509033,"BYTES_PER_ELEMENT":4,"buffer":{"0":140,"1":134,"2":16,"3":190,"4":195,"5":164,"6":62,"7":190,"8":72,"9":175,"10":73,"11":190,"byteLength":12},"length":3,"byteOffset":0,"byteLength":12}],"roughness":0.10708133815704798}