{"vertices":[-50,-15.93449592590332,-50,-50,-18.636398911476135,0,-50,-18.556610345840454,50,0,-13.282154500484467,-50,0,-14.685792326927185,0,0,-16.74265205860138,50,50,-13.939154148101807,-50,50,-14.951137006282806,0,50,-14.34251070022583,50],"normals":[0.05289539213520911,-0.997145232289541,-0.05388379360345618,0.01991981258020296,-0.9994078519058402,-0.028056133299578,-0.013136168892779772,-0.9997089755237392,-0.020233766927994255,0.07873979251608323,-0.9965531979827996,-0.02611070019702999,0.036740573966687326,-0.9987270768839305,-0.034559457800696435,-0.005306775713714219,-0.9999777886260065,-0.004032416913738996,0.03625526826813306,-0.9993412892452778,0.0015947201609878613,0.042066672797028394,-0.9982704917912096,-0.041066047517678665,0.04794407314344116,-0.9987760299228876,0.012157627313404381],"colors":[],"uvs":[],"faces":[0,1,3,1,4,3,3,4,6,4,7,6,1,2,4,2,5,4,4,5,7,5,8,7],"heightMap":[{"0":-0.296724796295166,"1":-0.43181994557380676,"2":-0.4278305172920227,"BYTES_PER_ELEMENT":4,"buffer":{"0":80,"1":236,"2":151,"3":190,"4":129,"5":23,"6":221,"7":190,"8":154,"9":12,"10":219,"11":190,"byteLength":12},"length":3,"byteOffset":0,"byteLength":12},{"0":-0.16410772502422333,"1":-0.23428961634635925,"2":-0.33713260293006897,"BYTES_PER_ELEMENT":4,"buffer":{"0":219,"1":11,"2":40,"3":190,"4":158,"5":233,"6":111,"7":190,"8":165,"9":156,"10":172,"11":190,"byteLength":12},"length":3,"byteOffset":0,"byteLength":12},{"0":-0.19695770740509033,"1":-0.24755685031414032,"2":-0.2171255350112915,"BYTES_PER_ELEMENT":4,"buffer":{"0":72,"1":175,"2":73,"3":190,"4":139,"5":127,"6":125,"7":190,"8":40,"9":86,"10":94,"11":190,"byteLength":12},"length":3,"byteOffset":0,"byteLength":12}],"roughness":0.10826302135981848}