{"vertices":[-50,-18.556610345840454,-50,-50,-18.904616236686707,0,-50,-18.93155574798584,50,0,-16.74265205860138,-50,0,-17.930262684822083,0,0,-19.218502640724182,50,50,-14.34251070022583,-50,50,-17.232577800750732,0,50,-18.725832104682922,50],"normals":[0.03625443739286584,-0.9993183869747827,-0.006955373709963986,0.04209033686151364,-0.9988320944795783,-0.02372447218428457,0.047867903781025324,-0.9971892616654675,-0.057638877562721715,0.019483235126422024,-0.9998031561098579,-0.0037486773368270044,0.01671279965181329,-0.9995540238460089,-0.02474743908065667,0.01393896286693172,-0.9989440208013898,-0.043778403572389074,-0.0057388425170213616,-0.9999833875626646,-0.0005387812753638,0.0020564246952383403,-0.9996661389786035,-0.025756197255892364,0.009848541756139835,-0.9995058599683592,-0.029850328544063942],"colors":[],"uvs":[],"faces":[0,1,3,1,4,3,3,4,6,4,7,6,1,2,4,2,5,4,4,5,7,5,8,7],"heightMap":[{"0":-0.4278305172920227,"1":-0.4452308118343353,"2":-0.446577787399292,"BYTES_PER_ELEMENT":4,"buffer":{"0":154,"1":12,"2":219,"3":190,"4":75,"5":245,"6":227,"7":190,"8":216,"9":165,"10":228,"11":190,"byteLength":12},"length":3,"byteOffset":0,"byteLength":12},{"0":-0.33713260293006897,"1":-0.3965131342411041,"2":-0.4609251320362091,"BYTES_PER_ELEMENT":4,"buffer":{"0":165,"1":156,"2":172,"3":190,"4":197,"5":3,"6":203,"7":190,"8":97,"9":254,"10":235,"11":190,"byteLength":12},"length":3,"byteOffset":0,"byteLength":12},{"0":-0.2171255350112915,"1":-0.3616288900375366,"2":-0.4362916052341461,"BYTES_PER_ELEMENT":4,"buffer":{"0":40,"1":86,"2":94,"3":190,"4":108,"5":39,"6":185,"7":190,"8":157,"9":97,"10":223,"11":190,"byteLength":12},"length":3,"byteOffset":0,"byteLength":12}],"roughness":0.06637067336136285}