{"vertices":[-50,-18.93155574798584,-50,-50,-18.50323796272278,0,-50,-19.25626814365387,50,0,-19.218502640724182,-50,0,-23.259780406951904,0,0,-17.689302563667297,50,50,-18.725832104682922,-50,50,-24.121968746185303,0,50,-22.424925565719604,50],"normals":[-0.005738632803301648,-0.9999468453095471,0.00856590036327541,0.002050421325603552,-0.996747436798692,-0.08056266509758052,0.009796054215002254,-0.9941790200928378,-0.10729451677071784,-0.09470279278407724,-0.9955003439417994,-0.003232066004166844,-0.05600878514799634,-0.9983156738995137,0.015127168697589656,-0.01722954076916347,-0.9991750053406462,-0.03677569343198662,0.0313203845496399,-0.9993960604389373,-0.015051507924283057,-0.031353359819636044,-0.9933625222309449,0.11067007840873583,-0.09423670859818102,-0.9949768864343831,0.03377037479688927],"colors":[],"uvs":[],"faces":[0,1,3,1,4,3,3,4,6,4,7,6,1,2,4,2,5,4,4,5,7,5,8,7],"heightMap":[{"0":-0.446577787399292,"1":-0.4251618981361389,"2":-0.4628134071826935,"BYTES_PER_ELEMENT":4,"buffer":{"0":216,"1":165,"2":228,"3":190,"4":210,"5":174,"6":217,"7":190,"8":225,"9":245,"10":236,"11":190,"byteLength":12},"length":3,"byteOffset":0,"byteLength":12},{"0":-0.4609251320362091,"1":-0.6629890203475952,"2":-0.38446512818336487,"BYTES_PER_ELEMENT":4,"buffer":{"0":97,"1":254,"2":235,"3":190,"4":166,"5":185,"6":41,"7":191,"8":157,"9":216,"10":196,"11":190,"byteLength":12},"length":3,"byteOffset":0,"byteLength":12},{"0":-0.4362916052341461,"1":-0.7060984373092651,"2":-0.6212462782859802,"BYTES_PER_ELEMENT":4,"buffer":{"0":157,"1":97,"2":223,"3":190,"4":222,"5":194,"6":52,"7":191,"8":255,"9":9,"10":31,"11":191,"byteLength":12},"length":3,"byteOffset":0,"byteLength":12}],"roughness":0.20337267269722425}