{"vertices":[-50,-19.25626814365387,-50,-50,-19.15296733379364,0,-50,-18.722362518310547,50,0,-17.689302563667297,-50,0,-20.886729955673218,0,0,-19.900359511375427,50,50,-22.424925565719604,-50,50,-20.772769451141357,0,50,-22.856333255767822,50],"normals":[0.03132386615000136,-0.999507154147884,0.002064997969691393,-0.0314818870812448,-0.9974668745305966,-0.06378655814485325,-0.09423951375851596,-0.9950065040827234,0.032878121595307945,-0.034653931614637846,-0.9993851285439932,0.005335716329997002,-0.016186443010722553,-0.9996255257430795,-0.022063711055317712,0.002279183020688648,-0.999988123100775,-0.004308013712545811,-0.023552530941464762,-0.9996855289157587,0.008609388054397777,-0.0412834062183728,-0.9989531140737848,0.01970675653923241,-0.05896543408983631,-0.9973944153207752,-0.04156269805397886],"colors":[],"uvs":[],"faces":[0,1,3,1,4,3,3,4,6,4,7,6,1,2,4,2,5,4,4,5,7,5,8,7],"heightMap":[{"0":-0.4628134071826935,"1":-0.457648366689682,"2":-0.43611812591552734,"BYTES_PER_ELEMENT":4,"buffer":{"0":225,"1":245,"2":236,"3":190,"4":227,"5":80,"6":234,"7":190,"8":224,"9":74,"10":223,"11":190,"byteLength":12},"length":3,"byteOffset":0,"byteLength":12},{"0":-0.38446512818336487,"1":-0.5443364977836609,"2":-0.49501797556877136,"BYTES_PER_ELEMENT":4,"buffer":{"0":157,"1":216,"2":196,"3":190,"4":163,"5":89,"6":11,"7":191,"8":255,"9":114,"10":253,"11":190,"byteLength":12},"length":3,"byteOffset":0,"byteLength":12},{"0":-0.6212462782859802,"1":-0.5386384725570679,"2":-0.6428166627883911,"BYTES_PER_ELEMENT":4,"buffer":{"0":255,"1":9,"2":31,"3":191,"4":54,"5":228,"6":9,"7":191,"8":162,"9":143,"10":36,"11":191,"byteLength":12},"length":3,"byteOffset":0,"byteLength":12}],"roughness":0.17172816817048694}