{"vertices":[-50,-18.722362518310547,-50,-50,-21.80973172187805,0,-50,-18.537763357162476,50,0,-19.900359511375427,-50,0,-20.75794816017151,0,0,-19.267508387565613,50,50,-22.856333255767822,-50,50,-21.230875253677368,0,50,-20.725886821746826,50],"normals":[-0.023508655128875615,-0.9978232231183987,-0.06161297379320422,-0.041285361722814974,-0.9990004621580518,-0.017134629129775692,-0.05898537784030554,-0.9977317618636372,0.03243542152522113,0.021030983111747465,-0.9997771346428065,0.0018381498233179421,0.005787007479860092,-0.9999632530954253,0.006324792743036288,-0.009455973832919434,-0.9997284954453849,0.021296007921162,-0.014562206406802267,-0.9977598887352191,0.06529277583047541,-0.021865131591932676,-0.9993170492946309,0.02978843751423769,-0.029153683869050467,-0.9995239639366446,0.010094960784507313],"colors":[],"uvs":[],"faces":[0,1,3,1,4,3,3,4,6,4,7,6,1,2,4,2,5,4,4,5,7,5,8,7],"heightMap":[{"0":-0.43611812591552734,"1":-0.5904865860939026,"2":-0.4268881678581238,"BYTES_PER_ELEMENT":4,"buffer":{"0":224,"1":74,"2":223,"3":190,"4":33,"5":42,"6":23,"7":191,"8":22,"9":145,"10":218,"11":190,"byteLength":12},"length":3,"byteOffset":0,"byteLength":12},{"0":-0.49501797556877136,"1":-0.5378974080085754,"2":-0.46337541937828064,"BYTES_PER_ELEMENT":4,"buffer":{"0":255,"1":114,"2":253,"3":190,"4":165,"5":179,"6":9,"7":191,"8":139,"9":63,"10":237,"11":190,"byteLength":12},"length":3,"byteOffset":0,"byteLength":12},{"0":-0.6428166627883911,"1":-0.5615437626838684,"2":-0.5362943410873413,"BYTES_PER_ELEMENT":4,"buffer":{"0":162,"1":143,"2":36,"3":191,"4":85,"5":193,"6":15,"7":191,"8":150,"9":74,"10":9,"11":191,"byteLength":12},"length":3,"byteOffset":0,"byteLength":12}],"roughness":0.02833876035923555}