{"vertices":[-50,-18.537763357162476,-50,-50,-17.600935101509094,0,-50,-16.919150352478027,50,0,-19.267508387565613,-50,0,-17.00603425502777,0,0,-18.125531673431396,50,50,-20.725886821746826,-50,50,-16.118128895759583,0,50,-19.32980179786682,50],"normals":[-0.014590786075880288,-0.9997180842615548,0.01873128298047785,-0.021852510611289018,-0.9987401628778022,0.04517250086949561,-0.029032255188404153,-0.9953608236364218,0.09172763448655827,0.011895616932401255,-0.9997982859463552,0.016182759855096446,0.01482534087853726,-0.9998250553150078,0.011404737269075623,0.017753599274238856,-0.9997461491206321,0.013872527933892858,-0.02411836584562218,-0.9996161838183186,0.013630461380239305,-0.024093478172040002,-0.9994592220644068,-0.02237784037801599,-0.024028928259501307,-0.9976552507588916,-0.0640828466901467],"colors":[],"uvs":[],"faces":[0,1,3,1,4,3,3,4,6,4,7,6,1,2,4,2,5,4,4,5,7,5,8,7],"heightMap":[{"0":-0.4268881678581238,"1":-0.3800467550754547,"2":-0.34595751762390137,"BYTES_PER_ELEMENT":4,"buffer":{"0":22,"1":145,"2":218,"3":190,"4":125,"5":149,"6":194,"7":190,"8":88,"9":33,"10":177,"11":190,"byteLength":12},"length":3,"byteOffset":0,"byteLength":12},{"0":-0.46337541937828064,"1":-0.35030171275138855,"2":-0.4062765836715698,"BYTES_PER_ELEMENT":4,"buffer":{"0":139,"1":63,"2":237,"3":190,"4":191,"5":90,"6":179,"7":190,"8":124,"9":3,"10":208,"11":190,"byteLength":12},"length":3,"byteOffset":0,"byteLength":12},{"0":-0.5362943410873413,"1":-0.3059064447879791,"2":-0.46649008989334106,"BYTES_PER_ELEMENT":4,"buffer":{"0":150,"1":74,"2":9,"3":191,"4":197,"5":159,"6":156,"7":190,"8":202,"9":215,"10":238,"11":190,"byteLength":12},"length":3,"byteOffset":0,"byteLength":12}],"roughness":0.22285334508958066}