{"vertices":[-50,-16.919150352478027,-50,-50,-17.161630392074585,0,-50,-15.712375044822693,50,0,-18.125531673431396,-50,0,-16.86488389968872,0,0,-16.61295771598816,50,50,-19.32980179786682,-50,50,-17.720958590507507,0,50,-17.150619626045227,50],"normals":[-0.02412032315539158,-0.9996973069978391,-0.004848132851708161,-0.02409186120428584,-0.999392146097891,0.025197629681484424,-0.024065971559492326,-0.9991932487229441,0.032150905420943884,0.0059343934895765916,-0.9999096268777463,0.0120632106471309,-0.005591812067950746,-0.9998700163698286,0.01512223536370223,-0.017114923574041468,-0.9996162576463987,0.021781112002449952,-0.018001174784358292,-0.9994182300367009,0.028968244280434208,-0.014380586677207688,-0.9998839022108256,0.0050379387125519745,-0.010751917157971816,-0.9998771492693798,0.0114053779580759],"colors":[],"uvs":[],"faces":[0,1,3,1,4,3,3,4,6,4,7,6,1,2,4,2,5,4,4,5,7,5,8,7],"heightMap":[{"0":-0.34595751762390137,"1":-0.35808151960372925,"2":-0.28561875224113464,"BYTES_PER_ELEMENT":4,"buffer":{"0":88,"1":33,"2":177,"3":190,"4":118,"5":86,"6":183,"7":190,"8":159,"9":60,"10":146,"11":190,"byteLength":12},"length":3,"byteOffset":0,"byteLength":12},{"0":-0.4062765836715698,"1":-0.34324419498443604,"2":-0.33064788579940796,"BYTES_PER_ELEMENT":4,"buffer":{"0":124,"1":3,"2":208,"3":190,"4":180,"5":189,"6":175,"7":190,"8":174,"9":74,"10":169,"11":190,"byteLength":12},"length":3,"byteOffset":0,"byteLength":12},{"0":-0.46649008989334106,"1":-0.38604792952537537,"2":-0.35753098130226135,"BYTES_PER_ELEMENT":4,"buffer":{"0":202,"1":215,"2":238,"3":190,"4":19,"5":168,"6":197,"7":190,"8":77,"9":14,"10":183,"11":190,"byteLength":12},"length":3,"byteOffset":0,"byteLength":12}],"roughness":0.033560816186194886}