{"vertices":[-50,-11.231477037072182,-50,-50,-11.398081183433533,0,-50,-11.297611743211746,50,0,-9.607911892235279,-50,0,-12.093423455953598,0,0,-7.493561506271362,50,50,-8.536496013402939,-50,50,-9.509520828723907,0,50,-11.164140850305557,50],"normals":[0.03245401781183039,-0.9994676812026104,-0.0033303091968503963,0.02690601155419936,-0.9984051458572596,-0.04963095070608187,0.02141934599498778,-0.9995813212293995,-0.01945234860975053,-0.013905497810680095,-0.9999030952255837,-0.0006612782578365245,0.018857906322837396,-0.9996009861372497,0.021029690500742635,0.05159142565106878,-0.9983237198528274,-0.02623118713485079,0.07586161320827156,-0.9971163428862524,0.0020035944161155344,0.0013217724550571683,-0.9957940575922581,0.09161030390476617,-0.07317472431387383,-0.996773498886558,-0.03298562776479386],"colors":[],"uvs":[],"faces":[0,1,3,1,4,3,3,4,6,4,7,6,1,2,4,2,5,4,4,5,7,5,8,7],"heightMap":[{"0":-0.061573851853609085,"1":-0.06990405917167664,"2":-0.06488058716058731,"BYTES_PER_ELEMENT":4,"buffer":{"0":221,"1":52,"2":124,"3":189,"4":220,"5":41,"6":143,"7":189,"8":29,"9":224,"10":132,"11":189,"byteLength":12},"length":3,"byteOffset":0,"byteLength":12},{"0":0.019604405388236046,"1":-0.1046711727976799,"2":0.12532192468643188,"BYTES_PER_ELEMENT":4,"buffer":{"0":107,"1":153,"2":160,"3":60,"4":215,"5":93,"6":214,"7":189,"8":100,"9":84,"10":0,"11":62,"byteLength":12},"length":3,"byteOffset":0,"byteLength":12},{"0":0.07317519932985306,"1":0.024523958563804626,"2":-0.05820704251527786,"BYTES_PER_ELEMENT":4,"buffer":{"0":225,"1":220,"2":149,"3":61,"4":120,"5":230,"6":200,"7":60,"8":130,"9":106,"10":110,"11":189,"byteLength":12},"length":3,"byteOffset":0,"byteLength":12}],"roughness":0.205709851551801}