{"vertices":[-50,-15.766022801399231,-50,-50,-15.784936547279358,0,-50,-16.375198364257812,50,0,-13.426180481910706,-50,0,-16.438181400299072,0,0,-14.67454046010971,50,50,-12.99569845199585,-50,50,-14.843484163284302,0,50,-13.057615160942078,50],"normals":[0.04674568580500611,-0.9989067514434996,-0.00037786136909490975,0.027632525141678917,-0.9978093332752775,-0.0601080525640324,0.008603448985115029,-0.9992808511445512,-0.03692913756618129,-0.013063539838255308,-0.9998961168899607,-0.00609092400809227,0.009408634553958652,-0.9998781840876373,-0.012453697500705681,0.03187772937900759,-0.999491584956961,-0.0006180371031575583,0.03399113456866545,-0.9993525001635287,-0.011797592450969717,0.03313698167736861,-0.9988296547538896,0.03523153742798331,0.032301034128361696,-0.998841262023352,0.035675992962157836],"colors":[],"uvs":[],"faces":[0,1,3,1,4,3,3,4,6,4,7,6,1,2,4,2,5,4,4,5,7,5,8,7],"heightMap":[{"0":-0.28830114006996155,"1":-0.2892468273639679,"2":-0.3187599182128906,"BYTES_PER_ELEMENT":4,"buffer":{"0":53,"1":156,"2":147,"3":190,"4":41,"5":24,"6":148,"7":190,"8":128,"9":52,"10":163,"11":190,"byteLength":12},"length":3,"byteOffset":0,"byteLength":12},{"0":-0.17130902409553528,"1":-0.3219090700149536,"2":-0.23372702300548553,"BYTES_PER_ELEMENT":4,"buffer":{"0":162,"1":107,"2":47,"3":190,"4":68,"5":209,"6":164,"7":190,"8":35,"9":86,"10":111,"11":190,"byteLength":12},"length":3,"byteOffset":0,"byteLength":12},{"0":-0.14978492259979248,"1":-0.2421742081642151,"2":-0.15288075804710388,"BYTES_PER_ELEMENT":4,"buffer":{"0":56,"1":97,"2":25,"3":190,"4":132,"5":252,"6":119,"7":190,"8":198,"9":140,"10":28,"11":190,"byteLength":12},"length":3,"byteOffset":0,"byteLength":12}],"roughness":0.10226657730050648}