{"vertices":[-50,-16.375198364257812,-50,-50,-12.969296872615814,0,-50,-14.115768373012543,50,0,-14.67454046010971,-50,0,-14.280513525009155,0,0,-13.719951212406158,50,50,-13.057615160942078,-50,50,-13.826042711734772,0,50,-13.974655866622925,50],"normals":[0.03391499817531848,-0.9971140607583646,0.0679214453374825,0.03315653823026511,-0.9994191379035262,0.007875961195779315,0.03231779737335438,-0.9993596299714976,-0.015358709456401819,-0.02620866349457514,-0.9994024803886117,0.02253415520756961,-0.008564084356784038,-0.9999177705624664,0.009545081063906948,0.009088658723754611,-0.9999166567234976,-0.009169290567222,0.007914015143467068,-0.9997059161536791,-0.02292268683296389,0.0014109752822411877,-0.9999361645389846,0.01121053057698688,-0.0050940044898427515,-0.9999826083875757,-0.002972211405315242],"colors":[],"uvs":[],"faces":[0,1,3,1,4,3,3,4,6,4,7,6,1,2,4,2,5,4,4,5,7,5,8,7],"heightMap":[{"0":-0.3187599182128906,"1":-0.1484648436307907,"2":-0.20578841865062714,"BYTES_PER_ELEMENT":4,"buffer":{"0":128,"1":52,"2":163,"3":190,"4":43,"5":7,"6":24,"7":190,"8":51,"9":186,"10":82,"11":190,"byteLength":12},"length":3,"byteOffset":0,"byteLength":12},{"0":-0.23372702300548553,"1":-0.21402567625045776,"2":-0.18599756062030792,"BYTES_PER_ELEMENT":4,"buffer":{"0":35,"1":86,"2":111,"3":190,"4":140,"5":41,"6":91,"7":190,"8":37,"9":118,"10":62,"11":190,"byteLength":12},"length":3,"byteOffset":0,"byteLength":12},{"0":-0.15288075804710388,"1":-0.1913021355867386,"2":-0.19873279333114624,"BYTES_PER_ELEMENT":4,"buffer":{"0":198,"1":140,"2":28,"3":190,"4":181,"5":228,"6":67,"7":190,"8":156,"9":128,"10":75,"11":190,"byteLength":12},"length":3,"byteOffset":0,"byteLength":12}],"roughness":0.0210220597963962}