{"vertices":[-50,-11.297611743211746,-50,-50,-9.944679774343967,0,-50,-11.208286508917809,50,0,-7.493561506271362,-50,0,-10.785283595323563,0,0,-10.89914284646511,50,50,-11.164140850305557,-50,50,-10.435623563826084,0,50,-10.36148864775896,50],"normals":[0.0758341685180613,-0.996755613025961,0.026970850680224465,0.0013244568932996158,-0.9978390569901352,-0.0656921773042689,-0.07320683710847423,-0.9972109338469626,0.014529708071477012,-0.01680969429562372,-0.9998583087592079,0.0008925149098203507,-0.004905846560466417,-0.9994097438604389,-0.034001419769432245,0.006992804413512243,-0.9999433426183101,0.008025723628130154,0.006180781690451453,-0.9996617173734198,-0.025263585567374104,0.008467608860669414,-0.9999615564746729,-0.0022770974798108634,0.010752450527162576,-0.9999410916010748,0.001482610977958269],"colors":[],"uvs":[],"faces":[0,1,3,1,4,3,3,4,6,4,7,6,1,2,4,2,5,4,4,5,7,5,8,7],"heightMap":[{"0":-0.06488058716058731,"1":0.002766011282801628,"2":-0.06041432544589043,"BYTES_PER_ELEMENT":4,"buffer":{"0":29,"1":224,"2":132,"3":189,"4":248,"5":69,"6":53,"7":59,"8":3,"9":117,"10":119,"11":189,"byteLength":12},"length":3,"byteOffset":0,"byteLength":12},{"0":0.12532192468643188,"1":-0.03926417976617813,"2":-0.04495714232325554,"BYTES_PER_ELEMENT":4,"buffer":{"0":100,"1":84,"2":0,"3":62,"4":122,"5":211,"6":32,"7":189,"8":251,"9":36,"10":56,"11":189,"byteLength":12},"length":3,"byteOffset":0,"byteLength":12},{"0":-0.05820704251527786,"1":-0.021781178191304207,"2":-0.018074432387948036,"BYTES_PER_ELEMENT":4,"buffer":{"0":130,"1":106,"2":110,"3":189,"4":113,"5":110,"6":178,"7":188,"8":213,"9":16,"10":148,"11":188,"byteLength":12},"length":3,"byteOffset":0,"byteLength":12}],"roughness":0.02}