{"vertices":[-50,-13.900195956230164,-50,-50,-15.858926773071289,0,-50,-15.766022801399231,50,0,-14.171626269817352,-50,0,-12.916762232780457,0,0,-13.426180481910706,50,50,-13.396104276180267,-50,50,-14.57516074180603,0,50,-12.99569845199585,50],"normals":[-0.00542436574889206,-0.9992188560673875,-0.03914401532295859,0.005038714072476018,-0.9996725215451152,0.025089061922019134,0.015504265416812279,-0.9996019161300337,-0.023571742045300357,0.05873150275394488,-0.9981002413301342,-0.01861501654555007,0.012809154268804697,-0.9998901956299883,0.007451325381554337,-0.033149475903510146,-0.9994424055225363,0.00399878614690377,0.04674560862490763,-0.998905102184961,0.0018560450263293187,0.027681107768209562,-0.9995649272536424,-0.010183932302671107,0.008605029510558115,-0.9994644273838893,0.03157232746119158],"colors":[],"uvs":[],"faces":[0,1,3,1,4,3,3,4,6,4,7,6,1,2,4,2,5,4,4,5,7,5,8,7],"heightMap":[{"0":-0.19500979781150818,"1":-0.29294633865356445,"2":-0.28830114006996155,"BYTES_PER_ELEMENT":4,"buffer":{"0":166,"1":176,"2":71,"3":190,"4":16,"5":253,"6":149,"7":190,"8":53,"9":156,"10":147,"11":190,"byteLength":12},"length":3,"byteOffset":0,"byteLength":12},{"0":-0.20858131349086761,"1":-0.14583811163902283,"2":-0.17130902409553528,"BYTES_PER_ELEMENT":4,"buffer":{"0":87,"1":150,"2":85,"3":190,"4":150,"5":86,"6":21,"7":190,"8":162,"9":107,"10":47,"11":190,"byteLength":12},"length":3,"byteOffset":0,"byteLength":12},{"0":-0.16980521380901337,"1":-0.2287580370903015,"2":-0.14978492259979248,"BYTES_PER_ELEMENT":4,"buffer":{"0":107,"1":225,"2":45,"3":190,"4":140,"5":63,"6":106,"7":190,"8":56,"9":97,"10":25,"11":190,"byteLength":12},"length":3,"byteOffset":0,"byteLength":12}],"roughness":0.08624617311194016}