{"vertices":[-50,-11.208286508917809,-50,-50,-11.526751071214676,0,-50,-12.703342139720917,50,0,-10.89914284646511,-50,0,-9.7992810793221,0,0,-15.70787489414215,50,50,-10.36148864775896,-50,50,-11.75345703959465,0,50,-13.683397769927979,50],"normals":[0.00618262967124947,-0.9999606044318439,-0.006369040324089962,0.008465583073198609,-0.9997223235611145,0.021991127228884893,0.01074829850387954,-0.9995549676488181,-0.02782697841739,0.03452494503258119,-0.9992921785795092,-0.014938875470245751,-0.0022614192000075793,-0.9988544475040373,-0.04779831257069945,-0.039032206733284544,-0.9986871071692205,-0.0331745205165651,-0.05996591679445596,-0.9979241648508381,-0.023482973188200914,-0.00970816329295761,-0.9930431920840093,-0.11734977725193477,0.04042633939391188,-0.9984390268080676,-0.03853856289182519],"colors":[],"uvs":[],"faces":[0,1,3,1,4,3,3,4,6,4,7,6,1,2,4,2,5,4,4,5,7,5,8,7],"heightMap":[{"0":-0.06041432544589043,"1":-0.0763375535607338,"2":-0.13516710698604584,"BYTES_PER_ELEMENT":4,"buffer":{"0":3,"1":117,"2":119,"3":189,"4":221,"5":86,"6":156,"7":189,"8":63,"9":105,"10":10,"11":190,"byteLength":12},"length":3,"byteOffset":0,"byteLength":12},{"0":-0.04495714232325554,"1":0.010035946033895016,"2":-0.28539374470710754,"BYTES_PER_ELEMENT":4,"buffer":{"0":251,"1":36,"2":56,"3":189,"4":207,"5":109,"6":36,"7":60,"8":33,"9":31,"10":146,"11":190,"byteLength":12},"length":3,"byteOffset":0,"byteLength":12},{"0":-0.018074432387948036,"1":-0.08767285197973251,"2":-0.18416988849639893,"BYTES_PER_ELEMENT":4,"buffer":{"0":213,"1":16,"2":148,"3":188,"4":211,"5":141,"6":179,"7":189,"8":8,"9":151,"10":60,"11":190,"byteLength":12},"length":3,"byteOffset":0,"byteLength":12}],"roughness":0.16579690976854183}