{"vertices":[-50,-14.115768373012543,-50,-50,-16.01563572883606,0,-50,-11.453395038843155,50,0,-13.719951212406158,-50,0,-13.906964361667633,0,0,-13.108435273170471,50,50,-13.974655866622925,-50,50,-16.188329458236694,0,50,-13.187914490699768,50],"normals":[0.007910387086392155,-0.9992476165350682,-0.037968758540788634,0.0014110540768283895,-0.9999920097594543,-0.0037402330996285362,-0.005089041943204926,-0.9990084317175253,-0.04422957166185147,0.04212119674410697,-0.9987615282287515,0.02648045533998614,-0.001723581145133069,-0.999979821222174,0.006114443270248234,-0.04557848133674962,-0.998930013554055,0.00783773308622171,-0.03294597191047951,-0.9953223863427781,0.09081800581267721,-0.017336075488117966,-0.9997222327623091,0.015966145665560684,-0.0015867280162207955,-0.9982030935545577,0.059900470050855165],"colors":[],"uvs":[],"faces":[0,1,3,1,4,3,3,4,6,4,7,6,1,2,4,2,5,4,4,5,7,5,8,7],"heightMap":[{"0":-0.20578841865062714,"1":-0.300781786441803,"2":-0.07266975194215775,"BYTES_PER_ELEMENT":4,"buffer":{"0":51,"1":186,"2":82,"3":190,"4":18,"5":0,"6":154,"7":190,"8":225,"9":211,"10":148,"11":189,"byteLength":12},"length":3,"byteOffset":0,"byteLength":12},{"0":-0.18599756062030792,"1":-0.19534821808338165,"2":-0.15542176365852356,"BYTES_PER_ELEMENT":4,"buffer":{"0":37,"1":118,"2":62,"3":190,"4":93,"5":9,"6":72,"7":190,"8":226,"9":38,"10":31,"11":190,"byteLength":12},"length":3,"byteOffset":0,"byteLength":12},{"0":-0.19873279333114624,"1":-0.3094164729118347,"2":-0.1593957245349884,"BYTES_PER_ELEMENT":4,"buffer":{"0":156,"1":128,"2":75,"3":190,"4":214,"5":107,"6":158,"7":190,"8":162,"9":56,"10":35,"11":190,"byteLength":12},"length":3,"byteOffset":0,"byteLength":12}],"roughness":0.13906277167029657}