{"vertices":[-50,-9.583297707140446,-50,-50,-10.577705651521683,0,-50,-7.028273046016693,50,0,-9.40431609749794,-50,0,-9.992030911962502,0,0,-7.258462905883789,50,50,-8.742847442626953,-50,50,-9.935965775512159,0,50,-10.76410636305809,50],"normals":[0.003578901540504134,-0.9997958861953923,-0.019884099439847543,0.00840342978408602,-0.9998956184165165,-0.011753069357231822,0.01322445168144837,-0.9996279932590055,-0.02385348969645137,0.011708886285257998,-0.9996065643936519,0.0254876127379303,0.0064156133123557234,-0.9997497761353419,0.02142953623296966,0.0011210730473568973,-0.9997951653518556,-0.020208179885335423,-0.004592192274103192,-0.9974792714054764,0.07080970898483918,-0.03723698032255894,-0.9978163603786431,0.054551977573459316,-0.06993162650157121,-0.9974149875175711,-0.01651999667579838],"colors":[],"uvs":[],"faces":[0,1,3,1,4,3,3,4,6,4,7,6,1,2,4,2,5,4,4,5,7,5,8,7],"heightMap":[{"0":0.020835114642977715,"1":-0.028885282576084137,"2":0.14858634769916534,"BYTES_PER_ELEMENT":4,"buffer":{"0":103,"1":174,"2":170,"3":60,"4":212,"5":160,"6":236,"7":188,"8":5,"9":39,"10":24,"11":62,"byteLength":12},"length":3,"byteOffset":0,"byteLength":12},{"0":0.029784195125102997,"1":0.00039845440187491477,"2":0.13707685470581055,"BYTES_PER_ELEMENT":4,"buffer":{"0":252,"1":253,"2":243,"3":60,"4":165,"5":231,"6":208,"7":57,"8":224,"9":93,"10":12,"11":62,"byteLength":12},"length":3,"byteOffset":0,"byteLength":12},{"0":0.06285762786865234,"1":0.0032017112243920565,"2":-0.03820531815290451,"BYTES_PER_ELEMENT":4,"buffer":{"0":128,"1":187,"2":128,"3":61,"4":205,"5":211,"6":81,"7":59,"8":46,"9":125,"10":28,"11":189,"byteLength":12},"length":3,"byteOffset":0,"byteLength":12}],"roughness":0.08974450458772483}