{"vertices":[-50,-12.703342139720917,-50,-50,-13.304611444473267,0,-50,-13.900195956230164,50,0,-15.70787489414215,-50,0,-13.600688576698303,0,0,-14.171626269817352,50,50,-13.683397769927979,-50,50,-13.962388634681702,0,50,-13.396104276180267,50],"normals":[-0.059978136781393486,-0.9981275240407078,-0.012002868848682813,-0.009766742635852657,-0.9990654808887975,0.04210434223118665,0.040455765150372004,-0.9991657763501635,-0.005575162479525145,-0.005921014778264236,-0.9999108566351391,-0.011967471210659737,-0.006576851879319913,-0.999860561697782,0.015349338121017034,-0.007233782039616866,-0.9999697097019661,0.0028726426803503745,-0.00542814121360108,-0.9999143319446254,-0.01191066978379927,0.005039971826200513,-0.9999221124940749,-0.011417864484121869,0.015507580190209235,-0.9998156285343339,0.011323599036485473],"colors":[],"uvs":[],"faces":[0,1,3,1,4,3,3,4,6,4,7,6,1,2,4,2,5,4,4,5,7,5,8,7],"heightMap":[{"0":-0.13516710698604584,"1":-0.16523057222366333,"2":-0.19500979781150818,"BYTES_PER_ELEMENT":4,"buffer":{"0":63,"1":105,"2":10,"3":190,"4":52,"5":50,"6":41,"7":190,"8":166,"9":176,"10":71,"11":190,"byteLength":12},"length":3,"byteOffset":0,"byteLength":12},{"0":-0.28539374470710754,"1":-0.18003442883491516,"2":-0.20858131349086761,"BYTES_PER_ELEMENT":4,"buffer":{"0":33,"1":31,"2":146,"3":190,"4":242,"5":90,"6":56,"7":190,"8":87,"9":150,"10":85,"11":190,"byteLength":12},"length":3,"byteOffset":0,"byteLength":12},{"0":-0.18416988849639893,"1":-0.19811943173408508,"2":-0.16980521380901337,"BYTES_PER_ELEMENT":4,"buffer":{"0":8,"1":151,"2":60,"3":190,"4":210,"5":223,"6":74,"7":190,"8":107,"9":225,"10":45,"11":190,"byteLength":12},"length":3,"byteOffset":0,"byteLength":12}],"roughness":0.027135477692499983}