{"vertices":[-50,-7.028273046016693,-50,-50,-6.947299242019653,0,-50,-11.231477037072182,50,0,-7.258462905883789,-50,0,-9.162018597126007,0,0,-9.607911892235279,50,50,-10.76410636305809,-50,50,-9.40743736922741,0,50,-8.536496013402939,50],"normals":[-0.004603742372502867,-0.9999880913870222,0.001619456794226933,-0.03726549122415029,-0.9985819851721986,-0.038017128420929816,-0.06991556494283772,-0.9971859060532164,0.02705702399654706,-0.04421218472317324,-0.9981441806889819,-0.04187454213152745,-0.02457764911006671,-0.9994222429108206,-0.023475935323798432,-0.004907099042079798,-0.9997399547032775,0.022269785559810306,0.03233583985968798,-0.9958282229240735,-0.08532610320675871,0.026938138435438703,-0.9995973551364766,-0.008914275169286334,0.02142015175423862,-0.9996189237732279,0.017412189215577065],"colors":[],"uvs":[],"faces":[0,1,3,1,4,3,3,4,6,4,7,6,1,2,4,2,5,4,4,5,7,5,8,7],"heightMap":[{"0":0.14858634769916534,"1":0.15263503789901733,"2":-0.061573851853609085,"BYTES_PER_ELEMENT":4,"buffer":{"0":5,"1":39,"2":24,"3":62,"4":92,"5":76,"6":28,"7":62,"8":221,"9":52,"10":124,"11":189,"byteLength":12},"length":3,"byteOffset":0,"byteLength":12},{"0":0.13707685470581055,"1":0.041899070143699646,"2":0.019604405388236046,"BYTES_PER_ELEMENT":4,"buffer":{"0":224,"1":93,"2":12,"3":62,"4":92,"5":158,"6":43,"7":61,"8":107,"9":153,"10":160,"11":60,"byteLength":12},"length":3,"byteOffset":0,"byteLength":12},{"0":-0.03820531815290451,"1":0.029628131538629532,"2":0.07317519932985306,"BYTES_PER_ELEMENT":4,"buffer":{"0":46,"1":125,"2":28,"3":189,"4":178,"5":182,"6":242,"7":60,"8":225,"9":220,"10":149,"11":61,"byteLength":12},"length":3,"byteOffset":0,"byteLength":12}],"roughness":0.02}