{"vertices":[-50,-11.453395038843155,-50,-50,-13.956933617591858,0,-50,-15.83401620388031,50,0,-13.108435273170471,-50,0,-12.946948111057281,0,0,-13.993237614631653,50,50,-13.187914490699768,-50,50,-11.32113054394722,0,50,-11.91101223230362,50],"normals":[-0.03304133843319864,-0.9982034801295373,-0.04998081843891022,-0.01733819409441594,-0.9998444674191466,0.003229240911961831,-0.0015884756005725817,-0.9993024906083486,0.037309636948350086,0.020176250092920192,-0.9988385953254006,-0.043753621799443594,0.026346851530057162,-0.9996137449841265,-0.008843316869979535,0.03249653182636654,-0.9993904754064775,0.012753551900265786,0.036764783927157214,-0.998620478907334,-0.03748986222535982,0.03919109281157636,-0.999013029691724,-0.020905136938009654,0.041605552938429706,-0.9990645895381552,-0.011786598137077206],"colors":[],"uvs":[],"faces":[0,1,3,1,4,3,3,4,6,4,7,6,1,2,4,2,5,4,4,5,7,5,8,7],"heightMap":[{"0":-0.07266975194215775,"1":-0.1978466808795929,"2":-0.2917008101940155,"BYTES_PER_ELEMENT":4,"buffer":{"0":225,"1":211,"2":148,"3":189,"4":82,"5":152,"6":74,"7":190,"8":207,"9":89,"10":149,"11":190,"byteLength":12},"length":3,"byteOffset":0,"byteLength":12},{"0":-0.15542176365852356,"1":-0.14734740555286407,"2":-0.19966188073158264,"BYTES_PER_ELEMENT":4,"buffer":{"0":226,"1":38,"2":31,"3":190,"4":61,"5":226,"6":22,"7":190,"8":42,"9":116,"10":76,"11":190,"byteLength":12},"length":3,"byteOffset":0,"byteLength":12},{"0":-0.1593957245349884,"1":-0.06605652719736099,"2":-0.09555061161518097,"BYTES_PER_ELEMENT":4,"buffer":{"0":162,"1":56,"2":35,"3":190,"4":165,"5":72,"6":135,"7":189,"8":10,"9":176,"10":195,"11":189,"byteLength":12},"length":3,"byteOffset":0,"byteLength":12}],"roughness":0.1721809519996123}