{"vertices":[-50,-15.83401620388031,-50,-50,-16.70125126838684,0,-50,-18.83744776248932,50,0,-13.993237614631653,-50,0,-16.139972805976868,0,0,-16.46089494228363,50,50,-11.91101223230362,-50,50,-12.288075238466263,0,50,-15.024946928024292,50],"normals":[0.036785122168337334,-0.9991729147434228,-0.017330355743413815,0.03916363481034261,-0.998313094632639,-0.042862277044572634,0.04160726219230403,-0.9991056334589727,-0.007534515472521448,0.011219804964420287,-0.99948650410044,-0.030014064996958825,0.044028019906867,-0.9987264658008235,-0.024636963531999064,0.07677340708627922,-0.9965660527143272,-0.031015263044978147,0.04743428161964861,-0.9979639673134474,-0.04263694256431172,0.038093186946799654,-0.9992536085376674,-0.006413652055282997,0.028664249944201727,-0.998094974872288,-0.05463315760436195],"colors":[],"uvs":[],"faces":[0,1,3,1,4,3,3,4,6,4,7,6,1,2,4,2,5,4,4,5,7,5,8,7],"heightMap":[{"0":-0.2917008101940155,"1":-0.33506256341934204,"2":-0.44187238812446594,"BYTES_PER_ELEMENT":4,"buffer":{"0":207,"1":89,"2":149,"3":190,"4":82,"5":141,"6":171,"7":190,"8":25,"9":61,"10":226,"11":190,"byteLength":12},"length":3,"byteOffset":0,"byteLength":12},{"0":-0.19966188073158264,"1":-0.3069986402988434,"2":-0.3230447471141815,"BYTES_PER_ELEMENT":4,"buffer":{"0":42,"1":116,"2":76,"3":190,"4":237,"5":46,"6":157,"7":190,"8":31,"9":102,"10":165,"11":190,"byteLength":12},"length":3,"byteOffset":0,"byteLength":12},{"0":-0.09555061161518097,"1":-0.11440376192331314,"2":-0.2512473464012146,"BYTES_PER_ELEMENT":4,"buffer":{"0":10,"1":176,"2":195,"3":189,"4":133,"5":76,"6":234,"7":189,"8":126,"9":163,"10":128,"11":190,"byteLength":12},"length":3,"byteOffset":0,"byteLength":12}],"roughness":0.06532414184039452}