{"vertices":[-50,-15.990716218948364,-50,-50,-15.925490260124207,0,-50,-16.559504866600037,50,0,-15.364832878112793,-50,0,-17.444254159927368,0,0,-15.889385342597961,50,50,-15.712375044822693,-50,50,-16.451264023780823,0,50,-16.664936542510986,50],"normals":[0.01251667557435302,-0.9999208125305682,0.0013044158749107434,0.002780733983189814,-0.9991324587179214,-0.041552345960195365,-0.006949916635049033,-0.9998666781706322,-0.01477580937855511,-0.030360784084043527,-0.9995228385392362,-0.005684894745746099,-0.005254282593333789,-0.999972475115361,-0.005238466005244599,0.019854987042010542,-0.9997575161753844,-0.009523042601366364,0.013400109882419247,-0.999829836503745,-0.01267813440667431,-0.0010535867739852912,-0.9995162722476068,0.03108233368262267,-0.015509016840730926,-0.9998705979998614,-0.004272897381577306],"colors":[],"uvs":[],"faces":[0,1,3,1,4,3,3,4,6,4,7,6,1,2,4,2,5,4,4,5,7,5,8,7],"heightMap":[{"0":-0.2995358109474182,"1":-0.2962745130062103,"2":-0.32797524333000183,"BYTES_PER_ELEMENT":4,"buffer":{"0":194,"1":92,"2":153,"3":190,"4":75,"5":177,"6":151,"7":190,"8":95,"9":236,"10":167,"11":190,"byteLength":12},"length":3,"byteOffset":0,"byteLength":12},{"0":-0.26824164390563965,"1":-0.3722127079963684,"2":-0.29446926712989807,"BYTES_PER_ELEMENT":4,"buffer":{"0":248,"1":86,"2":137,"3":190,"4":170,"5":146,"6":190,"7":190,"8":173,"9":196,"10":150,"11":190,"byteLength":12},"length":3,"byteOffset":0,"byteLength":12},{"0":-0.28561875224113464,"1":-0.32256320118904114,"2":-0.3332468271255493,"BYTES_PER_ELEMENT":4,"buffer":{"0":159,"1":60,"2":146,"3":190,"4":1,"5":39,"6":165,"7":190,"8":84,"9":159,"10":170,"11":190,"byteLength":12},"length":3,"byteOffset":0,"byteLength":12}],"roughness":0.09805817033731729}