{"vertices":[-50,-18.83744776248932,-50,-50,-17.280571460723877,0,-50,-16.25390589237213,50,0,-16.46089494228363,-50,0,-15.619895458221436,0,0,-16.55468761920929,50,50,-15.024946928024292,-50,50,-13.688097894191742,0,50,-15.93449592590332,50],"normals":[0.04745450884450589,-0.9983895253882628,0.031087379840156665,0.038088591599785976,-0.9991330429275357,0.016805407472230968,0.028696877282746946,-0.9992310653930179,0.026716421686922516,0.033184155618428635,-0.9991158892048797,0.025811852979482276,0.03590129719068485,-0.9993549013444396,-0.0009370266118835216,0.038605556486981094,-0.9992133028279274,-0.009076698741018557,-0.006014258016372097,-0.9997711761971809,0.020528612856643442,0.003193254552860622,-0.9998201809657037,-0.018692481351283954,0.012390382877520353,-0.9989155781394514,-0.04487923977156994],"colors":[],"uvs":[],"faces":[0,1,3,1,4,3,3,4,6,4,7,6,1,2,4,2,5,4,4,5,7,5,8,7],"heightMap":[{"0":-0.44187238812446594,"1":-0.36402857303619385,"2":-0.31269529461860657,"BYTES_PER_ELEMENT":4,"buffer":{"0":25,"1":61,"2":226,"3":190,"4":244,"5":97,"6":186,"7":190,"8":153,"9":25,"10":160,"11":190,"byteLength":12},"length":3,"byteOffset":0,"byteLength":12},{"0":-0.3230447471141815,"1":-0.2809947729110718,"2":-0.3277343809604645,"BYTES_PER_ELEMENT":4,"buffer":{"0":31,"1":102,"2":165,"3":190,"4":140,"5":222,"6":143,"7":190,"8":205,"9":204,"10":167,"11":190,"byteLength":12},"length":3,"byteOffset":0,"byteLength":12},{"0":-0.2512473464012146,"1":-0.1844048947095871,"2":-0.296724796295166,"BYTES_PER_ELEMENT":4,"buffer":{"0":126,"1":163,"2":128,"3":190,"4":163,"5":212,"6":60,"7":190,"8":80,"9":236,"10":151,"11":190,"byteLength":12},"length":3,"byteOffset":0,"byteLength":12}],"roughness":0.12216251836833636}