{"vertices":[-50,-16.25390589237213,-50,-50,-18.6245197057724,0,-50,-18.430479764938354,50,0,-16.55468761920929,-50,0,-17.511897683143616,0,0,-17.989559769630432,50,50,-15.93449592590332,-50,50,-18.636398911476135,0,50,-18.556610345840454,50],"normals":[-0.006008776092684804,-0.9988598968211134,-0.047358221381113966,0.0031932274793364758,-0.9998117027044422,-0.019140596477360137,0.012384813218596316,-0.9984665509286589,-0.0539551950989747,0.02224167479016523,-0.99951620306845,-0.02174092238516011,-0.00011872042719125485,-0.9998970706719014,-0.014346914902195505,-0.022476629249629013,-0.9994043885109294,-0.02618528905072574,0.008817990651650372,-0.9999535908427345,0.003880618712078309,-0.0012611191354284224,-0.9999535757346693,-0.009552798227507497,-0.011340267825310352,-0.9999344239366569,0.0015956666683129392],"colors":[],"uvs":[],"faces":[0,1,3,1,4,3,3,4,6,4,7,6,1,2,4,2,5,4,4,5,7,5,8,7],"heightMap":[{"0":-0.31269529461860657,"1":-0.43122598528862,"2":-0.4215239882469177,"BYTES_PER_ELEMENT":4,"buffer":{"0":153,"1":25,"2":160,"3":190,"4":167,"5":201,"6":220,"7":190,"8":254,"9":209,"10":215,"11":190,"byteLength":12},"length":3,"byteOffset":0,"byteLength":12},{"0":-0.3277343809604645,"1":-0.3755948841571808,"2":-0.3994779884815216,"BYTES_PER_ELEMENT":4,"buffer":{"0":205,"1":204,"2":167,"3":190,"4":249,"5":77,"6":192,"7":190,"8":97,"9":136,"10":204,"11":190,"byteLength":12},"length":3,"byteOffset":0,"byteLength":12},{"0":-0.296724796295166,"1":-0.43181994557380676,"2":-0.4278305172920227,"BYTES_PER_ELEMENT":4,"buffer":{"0":80,"1":236,"2":151,"3":190,"4":129,"5":23,"6":221,"7":190,"8":154,"9":12,"10":219,"11":190,"byteLength":12},"length":3,"byteOffset":0,"byteLength":12}],"roughness":0.09799005547315404}