{"vertices":[-50,-18.430479764938354,-50,-50,-20.550040006637573,0,-50,-16.402063965797424,50,0,-17.989559769630432,-50,0,-17.958637475967407,0,0,-17.634704113006592,50,50,-18.556610345840454,-50,50,-18.904616236686707,0,50,-18.93155574798584,50],"normals":[0.00881014523816196,-0.9990639267798775,-0.042351523562370555,-0.0012611764288549558,-0.9999990134792494,0.000618445263150811,-0.01134000762765481,-0.9999114808636349,-0.006959501713306895,0.0517480481285649,-0.9984563863797391,0.020173844759909604,0.016431358058306506,-0.9998587010136872,0.0035480247436681495,-0.018916057075089057,-0.9998140476592595,-0.0037487181729283143,-0.024560993093813776,-0.9962758859275578,0.08265057009788608,-0.02528628870345212,-0.9996592714881212,0.006476459792562117,-0.025928309032382534,-0.9996636597831575,-0.0005386090091612265],"colors":[],"uvs":[],"faces":[0,1,3,1,4,3,3,4,6,4,7,6,1,2,4,2,5,4,4,5,7,5,8,7],"heightMap":[{"0":-0.4215239882469177,"1":-0.5275020003318787,"2":-0.3201031982898712,"BYTES_PER_ELEMENT":4,"buffer":{"0":254,"1":209,"2":215,"3":190,"4":95,"5":10,"6":7,"7":191,"8":145,"9":228,"10":163,"11":190,"byteLength":12},"length":3,"byteOffset":0,"byteLength":12},{"0":-0.3994779884815216,"1":-0.39793187379837036,"2":-0.3817352056503296,"BYTES_PER_ELEMENT":4,"buffer":{"0":97,"1":136,"2":204,"3":190,"4":186,"5":189,"6":203,"7":190,"8":204,"9":114,"10":195,"11":190,"byteLength":12},"length":3,"byteOffset":0,"byteLength":12},{"0":-0.4278305172920227,"1":-0.4452308118343353,"2":-0.446577787399292,"BYTES_PER_ELEMENT":4,"buffer":{"0":154,"1":12,"2":219,"3":190,"4":75,"5":245,"6":227,"7":190,"8":216,"9":165,"10":228,"11":190,"byteLength":12},"length":3,"byteOffset":0,"byteLength":12}],"roughness":0.030101636073628132}