{"vertices":[-50,-16.402063965797424,-50,-50,-16.5350204706192,0,-50,-19.619334936141968,50,0,-17.634704113006592,-50,0,-17.544506192207336,0,0,-17.7072674036026,50,50,-18.93155574798584,-50,50,-18.50323796272278,0,50,-19.25626814365387,50],"normals":[-0.02464522777514346,-0.9996927258512129,-0.002658313014498651,-0.02528677791189044,-0.999678611698929,0.0018033786448545912,-0.025927362143571463,-0.9996271525688575,0.008563161761542272,-0.020175184356206525,-0.9992803228789946,-0.03212161644508711,-0.019678353465238635,-0.9998060992375924,-0.0007254875647144583,-0.019171010442905628,-0.9998109498655051,-0.0032460572444925066,0.03814102677291574,-0.9973765602897304,-0.061524459049499096,0.003626281000971913,-0.999988126855991,-0.003255185578159234,-0.030961650961100925,-0.9994072359215317,-0.015051676233796657],"colors":[],"uvs":[],"faces":[0,1,3,1,4,3,3,4,6,4,7,6,1,2,4,2,5,4,4,5,7,5,8,7],"heightMap":[{"0":-0.3201031982898712,"1":-0.3267510235309601,"2":-0.4809667468070984,"BYTES_PER_ELEMENT":4,"buffer":{"0":145,"1":228,"2":163,"3":190,"4":233,"5":75,"6":167,"7":190,"8":70,"9":65,"10":246,"11":190,"byteLength":12},"length":3,"byteOffset":0,"byteLength":12},{"0":-0.3817352056503296,"1":-0.3772253096103668,"2":-0.38536337018013,"BYTES_PER_ELEMENT":4,"buffer":{"0":204,"1":114,"2":195,"3":190,"4":173,"5":35,"6":193,"7":190,"8":89,"9":78,"10":197,"11":190,"byteLength":12},"length":3,"byteOffset":0,"byteLength":12},{"0":-0.446577787399292,"1":-0.4251618981361389,"2":-0.4628134071826935,"BYTES_PER_ELEMENT":4,"buffer":{"0":216,"1":165,"2":228,"3":190,"4":210,"5":174,"6":217,"7":190,"8":225,"9":245,"10":236,"11":190,"byteLength":12},"length":3,"byteOffset":0,"byteLength":12}],"roughness":0.09028082038975965}