{"vertices":[-50,-19.619334936141968,-50,-50,-16.094592213630676,0,-50,-16.816099286079407,50,0,-17.7072674036026,-50,0,-18.459718227386475,0,0,-17.226315140724182,50,50,-19.25626814365387,-50,50,-19.15296733379364,0,50,-18.722362518310547,50],"normals":[0.03811895799331563,-0.9967994682355916,0.07026923342933054,0.003625890595627105,-0.999880209962997,-0.01504721375343701,-0.030965092761319715,-0.9995183333577626,0.0020650210661200745,-0.04723124251179507,-0.9984931508319993,0.027939890342989052,-0.030560582084924622,-0.9995213652774698,0.004805327927767891,-0.013863452085065318,-0.9998896469491377,0.005338409895637675,-0.008203187018475135,-0.9998622585636834,-0.014428153820565176,-0.019051132419101315,-0.9995144480546616,0.024656084107883544,-0.029906454936453105,-0.9995156364868081,0.00860792492443737],"colors":[],"uvs":[],"faces":[0,1,3,1,4,3,3,4,6,4,7,6,1,2,4,2,5,4,4,5,7,5,8,7],"heightMap":[{"0":-0.4809667468070984,"1":-0.3047296106815338,"2":-0.34080496430397034,"BYTES_PER_ELEMENT":4,"buffer":{"0":70,"1":65,"2":246,"3":190,"4":133,"5":5,"6":156,"7":190,"8":253,"9":125,"10":174,"11":190,"byteLength":12},"length":3,"byteOffset":0,"byteLength":12},{"0":-0.38536337018013,"1":-0.42298591136932373,"2":-0.3613157570362091,"BYTES_PER_ELEMENT":4,"buffer":{"0":89,"1":78,"2":197,"3":190,"4":156,"5":145,"6":216,"7":190,"8":97,"9":254,"10":184,"11":190,"byteLength":12},"length":3,"byteOffset":0,"byteLength":12},{"0":-0.4628134071826935,"1":-0.457648366689682,"2":-0.43611812591552734,"BYTES_PER_ELEMENT":4,"buffer":{"0":225,"1":245,"2":236,"3":190,"4":227,"5":80,"6":234,"7":190,"8":224,"9":74,"10":223,"11":190,"byteLength":12},"length":3,"byteOffset":0,"byteLength":12}],"roughness":0.04645254073591221}