{"vertices":[-50,-16.816099286079407,-50,-50,-17.111330032348633,0,-50,-16.77254557609558,50,0,-17.226315140724182,-50,0,-12.44285762310028,0,0,-21.30739688873291,50,50,-18.722362518310547,-50,50,-21.80973172187805,0,50,-18.537763357162476,50],"normals":[-0.00820389798574676,-0.9999489162663995,-0.0059043132956086595,-0.018970360050231252,-0.9952757472679412,0.09521718510755157,-0.02985076133382661,-0.9976542782350276,-0.06160254188860382,0.09296509072006547,-0.9956692743422823,0.00043363362779616775,-0.046010002733111795,-0.9981395428546516,-0.04000665742606106,-0.18413391799246387,-0.9828995033492041,0.0018073628944947435,-0.09032422093419808,-0.9958895530101548,0.006747838014092802,-0.017289122333216896,-0.9844978604663697,-0.17454239882070896,0.05519019986074629,-0.9963448093700037,0.06520017393214447],"colors":[],"uvs":[],"faces":[0,1,3,1,4,3,3,4,6,4,7,6,1,2,4,2,5,4,4,5,7,5,8,7],"heightMap":[{"0":-0.34080496430397034,"1":-0.35556650161743164,"2":-0.33862727880477905,"BYTES_PER_ELEMENT":4,"buffer":{"0":253,"1":125,"2":174,"3":190,"4":208,"5":12,"6":182,"7":190,"8":142,"9":96,"10":173,"11":190,"byteLength":12},"length":3,"byteOffset":0,"byteLength":12},{"0":-0.3613157570362091,"1":-0.12214288115501404,"2":-0.5653698444366455,"BYTES_PER_ELEMENT":4,"buffer":{"0":97,"1":254,"2":184,"3":190,"4":12,"5":38,"6":250,"7":189,"8":20,"9":188,"10":16,"11":191,"byteLength":12},"length":3,"byteOffset":0,"byteLength":12},{"0":-0.43611812591552734,"1":-0.5904865860939026,"2":-0.4268881678581238,"BYTES_PER_ELEMENT":4,"buffer":{"0":224,"1":74,"2":223,"3":190,"4":33,"5":42,"6":23,"7":191,"8":22,"9":145,"10":218,"11":190,"byteLength":12},"length":3,"byteOffset":0,"byteLength":12}],"roughness":0.2636415003802568}