{"vertices":[-50,-16.77254557609558,-50,-50,-12.089060693979263,0,-50,-16.94188117980957,50,0,-21.30739688873291,-50,0,-17.169148921966553,0,0,-16.77174746990204,50,50,-18.537763357162476,-50,50,-17.600935101509094,0,50,-16.919150352478027,50],"normals":[-0.08993579525528109,-0.9916068803033944,0.09288351665806945,-0.01749664410377781,-0.9964399206644567,0.08247030951389038,0.05529820777948906,-0.9982946687559408,0.01870461306317396,-0.10108123578802747,-0.9948767742964519,-0.0016696517756612788,-0.0548615914166636,-0.9974713333349661,0.04517903232912219,-0.008634270724536024,-0.9998317609057861,0.01618330167457378,0.0033867406153253155,-0.9953173351612744,-0.09660192707945324,0.00022729879642232448,-0.9999683900820183,0.007947777804744172,-0.002947770813149468,-0.9999027025912605,0.01363436826283336],"colors":[],"uvs":[],"faces":[0,1,3,1,4,3,3,4,6,4,7,6,1,2,4,2,5,4,4,5,7,5,8,7],"heightMap":[{"0":-0.33862727880477905,"1":-0.10445303469896317,"2":-0.3470940589904785,"BYTES_PER_ELEMENT":4,"buffer":{"0":142,"1":96,"2":173,"3":190,"4":121,"5":235,"6":213,"7":189,"8":80,"9":182,"10":177,"11":190,"byteLength":12},"length":3,"byteOffset":0,"byteLength":12},{"0":-0.5653698444366455,"1":-0.35845744609832764,"2":-0.33858737349510193,"BYTES_PER_ELEMENT":4,"buffer":{"0":20,"1":188,"2":16,"3":191,"4":188,"5":135,"6":183,"7":190,"8":83,"9":91,"10":173,"11":190,"byteLength":12},"length":3,"byteOffset":0,"byteLength":12},{"0":-0.4268881678581238,"1":-0.3800467550754547,"2":-0.34595751762390137,"BYTES_PER_ELEMENT":4,"buffer":{"0":22,"1":145,"2":218,"3":190,"4":125,"5":149,"6":194,"7":190,"8":88,"9":33,"10":177,"11":190,"byteLength":12},"length":3,"byteOffset":0,"byteLength":12}],"roughness":0.02}