{"vertices":[-50,-16.94188117980957,-50,-50,-16.51408076286316,0,-50,-15.990716218948364,50,0,-16.77174746990204,-50,0,-16.15181267261505,0,0,-15.364832878112793,50,50,-16.919150352478027,-50,50,-17.161630392074585,0,50,-15.712375044822693,50],"normals":[0.003402529962058627,-0.9999576109602012,0.008555645657950226,0.00022728850628806195,-0.9999231192023124,0.01239774272410515,-0.0029480101746820436,-0.9999838955531594,-0.004849522691793001,0.007244843938187991,-0.9999285243735084,0.009510961072851484,-0.006473501420028499,-0.9998800935524018,0.01406741969960987,-0.02019076797150932,-0.9997233947486908,0.01206096517175429,0.012516000696460328,-0.999866898498299,0.010465897666161255,0.0027827926370764147,-0.9998722840751686,0.015737585692999594,-0.00694775764952368,-0.9995560704613876,0.0289722395998851],"colors":[],"uvs":[],"faces":[0,1,3,1,4,3,3,4,6,4,7,6,1,2,4,2,5,4,4,5,7,5,8,7],"heightMap":[{"0":-0.3470940589904785,"1":-0.32570403814315796,"2":-0.2995358109474182,"BYTES_PER_ELEMENT":4,"buffer":{"0":80,"1":182,"2":177,"3":190,"4":174,"5":194,"6":166,"7":190,"8":194,"9":92,"10":153,"11":190,"byteLength":12},"length":3,"byteOffset":0,"byteLength":12},{"0":-0.33858737349510193,"1":-0.30759063363075256,"2":-0.26824164390563965,"BYTES_PER_ELEMENT":4,"buffer":{"0":83,"1":91,"2":173,"3":190,"4":133,"5":124,"6":157,"7":190,"8":248,"9":86,"10":137,"11":190,"byteLength":12},"length":3,"byteOffset":0,"byteLength":12},{"0":-0.34595751762390137,"1":-0.35808151960372925,"2":-0.28561875224113464,"BYTES_PER_ELEMENT":4,"buffer":{"0":88,"1":33,"2":177,"3":190,"4":118,"5":86,"6":183,"7":190,"8":159,"9":60,"10":146,"11":190,"byteLength":12},"length":3,"byteOffset":0,"byteLength":12}],"roughness":0.08054841755481902}