{"vertices":[-50,-9.056825414299965,-50,-50,-8.745540976524353,0,-50,-9.343749061226845,50,0,-9.997883171454305,-50,0,-7.398073077201843,0,0,-7.398628294467926,50,50,-9.583297707140446,-50,50,-10.577705651521683,0,50,-7.028273046016693,50],"normals":[-0.01881745792209461,-0.9998035603572639,0.006224465783437319,-0.00525658441509777,-0.9986371350920841,0.05192533808615518,0.008289785072028046,-0.9997679351527289,-0.019883543545069982,0.02693946629623438,-0.9996329526580635,-0.0028679462679485333,-0.018275019299746165,-0.999495873507367,0.025961943520070984,-0.06344391769918707,-0.9976611482029248,0.025438212857831467,0.03887023362662562,-0.9991727580851859,-0.011954264438020903,0.02314282250592292,-0.999732168954875,-0.000011101371233242347,0.0073883099119042,-0.9974625636872899,0.07080852292644528],"colors":[],"uvs":[],"faces":[0,1,3,1,4,3,3,4,6,4,7,6,1,2,4,2,5,4,4,5,7,5,8,7],"heightMap":[{"0":0.047158729285001755,"1":0.06272295117378235,"2":0.03281254693865776,"BYTES_PER_ELEMENT":4,"buffer":{"0":131,"1":41,"2":65,"3":61,"4":228,"5":116,"6":128,"7":61,"8":115,"9":102,"10":6,"11":61,"byteLength":12},"length":3,"byteOffset":0,"byteLength":12},{"0":0.00010584142728475854,"1":0.13009634613990784,"2":0.1300685852766037,"BYTES_PER_ELEMENT":4,"buffer":{"0":47,"1":247,"2":221,"3":56,"4":250,"5":55,"6":5,"7":62,"8":179,"9":48,"10":5,"11":62,"byteLength":12},"length":3,"byteOffset":0,"byteLength":12},{"0":0.020835114642977715,"1":-0.028885282576084137,"2":0.14858634769916534,"BYTES_PER_ELEMENT":4,"buffer":{"0":103,"1":174,"2":170,"3":60,"4":212,"5":160,"6":236,"7":188,"8":5,"9":39,"10":24,"11":62,"byteLength":12},"length":3,"byteOffset":0,"byteLength":12}],"roughness":0.12595124980434774}