{"vertices":[-50,-11.428731381893158,-50,-50,-12.1537546813488,0,-50,-13.552105128765106,50,0,-8.581296652555466,-50,0,-11.826516687870026,0,0,-12.526977360248566,50,50,-11.208286508917809,-50,50,-11.526751071214676,0,50,-12.703342139720917,50],"normals":[0.05685061474237269,-0.9982777507879176,-0.014475492572988274,0.002193269372543624,-0.9978979406312881,-0.0647679678027159,-0.052466369407113224,-0.9986024361693709,-0.006360389754865283,0.006543145009223023,-0.9997532590370528,-0.021227536319130685,0.0062650439336187505,-0.9992038808301994,-0.03939992079152593,0.005994534802459477,-0.9998703102350108,-0.0149475169524989,0.02049023922973402,-0.9993992875339522,-0.027950208817412787,0.00848526700964336,-0.9998658884169337,-0.014007334649777832,-0.0035262974562975786,-0.9997170259412256,-0.023525162475121358],"colors":[],"uvs":[],"faces":[0,1,3,1,4,3,3,4,6,4,7,6,1,2,4,2,5,4,4,5,7,5,8,7],"heightMap":[{"0":-0.0714365690946579,"1":-0.10768773406744003,"2":-0.1776052564382553,"BYTES_PER_ELEMENT":4,"buffer":{"0":86,"1":77,"2":146,"3":189,"4":99,"5":139,"6":220,"7":189,"8":39,"9":222,"10":53,"11":190,"byteLength":12},"length":3,"byteOffset":0,"byteLength":12},{"0":0.07093516737222672,"1":-0.09132583439350128,"2":-0.12634886801242828,"BYTES_PER_ELEMENT":4,"buffer":{"0":117,"1":70,"2":145,"3":61,"4":10,"5":9,"6":187,"7":189,"8":153,"9":97,"10":1,"11":190,"byteLength":12},"length":3,"byteOffset":0,"byteLength":12},{"0":-0.06041432544589043,"1":-0.0763375535607338,"2":-0.13516710698604584,"BYTES_PER_ELEMENT":4,"buffer":{"0":3,"1":117,"2":119,"3":189,"4":221,"5":86,"6":156,"7":189,"8":63,"9":105,"10":10,"11":190,"byteLength":12},"length":3,"byteOffset":0,"byteLength":12}],"roughness":0.09146841699548532}