{"vertices":[-50,-14.423863291740417,-50,-50,-17.872902750968933,0,-50,-15.329305529594421,50,0,-17.083759307861328,-50,0,-15.6349378824234,0,0,-16.227133870124817,50,50,-15.766022801399231,-50,50,-15.784936547279358,0,50,-16.375198364257812,50],"normals":[-0.05299721915039024,-0.9962272740962131,-0.06872054357435003,-0.01339359147508661,-0.9994907869436063,0.028961673333034225,0.026345580384564953,-0.9996528234350296,-0.0003781435894160314,0.04471271326629824,-0.9989592306548879,-0.009012700026099017,0.02086246689725253,-0.9997457052065906,0.008560513765995124,-0.0029999041397704112,-0.9999769473452327,-0.006091416359260427,-0.017930493376412938,-0.9985479722003667,0.05079807694996012,-0.010457035336319937,-0.9998751957066202,-0.011842441581992573,-0.0029610705748802854,-0.9999259418063354,-0.01180436206509],"colors":[],"uvs":[],"faces":[0,1,3,1,4,3,3,4,6,4,7,6,1,2,4,2,5,4,4,5,7,5,8,7],"heightMap":[{"0":-0.22119316458702087,"1":-0.39364513754844666,"2":-0.26646527647972107,"BYTES_PER_ELEMENT":4,"buffer":{"0":118,"1":128,"2":98,"3":190,"4":219,"5":139,"6":201,"7":190,"8":35,"9":110,"10":136,"11":190,"byteLength":12},"length":3,"byteOffset":0,"byteLength":12},{"0":-0.3541879653930664,"1":-0.28174689412117004,"2":-0.31135669350624084,"BYTES_PER_ELEMENT":4,"buffer":{"0":32,"1":88,"2":181,"3":190,"4":33,"5":65,"6":144,"7":190,"8":37,"9":106,"10":159,"11":190,"byteLength":12},"length":3,"byteOffset":0,"byteLength":12},{"0":-0.28830114006996155,"1":-0.2892468273639679,"2":-0.3187599182128906,"BYTES_PER_ELEMENT":4,"buffer":{"0":53,"1":156,"2":147,"3":190,"4":41,"5":24,"6":148,"7":190,"8":128,"9":52,"10":163,"11":190,"byteLength":12},"length":3,"byteOffset":0,"byteLength":12}],"roughness":0.02}