{"vertices":[-50,-13.552105128765106,-50,-50,-15.631320476531982,0,-50,-14.477437436580658,50,0,-12.526977360248566,-50,0,-13.279484808444977,0,0,-14.056054949760437,50,50,-12.703342139720917,-50,50,-13.304611444473267,0,50,-13.900195956230164,50],"normals":[0.020480554591313083,-0.9989269250285959,-0.04153968387634057,0.008485138748904573,-0.9998507703825766,-0.015047903035956173,-0.0035270186381400593,-0.9999214833858011,-0.012024441902446378,0.04698276353576497,-0.9988530273031573,-0.009233080626774236,0.02324496161906616,-0.999612947553016,-0.015284856679061702,-0.0005024966681141177,-0.9999282584989936,-0.011967679485529405,0.008425107406950705,-0.9996983347038342,0.023070699069646733,0.005771581893404644,-0.9998627558707428,-0.015529271232452162,0.0031169436071699225,-0.9999242060306578,-0.011910787400853443],"colors":[],"uvs":[],"faces":[0,1,3,1,4,3,3,4,6,4,7,6,1,2,4,2,5,4,4,5,7,5,8,7],"heightMap":[{"0":-0.1776052564382553,"1":-0.2815660238265991,"2":-0.2238718718290329,"BYTES_PER_ELEMENT":4,"buffer":{"0":39,"1":222,"2":53,"3":190,"4":108,"5":41,"6":144,"7":190,"8":171,"9":62,"10":101,"11":190,"byteLength":12},"length":3,"byteOffset":0,"byteLength":12},{"0":-0.12634886801242828,"1":-0.16397424042224884,"2":-0.20280274748802185,"BYTES_PER_ELEMENT":4,"buffer":{"0":153,"1":97,"2":1,"3":190,"4":221,"5":232,"6":39,"7":190,"8":134,"9":171,"10":79,"11":190,"byteLength":12},"length":3,"byteOffset":0,"byteLength":12},{"0":-0.13516710698604584,"1":-0.16523057222366333,"2":-0.19500979781150818,"BYTES_PER_ELEMENT":4,"buffer":{"0":63,"1":105,"2":10,"3":190,"4":52,"5":50,"6":41,"7":190,"8":166,"9":176,"10":71,"11":190,"byteLength":12},"length":3,"byteOffset":0,"byteLength":12}],"roughness":0.020695812037447477}