{"vertices":[-50,-14.477437436580658,-50,-50,-14.127971529960632,0,-50,-14.423863291740417,50,0,-14.056054949760437,-50,0,-11.534757316112518,0,0,-17.083759307861328,50,50,-13.900195956230164,-50,50,-15.858926773071289,0,50,-15.766022801399231,50],"normals":[0.008427144645985523,-0.9999400674642762,0.0069888992448418575,0.0057649534476797845,-0.9987144347695271,0.05036112682148854,0.0031147756195846433,-0.999228709564213,-0.0391444013299163,0.05179466230298066,-0.9986576123636483,0.0005350000534568273,-0.01721740430782689,-0.999399671478382,-0.030064225215411078,-0.08614690105431864,-0.9961092171779339,-0.018577914089080112,-0.05312187661310041,-0.9985705510881454,-0.005909375992457646,-0.013317703200140214,-0.9938098810417368,-0.11029306018640489,0.026345536821336415,-0.9996511704782993,0.0018574312804811133],"colors":[],"uvs":[],"faces":[0,1,3,1,4,3,3,4,6,4,7,6,1,2,4,2,5,4,4,5,7,5,8,7],"heightMap":[{"0":-0.2238718718290329,"1":-0.20639857649803162,"2":-0.22119316458702087,"BYTES_PER_ELEMENT":4,"buffer":{"0":171,"1":62,"2":101,"3":190,"4":38,"5":90,"6":83,"7":190,"8":118,"9":128,"10":98,"11":190,"byteLength":12},"length":3,"byteOffset":0,"byteLength":12},{"0":-0.20280274748802185,"1":-0.07673786580562592,"2":-0.3541879653930664,"BYTES_PER_ELEMENT":4,"buffer":{"0":134,"1":171,"2":79,"3":190,"4":190,"5":40,"6":157,"7":189,"8":32,"9":88,"10":181,"11":190,"byteLength":12},"length":3,"byteOffset":0,"byteLength":12},{"0":-0.19500979781150818,"1":-0.29294633865356445,"2":-0.28830114006996155,"BYTES_PER_ELEMENT":4,"buffer":{"0":166,"1":176,"2":71,"3":190,"4":16,"5":253,"6":149,"7":190,"8":53,"9":156,"10":147,"11":190,"byteLength":12},"length":3,"byteOffset":0,"byteLength":12}],"roughness":0.16364638500555884}