{"vertices":[-50,-10.514483824372292,-50,-50,-11.23689629137516,0,-50,-10.138210756704211,50,0,-11.753903329372406,-50,0,-10.403223372995853,0,0,-10.621448270976543,50,50,-11.231477037072182,-50,50,-11.398081183433533,0,50,-11.297611743211746,50],"normals":[-0.024778193293141803,-0.999588645861254,-0.014442305992893706,-0.007164911186854937,-0.9996096733567298,0.027003055000060956,0.01044789755723032,-0.9999398681896926,-0.003331882563048512,0.01667102330091862,-0.9998539555133773,0.0037609342394521804,-0.0016112050257202212,-0.9999346170702365,0.011321024819546228,-0.01989321441868142,-0.9998018917864036,-0.0006612113286711941,-0.00966196682562161,-0.9997119987849843,0.021967382238040872,-0.011593077164149406,-0.999923274377781,-0.004364163090792175,-0.013522005761028712,-0.9999065548696999,0.0020092010368370763],"colors":[],"uvs":[],"faces":[0,1,3,1,4,3,3,4,6,4,7,6,1,2,4,2,5,4,4,5,7,5,8,7],"heightMap":[{"0":-0.025724191218614578,"1":-0.06184481456875801,"2":-0.006910537835210562,"BYTES_PER_ELEMENT":4,"buffer":{"0":138,"1":187,"2":210,"3":188,"4":253,"5":80,"6":125,"7":189,"8":203,"9":113,"10":226,"11":187,"byteLength":12},"length":3,"byteOffset":0,"byteLength":12},{"0":-0.0876951664686203,"1":-0.02016116864979267,"2":-0.03107241354882717,"BYTES_PER_ELEMENT":4,"buffer":{"0":134,"1":153,"2":179,"3":189,"4":9,"5":41,"6":165,"7":188,"8":147,"9":139,"10":254,"11":188,"byteLength":12},"length":3,"byteOffset":0,"byteLength":12},{"0":-0.061573851853609085,"1":-0.06990405917167664,"2":-0.06488058716058731,"BYTES_PER_ELEMENT":4,"buffer":{"0":221,"1":52,"2":124,"3":189,"4":220,"5":41,"6":143,"7":189,"8":29,"9":224,"10":132,"11":189,"byteLength":12},"length":3,"byteOffset":0,"byteLength":12}],"roughness":0.02}