{"vertices":[-50,-10.138210756704211,-50,-50,-9.894534321501851,0,-50,-11.428731381893158,50,0,-10.621448270976543,-50,0,-11.261313110589981,0,0,-8.581296652555466,50,50,-11.297611743211746,-50,50,-9.944679774343967,0,50,-11.208286508917809,50],"normals":[-0.009664184180495725,-0.9999414258067515,0.0048732432410350905,-0.011592238503687546,-0.9998509379010879,-0.012795389200348497,-0.013517086462065533,-0.9995427893628975,0.02704626787960673,-0.027323096445047882,-0.9995434763542445,-0.012895242468704125,-0.0005009901671613544,-0.999792285724143,0.020374847615278153,0.02632353133149015,-0.999653077543359,0.0008923319624676287,0.05682991184888348,-0.9979142149134004,-0.030619941100856755,0.0021947249818331147,-0.9985641852935759,0.053523369019812216,-0.05245072982216431,-0.9983047649600391,-0.025229292483213216],"colors":[],"uvs":[],"faces":[0,1,3,1,4,3,3,4,6,4,7,6,1,2,4,2,5,4,4,5,7,5,8,7],"heightMap":[{"0":-0.006910537835210562,"1":0.005273283924907446,"2":-0.0714365690946579,"BYTES_PER_ELEMENT":4,"buffer":{"0":203,"1":113,"2":226,"3":187,"4":131,"5":203,"6":172,"7":59,"8":86,"9":77,"10":146,"11":189,"byteLength":12},"length":3,"byteOffset":0,"byteLength":12},{"0":-0.03107241354882717,"1":-0.06306565552949905,"2":0.07093516737222672,"BYTES_PER_ELEMENT":4,"buffer":{"0":147,"1":139,"2":254,"3":188,"4":145,"5":40,"6":129,"7":189,"8":117,"9":70,"10":145,"11":61,"byteLength":12},"length":3,"byteOffset":0,"byteLength":12},{"0":-0.06488058716058731,"1":0.002766011282801628,"2":-0.06041432544589043,"BYTES_PER_ELEMENT":4,"buffer":{"0":29,"1":224,"2":132,"3":189,"4":248,"5":69,"6":53,"7":59,"8":3,"9":117,"10":119,"11":189,"byteLength":12},"length":3,"byteOffset":0,"byteLength":12}],"roughness":0.19347038801177407}