{"vertices":[-50,-15.993151664733887,-50,-50,-16.304839253425598,0,-50,-17.060879468917847,50,0,-12.780490517616272,-50,0,-18.43441128730774,0,0,-13.316561877727509,50,50,-14.115768373012543,-50,50,-16.01563572883606,0,50,-11.453395038843155,50],"normals":[0.06411975754936096,-0.9979228218153184,-0.0062208031606408995,0.018613711081762768,-0.9934951495568098,-0.11234285721333956,-0.026676801872737695,-0.9989232490050101,-0.03795643343515571,-0.042550441154082866,-0.9990373764562163,-0.010666789632935462,0.002886080711374336,-0.9999817940390556,-0.005299257359220836,0.04830207182297847,-0.9984818900166677,0.026473102695964864,0.07466876284174617,-0.9970944107068732,-0.015076869462738821,0.05567741712317027,-0.9932592019131703,0.101667020401429,0.03708365359093115,-0.99517801672384,0.09080483283367884],"colors":[],"uvs":[],"faces":[0,1,3,1,4,3,3,4,6,4,7,6,1,2,4,2,5,4,4,5,7,5,8,7],"heightMap":[{"0":-0.29965758323669434,"1":-0.3152419626712799,"2":-0.35304397344589233,"BYTES_PER_ELEMENT":4,"buffer":{"0":184,"1":108,"2":153,"3":190,"4":101,"5":103,"6":161,"7":190,"8":46,"9":194,"10":180,"11":190,"byteLength":12},"length":3,"byteOffset":0,"byteLength":12},{"0":-0.1390245258808136,"1":-0.42172056436538696,"2":-0.16582809388637543,"BYTES_PER_ELEMENT":4,"buffer":{"0":114,"1":92,"2":14,"3":190,"4":194,"5":235,"6":215,"7":190,"8":215,"9":206,"10":41,"11":190,"byteLength":12},"length":3,"byteOffset":0,"byteLength":12},{"0":-0.20578841865062714,"1":-0.300781786441803,"2":-0.07266975194215775,"BYTES_PER_ELEMENT":4,"buffer":{"0":51,"1":186,"2":82,"3":190,"4":18,"5":0,"6":154,"7":190,"8":225,"9":211,"10":148,"11":189,"byteLength":12},"length":3,"byteOffset":0,"byteLength":12}],"roughness":0.2037026304402025}