{"vertices":[-50,-9.343749061226845,-50,-50,-8.59714612364769,0,-50,-10.514483824372292,50,0,-7.398628294467926,-50,0,-9.265460669994354,0,0,-11.753903329372406,50,50,-7.028273046016693,-50,50,-6.947299242019653,0,50,-11.231477037072182,50],"normals":[0.03886868487256944,-0.9991329468281515,0.01491911186268031,0.023126725103983923,-0.9990364430239126,-0.037300671523356074,0.007406892068723967,-0.9999712572858651,0.0016194295318027819,-0.013364182723297077,-0.9998422745960165,-0.011697202691334865,0.016465956409907948,-0.9989175542891966,-0.043503930999357183,0.046272863667093364,-0.9980509361576341,-0.04187064512181335,-0.02476258931168213,-0.9989591583714766,-0.038306841116595006,-0.0071586688365131886,-0.9987382346742917,-0.0497060565743087,0.010409816858000746,-0.9962952680048601,-0.0853661212900466],"colors":[],"uvs":[],"faces":[0,1,3,1,4,3,3,4,6,4,7,6,1,2,4,2,5,4,4,5,7,5,8,7],"heightMap":[{"0":0.03281254693865776,"1":0.07014269381761551,"2":-0.025724191218614578,"BYTES_PER_ELEMENT":4,"buffer":{"0":115,"1":102,"2":6,"3":61,"4":249,"5":166,"6":143,"7":61,"8":138,"9":187,"10":210,"11":188,"byteLength":12},"length":3,"byteOffset":0,"byteLength":12},{"0":0.1300685852766037,"1":0.03672696650028229,"2":-0.0876951664686203,"BYTES_PER_ELEMENT":4,"buffer":{"0":179,"1":48,"2":5,"3":62,"4":4,"5":111,"6":22,"7":61,"8":134,"9":153,"10":179,"11":189,"byteLength":12},"length":3,"byteOffset":0,"byteLength":12},{"0":0.14858634769916534,"1":0.15263503789901733,"2":-0.061573851853609085,"BYTES_PER_ELEMENT":4,"buffer":{"0":5,"1":39,"2":24,"3":62,"4":92,"5":76,"6":28,"7":62,"8":221,"9":52,"10":124,"11":189,"byteLength":12},"length":3,"byteOffset":0,"byteLength":12}],"roughness":0.1498273500846699}