{"vertices":[-50,-15.329305529594421,-50,-50,-16.465861201286316,0,-50,-15.993151664733887,50,0,-16.227133870124817,-50,0,-16.847612857818604,0,0,-12.780490517616272,50,50,-16.375198364257812,-50,50,-12.969296872615814,0,50,-14.115768373012543,50],"normals":[-0.017949037495915234,-0.9995806929703159,-0.02272158211818254,-0.010456963631760291,-0.9998683387278172,-0.012407945892818082,-0.0029544305151077985,-0.9976836554934121,0.06796024500863707,-0.00763464247565768,-0.9999488338843608,-0.006636403210760073,0.03486076658062088,-0.9988016853117387,0.03434996902243074,0.07731449358489545,-0.9967534089522212,0.022474670716996586,0.06411814460101846,-0.9978977188201902,0.009434315363804367,0.01867041819602802,-0.9965342967803976,0.08106053802426752,-0.026689029098869593,-0.9993811022556456,-0.022915239035423324],"colors":[],"uvs":[],"faces":[0,1,3,1,4,3,3,4,6,4,7,6,1,2,4,2,5,4,4,5,7,5,8,7],"heightMap":[{"0":-0.26646527647972107,"1":-0.3232930600643158,"2":-0.29965758323669434,"BYTES_PER_ELEMENT":4,"buffer":{"0":35,"1":110,"2":136,"3":190,"4":171,"5":134,"6":165,"7":190,"8":184,"9":108,"10":153,"11":190,"byteLength":12},"length":3,"byteOffset":0,"byteLength":12},{"0":-0.31135669350624084,"1":-0.3423806428909302,"2":-0.1390245258808136,"BYTES_PER_ELEMENT":4,"buffer":{"0":37,"1":106,"2":159,"3":190,"4":132,"5":76,"6":175,"7":190,"8":114,"9":92,"10":14,"11":190,"byteLength":12},"length":3,"byteOffset":0,"byteLength":12},{"0":-0.3187599182128906,"1":-0.1484648436307907,"2":-0.20578841865062714,"BYTES_PER_ELEMENT":4,"buffer":{"0":128,"1":52,"2":163,"3":190,"4":43,"5":7,"6":24,"7":190,"8":51,"9":186,"10":82,"11":190,"byteLength":12},"length":3,"byteOffset":0,"byteLength":12}],"roughness":0.1155431653327105}