{"vertices":[-50,-17.060879468917847,-50,-50,-19.177013635635376,0,-50,-18.43628764152527,50,0,-13.316561877727509,-50,0,-15.392211079597473,0,0,-17.18516230583191,50,50,-11.453395038843155,-50,50,-13.956933617591858,0,50,-15.83401620388031,50],"normals":[0.07461083123421314,-0.9963208170396407,-0.04216697043899016,0.055919231482070085,-0.9975760903127844,-0.04141236031324581,0.03719096591375234,-0.9980578533702845,-0.04997352679471247,0.07547302726082143,-0.9970536922780708,-0.013702440321097534,0.05206242357898799,-0.9978973934057992,-0.038604355777474494,0.028666262638631597,-0.9986313934928718,-0.043744546137982426,0.02501193395479408,-0.9995774700275233,0.014808260303524065,0.025997184019002226,-0.9990199177514327,-0.03582387973130114,0.026994059037333182,-0.9989319067102694,-0.037501553739475356],"colors":[],"uvs":[],"faces":[0,1,3,1,4,3,3,4,6,4,7,6,1,2,4,2,5,4,4,5,7,5,8,7],"heightMap":[{"0":-0.35304397344589233,"1":-0.4588506817817688,"2":-0.4218143820762634,"BYTES_PER_ELEMENT":4,"buffer":{"0":46,"1":194,"2":180,"3":190,"4":122,"5":238,"6":234,"7":190,"8":14,"9":248,"10":215,"11":190,"byteLength":12},"length":3,"byteOffset":0,"byteLength":12},{"0":-0.16582809388637543,"1":-0.26961055397987366,"2":-0.35925811529159546,"BYTES_PER_ELEMENT":4,"buffer":{"0":215,"1":206,"2":41,"3":190,"4":101,"5":10,"6":138,"7":190,"8":174,"9":240,"10":183,"11":190,"byteLength":12},"length":3,"byteOffset":0,"byteLength":12},{"0":-0.07266975194215775,"1":-0.1978466808795929,"2":-0.2917008101940155,"BYTES_PER_ELEMENT":4,"buffer":{"0":225,"1":211,"2":148,"3":189,"4":82,"5":152,"6":74,"7":190,"8":207,"9":89,"10":149,"11":190,"byteLength":12},"length":3,"byteOffset":0,"byteLength":12}],"roughness":0.02}