{"vertices":[-50,-18.43628764152527,-50,-50,-17.397940754890442,0,-50,-16.470906734466553,50,0,-17.18516230583191,-50,0,-19.02078092098236,0,0,-15.60824990272522,50,50,-15.83401620388031,-50,50,-16.70125126838684,0,50,-18.83744776248932,50],"normals":[0.025009287902520994,-0.9994717231372001,0.02075596703998114,0.025996380649847457,-0.9989890458158822,-0.03667525777662042,0.027009001446607905,-0.9994848598384745,-0.017335766337906403,-0.03243346424127483,-0.9992809186926969,0.01963965208423443,0.006955088117287346,-0.9998521871927001,0.015723565602452052,0.04631991974601042,-0.9984765595511813,-0.02998374662312007,0.01724760597670878,-0.9996794404266922,0.01853473701587721,-0.023564677118203304,-0.9974019907689993,0.06807330462341266,-0.06439118738857942,-0.9970152060190476,-0.042596407753294985],"colors":[],"uvs":[],"faces":[0,1,3,1,4,3,3,4,6,4,7,6,1,2,4,2,5,4,4,5,7,5,8,7],"heightMap":[{"0":-0.4218143820762634,"1":-0.3698970377445221,"2":-0.32354533672332764,"BYTES_PER_ELEMENT":4,"buffer":{"0":14,"1":248,"2":215,"3":190,"4":37,"5":99,"6":189,"7":190,"8":188,"9":167,"10":165,"11":190,"byteLength":12},"length":3,"byteOffset":0,"byteLength":12},{"0":-0.35925811529159546,"1":-0.45103904604911804,"2":-0.280412495136261,"BYTES_PER_ELEMENT":4,"buffer":{"0":174,"1":240,"2":183,"3":190,"4":151,"5":238,"6":230,"7":190,"8":58,"9":146,"10":143,"11":190,"byteLength":12},"length":3,"byteOffset":0,"byteLength":12},{"0":-0.2917008101940155,"1":-0.33506256341934204,"2":-0.44187238812446594,"BYTES_PER_ELEMENT":4,"buffer":{"0":207,"1":89,"2":149,"3":190,"4":82,"5":141,"6":171,"7":190,"8":25,"9":61,"10":226,"11":190,"byteLength":12},"length":3,"byteOffset":0,"byteLength":12}],"roughness":0.1130929865129292}