{"vertices":[-50,-17.32685625553131,-50,-50,-18.56116235256195,0,-50,-15.855776071548462,50,0,-16.50006651878357,-50,0,-16.283572912216187,0,0,-16.15560472011566,50,50,-15.990716218948364,-50,50,-15.925490260124207,0,50,-16.559504866600037,50],"normals":[0.016528500357676664,-0.9995588734986682,-0.024675232238009683,0.01335994805224364,-0.9999013789834665,0.004329445114956602,0.010186468792490593,-0.9999472657409171,0.0013044503836309232,0.045499705427613786,-0.9988566117672728,0.014671262208961608,0.026337724224878168,-0.9996471713957716,0.0034433999313102674,0.007161353566870266,-0.9999581835412044,-0.005687370575702467,-0.005987706936653728,-0.9985214830649716,0.05402772643162433,-0.0070370830342246496,-0.9999719643501884,0.002559292088582083,-0.008077090092636487,-0.999886997187429,-0.012678859220841743],"colors":[],"uvs":[],"faces":[0,1,3,1,4,3,3,4,6,4,7,6,1,2,4,2,5,4,4,5,7,5,8,7],"heightMap":[{"0":-0.36634281277656555,"1":-0.42805811762809753,"2":-0.2927888035774231,"BYTES_PER_ELEMENT":4,"buffer":{"0":73,"1":145,"2":187,"3":190,"4":111,"5":42,"6":219,"7":190,"8":106,"9":232,"10":149,"11":190,"byteLength":12},"length":3,"byteOffset":0,"byteLength":12},{"0":-0.32500332593917847,"1":-0.3141786456108093,"2":-0.3077802360057831,"BYTES_PER_ELEMENT":4,"buffer":{"0":214,"1":102,"2":166,"3":190,"4":6,"5":220,"6":160,"7":190,"8":95,"9":149,"10":157,"11":190,"byteLength":12},"length":3,"byteOffset":0,"byteLength":12},{"0":-0.2995358109474182,"1":-0.2962745130062103,"2":-0.32797524333000183,"BYTES_PER_ELEMENT":4,"buffer":{"0":194,"1":92,"2":153,"3":190,"4":75,"5":177,"6":151,"7":190,"8":95,"9":236,"10":167,"11":190,"byteLength":12},"length":3,"byteOffset":0,"byteLength":12}],"roughness":0.02830971503834007}