{"vertices":[-50,-16.470906734466553,-50,-50,-16.254029273986816,0,-50,-16.48078143596649,50,0,-15.60824990272522,-50,0,-16.6610586643219,0,0,-16.317031979560852,50,50,-18.83744776248932,-50,50,-17.280571460723877,0,50,-16.25390589237213,50],"normals":[0.017250407102737,-0.9998417950227004,0.004336862987720487,-0.023614070093963158,-0.9994996031922962,-0.021045638789065083,-0.06441859326674172,-0.9974395510011836,0.03105779998794611,-0.00814031804542546,-0.9999668621870309,-0.00009874179955794428,-0.01026457700611496,-0.9999222113060823,-0.007085887075038929,-0.012385173168246024,-0.9995897776589082,0.02582409505494685,0.0032749378885554696,-0.9999843542817033,-0.004534972285584516,0.0022686935990068953,-0.9999737565407466,0.006880353126215274,0.0012622546721002838,-0.9997884617231764,0.020528967785730847],"colors":[],"uvs":[],"faces":[0,1,3,1,4,3,3,4,6,4,7,6,1,2,4,2,5,4,4,5,7,5,8,7],"heightMap":[{"0":-0.32354533672332764,"1":-0.3127014636993408,"2":-0.3240390717983246,"BYTES_PER_ELEMENT":4,"buffer":{"0":188,"1":167,"2":165,"3":190,"4":104,"5":26,"6":160,"7":190,"8":115,"9":232,"10":165,"11":190,"byteLength":12},"length":3,"byteOffset":0,"byteLength":12},{"0":-0.280412495136261,"1":-0.33305293321609497,"2":-0.3158515989780426,"BYTES_PER_ELEMENT":4,"buffer":{"0":58,"1":146,"2":143,"3":190,"4":234,"5":133,"6":170,"7":190,"8":77,"9":183,"10":161,"11":190,"byteLength":12},"length":3,"byteOffset":0,"byteLength":12},{"0":-0.44187238812446594,"1":-0.36402857303619385,"2":-0.31269529461860657,"BYTES_PER_ELEMENT":4,"buffer":{"0":25,"1":61,"2":226,"3":190,"4":244,"5":97,"6":186,"7":190,"8":153,"9":25,"10":160,"11":190,"byteLength":12},"length":3,"byteOffset":0,"byteLength":12}],"roughness":0.025321179530171774}