{"vertices":[-50,-16.48078143596649,-50,-50,-20.987693071365356,0,-50,-19.54384982585907,50,0,-16.317031979560852,-50,0,-17.066951394081116,0,0,-19.811152815818787,50,50,-16.25390589237213,-50,50,-18.6245197057724,0,50,-18.430479764938354,50],"normals":[0.0032617478240369066,-0.9959568402953702,-0.08977378943764586,0.0022684921655898704,-0.9998849704046977,-0.014996663031870038,0.0012611041024515254,-0.9988771351227184,-0.04735903868823205,0.0781386886071992,-0.9964784094284314,-0.030415865690966125,0.023540292078447454,-0.9991136542675176,-0.03489642539098377,-0.031128906529624138,-0.9992790138309516,-0.021735769949800355,-0.005343755924845852,-0.9995690518933533,0.028864420479866818,0.011113274360767717,-0.9984356042861825,-0.05479816809591305,0.02760273166003563,-0.9996114446658398,0.0038792909115998846],"colors":[],"uvs":[],"faces":[0,1,3,1,4,3,3,4,6,4,7,6,1,2,4,2,5,4,4,5,7,5,8,7],"heightMap":[{"0":-0.3240390717983246,"1":-0.5493846535682678,"2":-0.4771924912929535,"BYTES_PER_ELEMENT":4,"buffer":{"0":115,"1":232,"2":165,"3":190,"4":121,"5":164,"6":12,"7":191,"8":147,"9":82,"10":244,"11":190,"byteLength":12},"length":3,"byteOffset":0,"byteLength":12},{"0":-0.3158515989780426,"1":-0.3533475697040558,"2":-0.49055764079093933,"BYTES_PER_ELEMENT":4,"buffer":{"0":77,"1":183,"2":161,"3":190,"4":249,"5":233,"6":180,"7":190,"8":95,"9":42,"10":251,"11":190,"byteLength":12},"length":3,"byteOffset":0,"byteLength":12},{"0":-0.31269529461860657,"1":-0.43122598528862,"2":-0.4215239882469177,"BYTES_PER_ELEMENT":4,"buffer":{"0":153,"1":25,"2":160,"3":190,"4":167,"5":201,"6":220,"7":190,"8":254,"9":209,"10":215,"11":190,"byteLength":12},"length":3,"byteOffset":0,"byteLength":12}],"roughness":0.06857144963698261}