{"vertices":[-50,-19.54384982585907,-50,-50,-19.120396375656128,0,-50,-19.034091234207153,50,0,-19.811152815818787,-50,0,-15.576419234275818,0,0,-21.32879137992859,50,50,-18.430479764938354,-50,50,-20.550040006637573,0,50,-16.402063965797424,50],"normals":[-0.005345791699802089,-0.9999498510300451,0.008468644288971807,0.011090309714831452,-0.9963713071755788,0.08438734068364576,0.027578190142468942,-0.9987226927071109,-0.042337058238895574,0.07070125070873134,-0.9974845757779718,0.005084705818501356,-0.014191483422543316,-0.9997864113558604,-0.01502442898874366,-0.09896390794793684,-0.9948879546453961,0.020102303976716765,-0.04584567863768726,-0.9989470459390619,0.0017242853219961215,0.026005201493410204,-0.9931110463718839,-0.11425488641379404,0.09772717104673627,-0.9918061507363768,0.08227976300824769],"colors":[],"uvs":[],"faces":[0,1,3,1,4,3,3,4,6,4,7,6,1,2,4,2,5,4,4,5,7,5,8,7],"heightMap":[{"0":-0.4771924912929535,"1":-0.4560198187828064,"2":-0.45170456171035767,"BYTES_PER_ELEMENT":4,"buffer":{"0":147,"1":82,"2":244,"3":190,"4":110,"5":123,"6":233,"7":190,"8":210,"9":69,"10":231,"11":190,"byteLength":12},"length":3,"byteOffset":0,"byteLength":12},{"0":-0.49055764079093933,"1":-0.2788209617137909,"2":-0.5664395689964294,"BYTES_PER_ELEMENT":4,"buffer":{"0":95,"1":42,"2":251,"3":190,"4":159,"5":193,"6":142,"7":190,"8":47,"9":2,"10":17,"11":191,"byteLength":12},"length":3,"byteOffset":0,"byteLength":12},{"0":-0.4215239882469177,"1":-0.5275020003318787,"2":-0.3201031982898712,"BYTES_PER_ELEMENT":4,"buffer":{"0":254,"1":209,"2":215,"3":190,"4":95,"5":10,"6":7,"7":191,"8":145,"9":228,"10":163,"11":190,"byteLength":12},"length":3,"byteOffset":0,"byteLength":12}],"roughness":0.18092404357737962}