{"vertices":[-50,-19.034091234207153,-50,-50,-17.624847292900085,0,-50,-18.035901188850403,50,0,-21.32879137992859,-50,0,-16.827465295791626,0,0,-17.573317885398865,50,50,-16.402063965797424,-50,50,-16.5350204706192,0,50,-19.619334936141968,50],"normals":[-0.04582758621949432,-0.9985528241008257,0.028144090348783016,0.02607057631308301,-0.9956335540949678,0.08963342574579337,0.09805932136591379,-0.9951770528713806,-0.002646305252572318,0.015944818759399796,-0.9998230971617352,0.009976829989794714,0.010889710878907647,-0.9992401659129523,0.037423321916012324,0.005845777169984158,-0.9994666800032297,-0.032127596433602114,0.009250957567878504,-0.9999234190742541,-0.008220448341248682,-0.01582064319464411,-0.9997636190622946,-0.014913525685454348,-0.040808684650458574,-0.9972713725830648,-0.061517970410193815],"colors":[],"uvs":[],"faces":[0,1,3,1,4,3,3,4,6,4,7,6,1,2,4,2,5,4,4,5,7,5,8,7],"heightMap":[{"0":-0.45170456171035767,"1":-0.3812423646450043,"2":-0.40179505944252014,"BYTES_PER_ELEMENT":4,"buffer":{"0":210,"1":69,"2":231,"3":190,"4":51,"5":50,"6":195,"7":190,"8":21,"9":184,"10":205,"11":190,"byteLength":12},"length":3,"byteOffset":0,"byteLength":12},{"0":-0.5664395689964294,"1":-0.3413732647895813,"2":-0.37866589426994324,"BYTES_PER_ELEMENT":4,"buffer":{"0":47,"1":2,"2":17,"3":191,"4":122,"5":200,"6":174,"7":190,"8":127,"9":224,"10":193,"11":190,"byteLength":12},"length":3,"byteOffset":0,"byteLength":12},{"0":-0.3201031982898712,"1":-0.3267510235309601,"2":-0.4809667468070984,"BYTES_PER_ELEMENT":4,"buffer":{"0":145,"1":228,"2":163,"3":190,"4":233,"5":75,"6":167,"7":190,"8":70,"9":65,"10":246,"11":190,"byteLength":12},"length":3,"byteOffset":0,"byteLength":12}],"roughness":0.09623377366166982}