{"vertices":[-50,-18.035901188850403,-50,-50,-17.956937551498413,0,-50,-17.836657762527466,50,0,-17.573317885398865,-50,0,-16.450732946395874,0,0,-14.359672367572784,50,50,-19.619334936141968,-50,50,-16.094592213630676,0,50,-16.816099286079407,50],"normals":[0.009251258618217153,-0.9999559591958284,0.0015792031945980089,-0.01581842028130935,-0.9996229683422404,0.022443233778849252,-0.04078507731325991,-0.9966944629920599,0.07026183109997126,0.030110373467581983,-0.9995445959193617,0.0019915265608866175,0.018608165403653787,-0.9993110627267066,0.03211130785767964,0.007119847280761738,-0.9995833986021231,0.027970288052285977,0.06937197645519143,-0.9975879760072388,0.002399793424682102,0.01016044119424548,-0.9990750650719479,0.041782529677141265,-0.04906426109705765,-0.99869165101981,-0.014411261788125846],"colors":[],"uvs":[],"faces":[0,1,3,1,4,3,3,4,6,4,7,6,1,2,4,2,5,4,4,5,7,5,8,7],"heightMap":[{"0":-0.40179505944252014,"1":-0.39784687757492065,"2":-0.3918328881263733,"BYTES_PER_ELEMENT":4,"buffer":{"0":21,"1":184,"2":205,"3":190,"4":150,"5":178,"6":203,"7":190,"8":82,"9":158,"10":200,"11":190,"byteLength":12},"length":3,"byteOffset":0,"byteLength":12},{"0":-0.37866589426994324,"1":-0.3225366473197937,"2":-0.21798361837863922,"BYTES_PER_ELEMENT":4,"buffer":{"0":127,"1":224,"2":193,"3":190,"4":134,"5":35,"6":165,"7":190,"8":25,"9":55,"10":95,"11":190,"byteLength":12},"length":3,"byteOffset":0,"byteLength":12},{"0":-0.4809667468070984,"1":-0.3047296106815338,"2":-0.34080496430397034,"BYTES_PER_ELEMENT":4,"buffer":{"0":70,"1":65,"2":246,"3":190,"4":133,"5":5,"6":156,"7":190,"8":253,"9":125,"10":174,"11":190,"byteLength":12},"length":3,"byteOffset":0,"byteLength":12}],"roughness":0.1881177625656666}