{"vertices":[-50,-17.836657762527466,-50,-50,-17.473891377449036,0,-50,-16.224777102470398,50,0,-14.359672367572784,-50,0,-16.733248829841614,0,0,-16.763325929641724,50,50,-16.816099286079407,-50,50,-17.111330032348633,0,50,-16.77254557609558,50],"normals":[0.0693703592032832,-0.997564719482915,0.007237658943371907,0.01015790166602223,-0.9988235930336882,-0.04741568340767085,-0.049068503526364875,-0.998778004684054,-0.005897399513603237,0.014809303100084405,-0.9997604882358235,0.01611368065209355,0.0036240908365445814,-0.9997049989886544,-0.02401626454515861,-0.007561407162469458,-0.9999713173162955,0.0004355071021608187,-0.010766992801162981,-0.9996301410324803,0.024973045577251596,-0.005477448105025772,-0.9999848177449853,-0.0006015328632382119,-0.0001843886933520665,-0.9999770288096018,0.006775533479416064],"colors":[],"uvs":[],"faces":[0,1,3,1,4,3,3,4,6,4,7,6,1,2,4,2,5,4,4,5,7,5,8,7],"heightMap":[{"0":-0.3918328881263733,"1":-0.3736945688724518,"2":-0.3112388551235199,"BYTES_PER_ELEMENT":4,"buffer":{"0":82,"1":158,"2":200,"3":190,"4":229,"5":84,"6":191,"7":190,"8":179,"9":90,"10":159,"11":190,"byteLength":12},"length":3,"byteOffset":0,"byteLength":12},{"0":-0.21798361837863922,"1":-0.3366624414920807,"2":-0.3381662964820862,"BYTES_PER_ELEMENT":4,"buffer":{"0":25,"1":55,"2":95,"3":190,"4":5,"5":95,"6":172,"7":190,"8":34,"9":36,"10":173,"11":190,"byteLength":12},"length":3,"byteOffset":0,"byteLength":12},{"0":-0.34080496430397034,"1":-0.35556650161743164,"2":-0.33862727880477905,"BYTES_PER_ELEMENT":4,"buffer":{"0":253,"1":125,"2":174,"3":190,"4":208,"5":12,"6":182,"7":190,"8":142,"9":96,"10":173,"11":190,"byteLength":12},"length":3,"byteOffset":0,"byteLength":12}],"roughness":0.02}