{"vertices":[-50,-16.224777102470398,-50,-50,-16.943130493164062,0,-50,-16.996824741363525,50,0,-16.763325929641724,-50,0,-12.118793576955795,0,0,-13.276930153369904,50,50,-16.77254557609558,-50,50,-12.089060693979263,0,50,-16.94188117980957,50],"normals":[-0.010769240538686959,-0.9998388256874803,-0.014364752211595463,-0.005453971386654419,-0.995698575573885,0.09249108495552405,-0.0001835892776388194,-0.9956416363558453,0.09326145103756307,0.09603788378499685,-0.9953480183187403,-0.007684224557892878,0.048344325088147434,-0.9982282817331939,0.03468607472411435,0.0005946567171130091,-0.9999984151929846,-0.0016780926398339696,0.0741928021442685,-0.9972433410308739,-0.0010709246293714673,0.0005463104462800107,-0.9997317026402643,-0.02315651702856886,-0.07276281721070992,-0.9926847137353931,-0.09634641429571418],"colors":[],"uvs":[],"faces":[0,1,3,1,4,3,3,4,6,4,7,6,1,2,4,2,5,4,4,5,7,5,8,7],"heightMap":[{"0":-0.3112388551235199,"1":-0.3471565246582031,"2":-0.34984123706817627,"BYTES_PER_ELEMENT":4,"buffer":{"0":179,"1":90,"2":159,"3":190,"4":128,"5":190,"6":177,"7":190,"8":100,"9":30,"10":179,"11":190,"byteLength":12},"length":3,"byteOffset":0,"byteLength":12},{"0":-0.3381662964820862,"1":-0.10593967884778976,"2":-0.16384650766849518,"BYTES_PER_ELEMENT":4,"buffer":{"0":34,"1":36,"2":173,"3":190,"4":231,"5":246,"6":216,"7":189,"8":97,"9":199,"10":39,"11":190,"byteLength":12},"length":3,"byteOffset":0,"byteLength":12},{"0":-0.33862727880477905,"1":-0.10445303469896317,"2":-0.3470940589904785,"BYTES_PER_ELEMENT":4,"buffer":{"0":142,"1":96,"2":173,"3":190,"4":121,"5":235,"6":213,"7":189,"8":80,"9":182,"10":177,"11":190,"byteLength":12},"length":3,"byteOffset":0,"byteLength":12}],"roughness":0.26681426574476064}