{"vertices":[-50,-16.996824741363525,-50,-50,-18.03755223751068,0,-50,-17.32685625553131,50,0,-13.276930153369904,-50,0,-17.099275588989258,0,0,-16.50006651878357,50,50,-16.94188117980957,-50,50,-16.51408076286316,0,50,-15.990716218948364,50],"normals":[0.07417686646369255,-0.9970291457062619,-0.02075271292793231,0.000544882747259277,-0.9970905326950064,-0.07622448893092057,-0.07310024060837565,-0.9972880958165109,0.008532805264119916,0.018762127665935727,-0.999818534091299,-0.003298704741734952,0.015224884230176212,-0.9993671479393181,-0.03214819621395172,0.011702565709238137,-0.9998862931433754,0.009510559385288239,0.016531865015458367,-0.999762350733094,0.014210541712005195,0.01335911416450954,-0.9998389668923855,0.011982251554140051,0.010185919526332203,-0.9998933474298288,0.010466174514820998],"colors":[],"uvs":[],"faces":[0,1,3,1,4,3,3,4,6,4,7,6,1,2,4,2,5,4,4,5,7,5,8,7],"heightMap":[{"0":-0.34984123706817627,"1":-0.40187761187553406,"2":-0.36634281277656555,"BYTES_PER_ELEMENT":4,"buffer":{"0":100,"1":30,"2":179,"3":190,"4":231,"5":194,"6":205,"7":190,"8":73,"9":145,"10":187,"11":190,"byteLength":12},"length":3,"byteOffset":0,"byteLength":12},{"0":-0.16384650766849518,"1":-0.3549637794494629,"2":-0.32500332593917847,"BYTES_PER_ELEMENT":4,"buffer":{"0":97,"1":199,"2":39,"3":190,"4":208,"5":189,"6":181,"7":190,"8":214,"9":102,"10":166,"11":190,"byteLength":12},"length":3,"byteOffset":0,"byteLength":12},{"0":-0.3470940589904785,"1":-0.32570403814315796,"2":-0.2995358109474182,"BYTES_PER_ELEMENT":4,"buffer":{"0":80,"1":182,"2":177,"3":190,"4":174,"5":194,"6":166,"7":190,"8":194,"9":92,"10":153,"11":190,"byteLength":12},"length":3,"byteOffset":0,"byteLength":12}],"roughness":0.027690850802464417}