{"vertices":[-50,-8.460385948419571,-50,-50,-9.256365150213242,0,-50,-10.142296608537436,50,0,-9.047661572694778,-50,0,-8.809335008263588,0,0,-9.548313580453396,50,50,-9.056825414299965,-50,50,-8.745540976524353,0,50,-9.343749061226845,50],"normals":[-0.011743214620649065,-0.9998043623164231,-0.01591646956532913,-0.0059640215159342995,-0.9999708555508635,0.00476639237069511,-0.00018327327729724432,-0.9999806041688731,0.006225568003104486,0.008938981382118426,-0.9998186412142618,-0.01681604270681613,0.005108036078170963,-0.9999744240694849,-0.005005913935135235,0.0012758743453600437,-0.999995070522678,-0.0028689850120318643,0.011876958408786657,-0.9997725395536254,-0.017714598879184525,0.007984227910400809,-0.9998589290485626,-0.014777486475590743,0.004090963366353884,-0.9999200696732812,-0.011963205394696712],"colors":[],"uvs":[],"faces":[0,1,3,1,4,3,3,4,6,4,7,6,1,2,4,2,5,4,4,5,7,5,8,7],"heightMap":[{"0":0.07698070257902145,"1":0.03718174248933792,"2":-0.007114830426871777,"BYTES_PER_ELEMENT":4,"buffer":{"0":15,"1":168,"2":157,"3":61,"4":226,"5":75,"6":24,"7":61,"8":134,"9":35,"10":233,"11":187,"byteLength":12},"length":3,"byteOffset":0,"byteLength":12},{"0":0.04761692136526108,"1":0.0595332495868206,"2":0.022584320977330208,"BYTES_PER_ELEMENT":4,"buffer":{"0":246,"1":9,"2":67,"3":61,"4":35,"5":217,"6":115,"7":61,"8":193,"9":2,"10":185,"11":60,"byteLength":12},"length":3,"byteOffset":0,"byteLength":12},{"0":0.047158729285001755,"1":0.06272295117378235,"2":0.03281254693865776,"BYTES_PER_ELEMENT":4,"buffer":{"0":131,"1":41,"2":65,"3":61,"4":228,"5":116,"6":128,"7":61,"8":115,"9":102,"10":6,"11":61,"byteLength":12},"length":3,"byteOffset":0,"byteLength":12}],"roughness":0.03146360656246545}