{"vertices":[-50,-16.138744950294495,-50,-50,-17.267314791679382,0,-50,-17.621216773986816,50,0,-16.70201539993286,-50,0,-16.723340153694153,0,0,-16.956011056900024,50,50,-15.993151664733887,-50,50,-16.304839253425598,0,50,-17.060879468917847,50],"normals":[-0.011261826176882405,-0.9996819630883148,-0.022564218290358252,0.0014556956022203735,-0.9999988495256796,-0.00042649458455419837,0.014175574766230067,-0.999880094179952,-0.006233004310715811,0.010877653997305725,-0.9998309882234881,-0.014821323542716923,0.009624263423618834,-0.9999504602083956,-0.002539819397233534,0.008369247831623518,-0.9999079842185429,-0.010676084804047848,0.013302603929420922,-0.9998864702845962,-0.007077236078322038,0.0056028921898933,-0.9999734768723085,-0.004653294640915915,-0.0020971239001502102,-0.9998835015227494,-0.015119042759168071],"colors":[],"uvs":[],"faces":[0,1,3,1,4,3,3,4,6,4,7,6,1,2,4,2,5,4,4,5,7,5,8,7],"heightMap":[{"0":-0.30693724751472473,"1":-0.3633657395839691,"2":-0.3810608386993408,"BYTES_PER_ELEMENT":4,"buffer":{"0":225,"1":38,"2":157,"3":190,"4":19,"5":11,"6":186,"7":190,"8":104,"9":26,"10":195,"11":190,"byteLength":12},"length":3,"byteOffset":0,"byteLength":12},{"0":-0.33510076999664307,"1":-0.33616700768470764,"2":-0.3478005528450012,"BYTES_PER_ELEMENT":4,"buffer":{"0":84,"1":146,"2":171,"3":190,"4":21,"5":30,"6":172,"7":190,"8":234,"9":18,"10":178,"11":190,"byteLength":12},"length":3,"byteOffset":0,"byteLength":12},{"0":-0.29965758323669434,"1":-0.3152419626712799,"2":-0.35304397344589233,"BYTES_PER_ELEMENT":4,"buffer":{"0":184,"1":108,"2":153,"3":190,"4":101,"5":103,"6":161,"7":190,"8":46,"9":194,"10":180,"11":190,"byteLength":12},"length":3,"byteOffset":0,"byteLength":12}],"roughness":0.02}