{"vertices":[-50,-13.719559013843536,-50,-50,-11.261788457632065,0,-50,-12.902301549911499,50,0,-10.912255868315697,-50,0,-12.492440789937973,0,0,-12.409658282995224,50,50,-10.138210756704211,-50,50,-9.894534321501851,0,50,-11.428731381893158,50],"normals":[0.05599038433696381,-0.9972272575222062,0.04901911582779186,0.03575796958500918,-0.9988617753552737,-0.03156772632402522,0.015478863725686742,-0.999868321205548,0.004872886963662727,-0.024604776286830582,-0.9996639847392119,0.008156138743031753,0.013649742139552872,-0.9997948183623127,-0.014966820483794425,0.05188383079049334,-0.9985700297695126,-0.01288269182346243,0.00984708879916434,-0.9994137198710419,-0.032791025841042695,0.01473373075944249,-0.9998900822605957,0.0016554681535344733,0.019605540022037807,-0.9993374633732183,-0.030663611972921938],"colors":[],"uvs":[],"faces":[0,1,3,1,4,3,3,4,6,4,7,6,1,2,4,2,5,4,4,5,7,5,8,7],"heightMap":[{"0":-0.18597795069217682,"1":-0.06308942288160324,"2":-0.14511507749557495,"BYTES_PER_ELEMENT":4,"buffer":{"0":1,"1":113,"2":62,"3":190,"4":7,"5":53,"6":129,"7":189,"8":12,"9":153,"10":20,"11":190,"byteLength":12},"length":3,"byteOffset":0,"byteLength":12},{"0":-0.045612793415784836,"1":-0.12462203949689865,"2":-0.1204829141497612,"BYTES_PER_ELEMENT":4,"buffer":{"0":123,"1":212,"2":58,"3":189,"4":215,"5":57,"6":255,"7":189,"8":191,"9":191,"10":246,"11":189,"byteLength":12},"length":3,"byteOffset":0,"byteLength":12},{"0":-0.006910537835210562,"1":0.005273283924907446,"2":-0.0714365690946579,"BYTES_PER_ELEMENT":4,"buffer":{"0":203,"1":113,"2":226,"3":187,"4":131,"5":203,"6":172,"7":59,"8":86,"9":77,"10":146,"11":189,"byteLength":12},"length":3,"byteOffset":0,"byteLength":12}],"roughness":0.11758292298065498}