{"vertices":[-50,-13.061745464801788,-50,-50,-15.8376544713974,0,-50,-15.658798813819885,50,0,-13.137385547161102,-50,0,-14.735670387744904,0,0,-15.167210698127747,50,50,-14.477437436580658,-50,50,-14.127971529960632,0,50,-14.423863291740417,50],"normals":[-0.0015104738695510694,-0.9984612803406584,-0.055432753216692394,-0.014146017811977937,-0.9993894794790115,-0.031946181097804796,-0.026790763542326044,-0.9996166474542445,0.006986638759501362,0.022026920313751377,-0.9994209825945825,-0.025932881273989447,0.017090395648891893,-0.9996480887251054,-0.020288348498786454,0.01215307782379656,-0.9999260051358214,0.0005356794992592165,0.009831224269158117,-0.9999452748482438,0.0035769173934902254,0.012347875589145282,-0.9998865215902655,-0.00862982679749369,0.014865045175029937,-0.9998720011195106,-0.005917077759310626],"colors":[],"uvs":[],"faces":[0,1,3,1,4,3,3,4,6,4,7,6,1,2,4,2,5,4,4,5,7,5,8,7],"heightMap":[{"0":-0.15308727324008942,"1":-0.29188272356987,"2":-0.28293994069099426,"BYTES_PER_ELEMENT":4,"buffer":{"0":233,"1":194,"2":28,"3":190,"4":167,"5":113,"6":149,"7":190,"8":129,"9":221,"10":144,"11":190,"byteLength":12},"length":3,"byteOffset":0,"byteLength":12},{"0":-0.15686927735805511,"1":-0.23678351938724518,"2":-0.25836053490638733,"BYTES_PER_ELEMENT":4,"buffer":{"0":87,"1":162,"2":32,"3":190,"4":97,"5":119,"6":114,"7":190,"8":213,"9":71,"10":132,"11":190,"byteLength":12},"length":3,"byteOffset":0,"byteLength":12},{"0":-0.2238718718290329,"1":-0.20639857649803162,"2":-0.22119316458702087,"BYTES_PER_ELEMENT":4,"buffer":{"0":171,"1":62,"2":101,"3":190,"4":38,"5":90,"6":83,"7":190,"8":118,"9":128,"10":98,"11":190,"byteLength":12},"length":3,"byteOffset":0,"byteLength":12}],"roughness":0.02}