{"vertices":[-50,-12.902301549911499,-50,-50,-16.168248057365417,0,-50,-15.536189675331116,50,0,-12.409658282995224,-50,0,-13.490842878818512,0,0,-14.41094309091568,50,50,-11.428731381893158,-50,50,-12.1537546813488,0,50,-13.552105128765106,50],"normals":[0.009831438251485025,-0.997825293850599,-0.06517688067001087,0.014730308433280562,-0.9996578184078412,-0.021616292687137433,0.019612702634785,-0.9997025574867116,-0.014496152934065197,0.05345306725008928,-0.998225215936491,-0.026252387893355128,0.040097428982646316,-0.9989957398344119,-0.019992698209033453,0.02672618775277454,-0.9994175329402667,-0.02122040856803627,0.022497438240147882,-0.9996670308417452,0.012636958521737358,0.019833444191233097,-0.9996340573065453,-0.018395270162946092,0.01716751535388246,-0.9994618374165793,-0.027951958150539934],"colors":[],"uvs":[],"faces":[0,1,3,1,4,3,3,4,6,4,7,6,1,2,4,2,5,4,4,5,7,5,8,7],"heightMap":[{"0":-0.14511507749557495,"1":-0.3084124028682709,"2":-0.2768094837665558,"BYTES_PER_ELEMENT":4,"buffer":{"0":12,"1":153,"2":20,"3":190,"4":59,"5":232,"6":157,"7":190,"8":249,"9":185,"10":141,"11":190,"byteLength":12},"length":3,"byteOffset":0,"byteLength":12},{"0":-0.1204829141497612,"1":-0.1745421439409256,"2":-0.220547154545784,"BYTES_PER_ELEMENT":4,"buffer":{"0":191,"1":191,"2":246,"3":189,"4":45,"5":187,"6":50,"7":190,"8":29,"9":215,"10":97,"11":190,"byteLength":12},"length":3,"byteOffset":0,"byteLength":12},{"0":-0.0714365690946579,"1":-0.10768773406744003,"2":-0.1776052564382553,"BYTES_PER_ELEMENT":4,"buffer":{"0":86,"1":77,"2":146,"3":189,"4":99,"5":139,"6":220,"7":189,"8":39,"9":222,"10":53,"11":190,"byteLength":12},"length":3,"byteOffset":0,"byteLength":12}],"roughness":0.02}