{"vertices":[-50,-10.142296608537436,-50,-50,-8.867403641343117,0,-50,-10.254626348614693,50,0,-9.548313580453396,-50,0,-10.742228627204895,0,0,-11.06675572693348,50,50,-9.343749061226845,-50,50,-8.59714612364769,0,50,-10.514483824372292,50],"normals":[0.011874963356381383,-0.9996046010510973,0.02548777751710253,0.00798282454292039,-0.9996831810543386,-0.023870735836903564,0.004090800121214623,-0.9998801690248502,0.014930269428421905,-0.03747014410281108,-0.9992971180077279,-0.001121714029354453,0.0026978955407168273,-0.9998811150833669,-0.015181470919985883,0.04285929559287816,-0.9990127540969704,-0.011687511833939422,-0.016234200090155443,-0.9994836120669807,-0.027730127244102606,-0.0025980276315487696,-0.9999755622893984,-0.006490383380584776,0.011036653748087098,-0.9992047121086625,-0.038316257305352215],"colors":[],"uvs":[],"faces":[0,1,3,1,4,3,3,4,6,4,7,6,1,2,4,2,5,4,4,5,7,5,8,7],"heightMap":[{"0":-0.007114830426871777,"1":0.05662981793284416,"2":-0.012731317430734634,"BYTES_PER_ELEMENT":4,"buffer":{"0":134,"1":35,"2":233,"3":187,"4":171,"5":244,"6":103,"7":61,"8":4,"9":151,"10":80,"11":188,"byteLength":12},"length":3,"byteOffset":0,"byteLength":12},{"0":0.022584320977330208,"1":-0.03711143136024475,"2":-0.053337786346673965,"BYTES_PER_ELEMENT":4,"buffer":{"0":193,"1":2,"2":185,"3":60,"4":40,"5":2,"6":24,"7":189,"8":185,"9":120,"10":90,"11":189,"byteLength":12},"length":3,"byteOffset":0,"byteLength":12},{"0":0.03281254693865776,"1":0.07014269381761551,"2":-0.025724191218614578,"BYTES_PER_ELEMENT":4,"buffer":{"0":115,"1":102,"2":6,"3":61,"4":249,"5":166,"6":143,"7":61,"8":138,"9":187,"10":210,"11":188,"byteLength":12},"length":3,"byteOffset":0,"byteLength":12}],"roughness":0.1362443026807159}