{"vertices":[-50,-10.254626348614693,-50,-50,-9.937681434676051,0,-50,-13.719559013843536,50,0,-11.06675572693348,-50,0,-9.705188740044832,0,0,-10.912255868315697,50,50,-10.514483824372292,-50,50,-11.23689629137516,0,50,-10.138210756704211,50],"normals":[-0.016240119229182313,-0.999848033006851,0.006337934975461528,-0.0025971199354524266,-0.9996260618776267,0.027221156901721687,0.011043611844970703,-0.9998346642075595,-0.014445860527303357,0.004647024302722821,-0.999391466921994,-0.03457023298496615,-0.012986998673622043,-0.9999144735415113,0.0015438483259765838,-0.030619570397173817,-0.9995240400355773,0.0037596940899896378,0.055898604760896045,-0.9955926001426857,-0.07530418664929364,0.03576538632627894,-0.9990691253615859,-0.024118870001885877,0.015475312767148353,-0.9996389444880208,0.021965776964054485],"colors":[],"uvs":[],"faces":[0,1,3,1,4,3,3,4,6,4,7,6,1,2,4,2,5,4,4,5,7,5,8,7],"heightMap":[{"0":-0.012731317430734634,"1":0.003115928266197443,"2":-0.18597795069217682,"BYTES_PER_ELEMENT":4,"buffer":{"0":4,"1":151,"2":80,"3":188,"4":154,"5":52,"6":76,"7":59,"8":1,"9":113,"10":62,"11":190,"byteLength":12},"length":3,"byteOffset":0,"byteLength":12},{"0":-0.053337786346673965,"1":0.014740562997758389,"2":-0.045612793415784836,"BYTES_PER_ELEMENT":4,"buffer":{"0":185,"1":120,"2":90,"3":189,"4":103,"5":130,"6":113,"7":60,"8":123,"9":212,"10":58,"11":189,"byteLength":12},"length":3,"byteOffset":0,"byteLength":12},{"0":-0.025724191218614578,"1":-0.06184481456875801,"2":-0.006910537835210562,"BYTES_PER_ELEMENT":4,"buffer":{"0":138,"1":187,"2":210,"3":188,"4":253,"5":80,"6":125,"7":189,"8":203,"9":113,"10":226,"11":187,"byteLength":12},"length":3,"byteOffset":0,"byteLength":12}],"roughness":0.11054189764894547}