{"vertices":[-50,-15.536189675331116,-50,-50,-14.515747725963593,0,-50,-13.061745464801788,50,0,-14.41094309091568,-50,0,-15.875247716903687,0,0,-13.137385547161102,50,50,-13.552105128765106,-50,50,-15.631320476531982,0,50,-14.477437436580658,50],"normals":[0.022494552929024327,-0.9995388228932157,0.02039942689803345,0.019828302840610008,-0.9993749221807492,-0.029267786432913504,0.017159400174037234,-0.9989893862556581,-0.04154228128317953,-0.027171643958378983,-0.9993249039887745,0.024727273048716466,-0.011151271420245636,-0.9998570255131191,0.012711320850725833,0.004878278349773982,-0.9999453817335665,-0.009243156931158769,-0.001512160674088134,-0.9995763006344306,0.02906772402652427,-0.014132079806125278,-0.9984044715978465,0.05466987665779158,-0.026784291136317417,-0.9993751491190036,0.023063240702344882],"colors":[],"uvs":[],"faces":[0,1,3,1,4,3,3,4,6,4,7,6,1,2,4,2,5,4,4,5,7,5,8,7],"heightMap":[{"0":-0.2768094837665558,"1":-0.22578738629817963,"2":-0.15308727324008942,"BYTES_PER_ELEMENT":4,"buffer":{"0":249,"1":185,"2":141,"3":190,"4":207,"5":52,"6":103,"7":190,"8":233,"9":194,"10":28,"11":190,"byteLength":12},"length":3,"byteOffset":0,"byteLength":12},{"0":-0.220547154545784,"1":-0.2937623858451843,"2":-0.15686927735805511,"BYTES_PER_ELEMENT":4,"buffer":{"0":29,"1":215,"2":97,"3":190,"4":6,"5":104,"6":150,"7":190,"8":87,"9":162,"10":32,"11":190,"byteLength":12},"length":3,"byteOffset":0,"byteLength":12},{"0":-0.1776052564382553,"1":-0.2815660238265991,"2":-0.2238718718290329,"BYTES_PER_ELEMENT":4,"buffer":{"0":39,"1":222,"2":53,"3":190,"4":108,"5":41,"6":144,"7":190,"8":171,"9":62,"10":101,"11":190,"byteLength":12},"length":3,"byteOffset":0,"byteLength":12}],"roughness":0.11116447175329086}