{"vertices":[-50,-17.156646251678467,-50,-50,-16.846810579299927,0,-50,-16.138744950294495,50,0,-17.430680990219116,-50,0,-15.75740933418274,0,0,-16.70201539993286,50,50,-15.329305529594421,-50,50,-16.465861201286316,0,50,-15.993151664733887,50],"normals":[-0.005480507238537213,-0.9999657831199115,0.006196501415369822,0.018249859024750733,-0.999274052934818,0.03344113898776851,0.041979616483782865,-0.9988604433237078,-0.022705210041764807,0.0217817273316621,-0.9997109618375289,0.01017590960709955,0.003808135199042886,-0.999966238932393,0.007281421681927803,-0.014167303313757214,-0.999877618480885,-0.006635930817131717,-0.011263565004061787,-0.9998363140915051,0.014158994572793487,0.0014554361108427946,-0.9998205326730518,-0.01888873079648966,0.014175216776032519,-0.9998548431916612,0.009452818390896638],"colors":[],"uvs":[],"faces":[0,1,3,1,4,3,3,4,6,4,7,6,1,2,4,2,5,4,4,5,7,5,8,7],"heightMap":[{"0":-0.35783231258392334,"1":-0.34234052896499634,"2":-0.30693724751472473,"BYTES_PER_ELEMENT":4,"buffer":{"0":204,"1":53,"2":183,"3":190,"4":66,"5":71,"6":175,"7":190,"8":225,"9":38,"10":157,"11":190,"byteLength":12},"length":3,"byteOffset":0,"byteLength":12},{"0":-0.3715340495109558,"1":-0.28787046670913696,"2":-0.33510076999664307,"BYTES_PER_ELEMENT":4,"buffer":{"0":182,"1":57,"2":190,"3":190,"4":194,"5":99,"6":147,"7":190,"8":84,"9":146,"10":171,"11":190,"byteLength":12},"length":3,"byteOffset":0,"byteLength":12},{"0":-0.26646527647972107,"1":-0.3232930600643158,"2":-0.29965758323669434,"BYTES_PER_ELEMENT":4,"buffer":{"0":35,"1":110,"2":136,"3":190,"4":171,"5":134,"6":165,"7":190,"8":184,"9":108,"10":153,"11":190,"byteLength":12},"length":3,"byteOffset":0,"byteLength":12}],"roughness":0.09943814597078016}