{"vertices":[-50,-15.658798813819885,-50,-50,-17.501100301742554,0,-50,-17.156646251678467,50,0,-15.167210698127747,-50,0,-17.159696221351624,0,0,-17.430680990219116,50,50,-14.423863291740417,-50,50,-17.872902750968933,0,50,-15.329305529594421,50],"normals":[0.00982462096829606,-0.9992736454240095,-0.036819266476131235,0.012338544108745677,-0.9991308823284253,-0.03981507637690573,0.014830071728757187,-0.9975195716920157,-0.0688096872823698,0.0068271573994401575,-0.9998646459677067,-0.014969290755268169,-0.0037166342954381786,-0.9997371801106807,-0.02262205414763047,-0.014262099368475513,-0.9998575991815603,-0.009020747224599272,-0.005480482413215242,-0.9999612535259438,0.006888814073683451,0.01825979280147213,-0.9998185923080793,-0.005418712202920535,0.04193630745950635,-0.997829951032158,0.05076154981699324],"colors":[],"uvs":[],"faces":[0,1,3,1,4,3,3,4,6,4,7,6,1,2,4,2,5,4,4,5,7,5,8,7],"heightMap":[{"0":-0.28293994069099426,"1":-0.3750550150871277,"2":-0.35783231258392334,"BYTES_PER_ELEMENT":4,"buffer":{"0":129,"1":221,"2":144,"3":190,"4":54,"5":7,"6":192,"7":190,"8":204,"9":53,"10":183,"11":190,"byteLength":12},"length":3,"byteOffset":0,"byteLength":12},{"0":-0.25836053490638733,"1":-0.3579848110675812,"2":-0.3715340495109558,"BYTES_PER_ELEMENT":4,"buffer":{"0":213,"1":71,"2":132,"3":190,"4":201,"5":73,"6":183,"7":190,"8":182,"9":57,"10":190,"11":190,"byteLength":12},"length":3,"byteOffset":0,"byteLength":12},{"0":-0.22119316458702087,"1":-0.39364513754844666,"2":-0.26646527647972107,"BYTES_PER_ELEMENT":4,"buffer":{"0":118,"1":128,"2":98,"3":190,"4":219,"5":139,"6":201,"7":190,"8":35,"9":110,"10":136,"11":190,"byteLength":12},"length":3,"byteOffset":0,"byteLength":12}],"roughness":0.22080649540628658}