{"vertices":[-50,-17.621216773986816,-50,-50,-17.024537324905396,0,-50,-16.936089992523193,50,0,-16.956011056900024,-50,0,-21.43372893333435,0,0,-19.61730122566223,50,50,-17.060879468917847,-50,50,-19.177013635635376,0,50,-18.43628764152527,50],"normals":[0.013301990116986054,-0.9998403332461507,0.01193168358421395,0.005580622626785995,-0.9959984587663996,-0.0891960020743869,-0.0020954877463539726,-0.9991034030332445,-0.042284736944848064,-0.08784089760727336,-0.996111140184403,0.006824449287455118,-0.021417585381980082,-0.9994195333358085,-0.026493082554517162,0.04508415579883622,-0.9988888683655751,-0.013727620013933928,-0.0535472072350919,-0.9985637568063093,0.001766406010061362,-0.014968114028387172,-0.999228815883774,0.03630053814951379,0.02361109598336506,-0.999611532860526,0.014808764928040827],"colors":[],"uvs":[],"faces":[0,1,3,1,4,3,3,4,6,4,7,6,1,2,4,2,5,4,4,5,7,5,8,7],"heightMap":[{"0":-0.3810608386993408,"1":-0.3512268662452698,"2":-0.34680449962615967,"BYTES_PER_ELEMENT":4,"buffer":{"0":104,"1":26,"2":195,"3":190,"4":2,"5":212,"6":179,"7":190,"8":92,"9":144,"10":177,"11":190,"byteLength":12},"length":3,"byteOffset":0,"byteLength":12},{"0":-0.3478005528450012,"1":-0.5716864466667175,"2":-0.4808650612831116,"BYTES_PER_ELEMENT":4,"buffer":{"0":234,"1":18,"2":178,"3":190,"4":11,"5":90,"6":18,"7":191,"8":242,"9":51,"10":246,"11":190,"byteLength":12},"length":3,"byteOffset":0,"byteLength":12},{"0":-0.35304397344589233,"1":-0.4588506817817688,"2":-0.4218143820762634,"BYTES_PER_ELEMENT":4,"buffer":{"0":46,"1":194,"2":180,"3":190,"4":122,"5":238,"6":234,"7":190,"8":14,"9":248,"10":215,"11":190,"byteLength":12},"length":3,"byteOffset":0,"byteLength":12}],"roughness":0.260687374722711}