{"vertices":[-50,-14.981096088886261,-50,-50,-16.0952889919281,0,-50,-16.90059781074524,50,0,-17.56837248802185,-50,0,-19.274144768714905,0,0,-18.704267144203186,50,50,-17.32685625553131,-50,50,-18.56116235256195,0,50,-15.855776071548462,50],"normals":[-0.051663598423780176,-0.9984166832936947,-0.022248575656088135,-0.023418825301182857,-0.9991444768224694,-0.03408625905942664,0.0048287972128964116,-0.9996837817279136,-0.02467831573778822,-0.06343737445366628,-0.9978020223016997,-0.019152645067039713,-0.024612442831952894,-0.9996326474773787,-0.011348909868821989,0.014256661328503107,-0.9997905281751484,0.014684937147371475,-0.03604526974261053,-0.9992205631590326,-0.016093622629107938,0.010424415395645046,-0.9998807220606138,0.011396193013659295,0.05679478818800442,-0.9969276142942775,0.053941485817504894],"colors":[],"uvs":[],"faces":[0,1,3,1,4,3,3,4,6,4,7,6,1,2,4,2,5,4,4,5,7,5,8,7],"heightMap":[{"0":-0.24905480444431305,"1":-0.30476444959640503,"2":-0.34502989053726196,"BYTES_PER_ELEMENT":4,"buffer":{"0":57,"1":8,"2":127,"3":190,"4":22,"5":10,"6":156,"7":190,"8":194,"9":167,"10":176,"11":190,"byteLength":12},"length":3,"byteOffset":0,"byteLength":12},{"0":-0.37841862440109253,"1":-0.46370723843574524,"2":-0.4352133572101593,"BYTES_PER_ELEMENT":4,"buffer":{"0":22,"1":192,"2":193,"3":190,"4":9,"5":107,"6":237,"7":190,"8":73,"9":212,"10":222,"11":190,"byteLength":12},"length":3,"byteOffset":0,"byteLength":12},{"0":-0.36634281277656555,"1":-0.42805811762809753,"2":-0.2927888035774231,"BYTES_PER_ELEMENT":4,"buffer":{"0":73,"1":145,"2":187,"3":190,"4":111,"5":42,"6":219,"7":190,"8":106,"9":232,"10":149,"11":190,"byteLength":12},"length":3,"byteOffset":0,"byteLength":12}],"roughness":0.17518251447647346}