{"vertices":[-50,-16.936089992523193,-50,-50,-13.628601133823395,0,-50,-13.66255670785904,50,0,-19.61730122566223,-50,0,-16.753636598587036,0,0,-14.796469807624817,50,50,-18.43628764152527,-50,50,-17.397940754890442,0,50,-16.470906734466553,50],"normals":[-0.05343085166718712,-0.9963939246336954,0.06591123609204229,-0.014953529316262,-0.9982522816100344,0.057173194954875245,0.023608597957753052,-0.9995057751602945,0.020756674196224414,-0.06234579900515866,-0.997521463486401,0.03261795870923027,-0.03760000483797624,-0.9981338801469285,0.048114415085513326,-0.012882525963393917,-0.9997239531485714,0.019648359366507606,-0.022672427262813648,-0.9997427169461615,-0.000678936756837236,-0.028050150625049588,-0.9988415970845449,0.039097992064910735,-0.03346423073822562,-0.9992681779105492,0.018527111929001413],"colors":[],"uvs":[],"faces":[0,1,3,1,4,3,3,4,6,4,7,6,1,2,4,2,5,4,4,5,7,5,8,7],"heightMap":[{"0":-0.34680449962615967,"1":-0.18143005669116974,"2":-0.18312783539295197,"BYTES_PER_ELEMENT":4,"buffer":{"0":92,"1":144,"2":177,"3":190,"4":205,"5":200,"6":57,"7":190,"8":221,"9":133,"10":59,"11":190,"byteLength":12},"length":3,"byteOffset":0,"byteLength":12},{"0":-0.4808650612831116,"1":-0.3376818299293518,"2":-0.23982349038124084,"BYTES_PER_ELEMENT":4,"buffer":{"0":242,"1":51,"2":246,"3":190,"4":162,"5":228,"6":172,"7":190,"8":74,"9":148,"10":117,"11":190,"byteLength":12},"length":3,"byteOffset":0,"byteLength":12},{"0":-0.4218143820762634,"1":-0.3698970377445221,"2":-0.32354533672332764,"BYTES_PER_ELEMENT":4,"buffer":{"0":14,"1":248,"2":215,"3":190,"4":37,"5":99,"6":189,"7":190,"8":188,"9":167,"10":165,"11":190,"byteLength":12},"length":3,"byteOffset":0,"byteLength":12}],"roughness":0.02}