{"vertices":[-50,-13.66255670785904,-50,-50,-15.307745933532715,0,-50,-15.505505204200745,50,0,-14.796469807624817,-50,0,-14.381177127361298,0,0,-16.26682758331299,50,50,-16.470906734466553,-50,50,-16.254029273986816,0,50,-16.48078143596649,50],"normals":[-0.022660175486895758,-0.9992024737864158,-0.03287754288279789,-0.02807064603645791,-0.999571463548944,0.008302294244243393,-0.033469661080197104,-0.9994303321811709,0.004335078247397433,0.018525051679214817,-0.9996587169689177,-0.018419338976727827,-0.009453986210909265,-0.9998473490327247,-0.014693562432477252,-0.03743079368952399,-0.9992992174253135,-0.00009867587552018859,-0.015224563748873345,-0.9998762788653525,-0.0039546960733335135,-0.009745079863793096,-0.9992421714579618,-0.03768442912431727,-0.004278993876404382,-0.9999805620079625,-0.004534955087459125],"colors":[],"uvs":[],"faces":[0,1,3,1,4,3,3,4,6,4,7,6,1,2,4,2,5,4,4,5,7,5,8,7],"heightMap":[{"0":-0.18312783539295197,"1":-0.26538729667663574,"2":-0.27527526021003723,"BYTES_PER_ELEMENT":4,"buffer":{"0":221,"1":133,"2":59,"3":190,"4":216,"5":224,"6":135,"7":190,"8":225,"9":240,"10":140,"11":190,"byteLength":12},"length":3,"byteOffset":0,"byteLength":12},{"0":-0.23982349038124084,"1":-0.21905885636806488,"2":-0.3133413791656494,"BYTES_PER_ELEMENT":4,"buffer":{"0":74,"1":148,"2":117,"3":190,"4":247,"5":80,"6":96,"7":190,"8":72,"9":110,"10":160,"11":190,"byteLength":12},"length":3,"byteOffset":0,"byteLength":12},{"0":-0.32354533672332764,"1":-0.3127014636993408,"2":-0.3240390717983246,"BYTES_PER_ELEMENT":4,"buffer":{"0":188,"1":167,"2":165,"3":190,"4":104,"5":26,"6":160,"7":190,"8":115,"9":232,"10":165,"11":190,"byteLength":12},"length":3,"byteOffset":0,"byteLength":12}],"roughness":0.10378199395805951}