{"vertices":[-50,-15.505505204200745,-50,-50,-16.211422085762024,0,-50,-18.29753339290619,50,0,-16.26682758331299,-50,0,-16.53772473335266,0,0,-19.35599148273468,50,50,-16.48078143596649,-50,50,-20.987693071365356,0,50,-19.54384982585907,50],"normals":[-0.015223166033218395,-0.9997844836092756,-0.014115294898056276,-0.009751863295136972,-0.9999377734184317,-0.0054176058607213855,-0.004261760029006869,-0.9959530936581816,-0.0897734517223911,-0.006523372934754075,-0.999589335685987,-0.027903504948330035,-0.047605201340350387,-0.9983905788748929,-0.030822018415427588,-0.08860802638719939,-0.9956028858709893,-0.030389328803434198,-0.02114603141017058,-0.998907354640608,-0.041676638546104774,-0.012441510357951923,-0.9983379737044195,-0.05627165431873172,-0.003755574855651699,-0.9995762746520553,0.02886462905049414],"colors":[],"uvs":[],"faces":[0,1,3,1,4,3,3,4,6,4,7,6,1,2,4,2,5,4,4,5,7,5,8,7],"heightMap":[{"0":-0.27527526021003723,"1":-0.3105711042881012,"2":-0.41487666964530945,"BYTES_PER_ELEMENT":4,"buffer":{"0":225,"1":240,"2":140,"3":190,"4":45,"5":3,"6":159,"7":190,"8":183,"9":106,"10":212,"11":190,"byteLength":12},"length":3,"byteOffset":0,"byteLength":12},{"0":-0.3133413791656494,"1":-0.32688623666763306,"2":-0.467799574136734,"BYTES_PER_ELEMENT":4,"buffer":{"0":72,"1":110,"2":160,"3":190,"4":162,"5":93,"6":167,"7":190,"8":109,"9":131,"10":239,"11":190,"byteLength":12},"length":3,"byteOffset":0,"byteLength":12},{"0":-0.3240390717983246,"1":-0.5493846535682678,"2":-0.4771924912929535,"BYTES_PER_ELEMENT":4,"buffer":{"0":115,"1":232,"2":165,"3":190,"4":121,"5":164,"6":12,"7":191,"8":147,"9":82,"10":244,"11":190,"byteLength":12},"length":3,"byteOffset":0,"byteLength":12}],"roughness":0.15353430592489076}