{"vertices":[-50,-18.29753339290619,-50,-50,-20.204768180847168,0,-50,-18.710761666297913,50,0,-19.35599148273468,-50,0,-19.06789541244507,0,0,-18.95594298839569,50,50,-19.54384982585907,-50,50,-19.120396375656128,0,50,-19.034091234207153,50],"normals":[-0.021149046445826263,-0.9990497804808303,-0.03810844992435677,-0.012461045501466478,-0.9999057599913685,0.005761378402269221,-0.003757005612576112,-0.9999570820467701,0.00846870552895142,0.022731386577219233,-0.99973309278789,-0.004126408733655479,0.010841460564457495,-0.9999332283154989,0.004000205416411977,-0.0010500050433999322,-0.9999864566091845,0.005097458937193493,-0.004901379998163358,-0.9995418811325046,0.029866441639535585,-0.0032332616532370104,-0.9999922663493573,0.0022390311649688245,-0.0015629606788217236,-0.9999972888658727,0.0017260981492832055],"colors":[],"uvs":[],"faces":[0,1,3,1,4,3,3,4,6,4,7,6,1,2,4,2,5,4,4,5,7,5,8,7],"heightMap":[{"0":-0.41487666964530945,"1":-0.5102384090423584,"2":-0.43553808331489563,"BYTES_PER_ELEMENT":4,"buffer":{"0":183,"1":106,"2":212,"3":190,"4":252,"5":158,"6":2,"7":191,"8":217,"9":254,"10":222,"11":190,"byteLength":12},"length":3,"byteOffset":0,"byteLength":12},{"0":-0.467799574136734,"1":-0.4533947706222534,"2":-0.44779714941978455,"BYTES_PER_ELEMENT":4,"buffer":{"0":109,"1":131,"2":239,"3":190,"4":92,"5":35,"6":232,"7":190,"8":171,"9":69,"10":229,"11":190,"byteLength":12},"length":3,"byteOffset":0,"byteLength":12},{"0":-0.4771924912929535,"1":-0.4560198187828064,"2":-0.45170456171035767,"BYTES_PER_ELEMENT":4,"buffer":{"0":147,"1":82,"2":244,"3":190,"4":110,"5":123,"6":233,"7":190,"8":210,"9":69,"10":231,"11":190,"byteLength":12},"length":3,"byteOffset":0,"byteLength":12}],"roughness":0.02}