{"vertices":[-50,-18.710761666297913,-50,-50,-17.882818579673767,0,-50,-17.64575958251953,50,0,-18.95594298839569,-50,0,-18.771793842315674,0,0,-20.244877338409424,50,50,-19.034091234207153,-50,50,-17.624847292900085,0,50,-18.035901188850403,50],"normals":[-0.004902895373137426,-0.9998509126201202,0.016556393015173424,-0.003233247829765836,-0.9999879909634208,0.0036829386925237165,-0.0015623425792618349,-0.9996018228170377,0.02817365625048823,-0.01777568810405171,-0.9997853062426576,0.010647362758111989,0.0025784218744521192,-0.9999136644725046,-0.012884694090457113,0.02293175714272754,-0.9996872632997639,0.009975475456109266,-0.05191168279595129,-0.9986404555606144,0.00473473409825697,-0.0038907079420592585,-0.9995587217758996,-0.029448669128492845,0.044134982013864274,-0.9989918185100134,-0.008212789580420666],"colors":[],"uvs":[],"faces":[0,1,3,1,4,3,3,4,6,4,7,6,1,2,4,2,5,4,4,5,7,5,8,7],"heightMap":[{"0":-0.43553808331489563,"1":-0.39414092898368835,"2":-0.38228797912597656,"BYTES_PER_ELEMENT":4,"buffer":{"0":217,"1":254,"2":222,"3":190,"4":215,"5":204,"6":201,"7":190,"8":64,"9":187,"10":195,"11":190,"byteLength":12},"length":3,"byteOffset":0,"byteLength":12},{"0":-0.44779714941978455,"1":-0.4385896921157837,"2":-0.5122438669204712,"BYTES_PER_ELEMENT":4,"buffer":{"0":171,"1":69,"2":229,"3":190,"4":212,"5":142,"6":224,"7":190,"8":106,"9":34,"10":3,"11":191,"byteLength":12},"length":3,"byteOffset":0,"byteLength":12},{"0":-0.45170456171035767,"1":-0.3812423646450043,"2":-0.40179505944252014,"BYTES_PER_ELEMENT":4,"buffer":{"0":210,"1":69,"2":231,"3":190,"4":51,"5":50,"6":195,"7":190,"8":21,"9":184,"10":205,"11":190,"byteLength":12},"length":3,"byteOffset":0,"byteLength":12}],"roughness":0.1577785283513367}