{"vertices":[-50,-17.64575958251953,-50,-50,-16.02279543876648,0,-50,-16.934428215026855,50,0,-20.244877338409424,-50,0,-17.678515315055847,0,0,-17.823433876037598,50,50,-18.035901188850403,-50,50,-17.956937551498413,0,50,-17.836657762527466,50],"normals":[-0.05188501233754625,-0.9981273880332853,0.032398499233518216,-0.0038872948352552316,-0.9986778085588857,0.051259376029029954,0.04413641560639126,-0.9990242677631951,0.0015777317997098005,-0.03309542112577533,-0.9994269441261239,0.007104678404055297,-0.019328489132230234,-0.9995206310792891,0.024185068838541407,-0.005568347346631152,-0.9999825117739497,0.0019923990789930983,-0.017774350269026518,-0.9996758765753092,-0.01822674589445748,-0.009021198588698771,-0.9999551080796145,-0.0028982411061849707,-0.0002644769552989549,-0.9999970715931017,0.0024055887348556704],"colors":[],"uvs":[],"faces":[0,1,3,1,4,3,3,4,6,4,7,6,1,2,4,2,5,4,4,5,7,5,8,7],"heightMap":[{"0":-0.38228797912597656,"1":-0.301139771938324,"2":-0.3467214107513428,"BYTES_PER_ELEMENT":4,"buffer":{"0":64,"1":187,"2":195,"3":190,"4":254,"5":46,"6":154,"7":190,"8":120,"9":133,"10":177,"11":190,"byteLength":12},"length":3,"byteOffset":0,"byteLength":12},{"0":-0.5122438669204712,"1":-0.38392576575279236,"2":-0.3911716938018799,"BYTES_PER_ELEMENT":4,"buffer":{"0":106,"1":34,"2":3,"3":191,"4":235,"5":145,"6":196,"7":190,"8":168,"9":71,"10":200,"11":190,"byteLength":12},"length":3,"byteOffset":0,"byteLength":12},{"0":-0.40179505944252014,"1":-0.39784687757492065,"2":-0.3918328881263733,"BYTES_PER_ELEMENT":4,"buffer":{"0":21,"1":184,"2":205,"3":190,"4":150,"5":178,"6":203,"7":190,"8":82,"9":158,"10":200,"11":190,"byteLength":12},"length":3,"byteOffset":0,"byteLength":12}],"roughness":0.04842332967557017}