{"vertices":[-50,-16.934428215026855,-50,-50,-16.27168834209442,0,-50,-15.494989156723022,50,0,-17.823433876037598,-50,0,-17.859079241752625,0,0,-15.337795615196228,50,50,-17.836657762527466,-50,50,-17.473891377449036,0,50,-16.224777102470398,50],"normals":[-0.017775742506209783,-0.9997541796303023,0.01325153915943713,-0.009021234179342233,-0.9999590537310329,-0.0007128781234058973,-0.0002644707597982326,-0.9999736461775592,0.007255136495950607,-0.03172854681970252,-0.9993929921903393,0.014385634415985102,-0.012012788217134888,-0.9996194920072308,0.024830709181495703,0.007702528357140194,-0.9998404766809302,0.01611496966666012,0.003143476052692308,-0.9998744293691249,0.015532033095293832,-0.007287632713916605,-0.9987045237867345,0.05036034727182593,-0.01773130854154677,-0.9995309257264093,0.024970566952149408],"colors":[],"uvs":[],"faces":[0,1,3,1,4,3,3,4,6,4,7,6,1,2,4,2,5,4,4,5,7,5,8,7],"heightMap":[{"0":-0.3467214107513428,"1":-0.31358441710472107,"2":-0.2747494578361511,"BYTES_PER_ELEMENT":4,"buffer":{"0":120,"1":133,"2":177,"3":190,"4":35,"5":142,"6":160,"7":190,"8":246,"9":171,"10":140,"11":190,"byteLength":12},"length":3,"byteOffset":0,"byteLength":12},{"0":-0.3911716938018799,"1":-0.3929539620876312,"2":-0.2668897807598114,"BYTES_PER_ELEMENT":4,"buffer":{"0":168,"1":71,"2":200,"3":190,"4":67,"5":49,"6":201,"7":190,"8":199,"9":165,"10":136,"11":190,"byteLength":12},"length":3,"byteOffset":0,"byteLength":12},{"0":-0.3918328881263733,"1":-0.3736945688724518,"2":-0.3112388551235199,"BYTES_PER_ELEMENT":4,"buffer":{"0":82,"1":158,"2":200,"3":190,"4":229,"5":84,"6":191,"7":190,"8":179,"9":90,"10":159,"11":190,"byteLength":12},"length":3,"byteOffset":0,"byteLength":12}],"roughness":0.10966613394673912}