{"vertices":[-50,-15.494989156723022,-50,-50,-19.378178119659424,0,-50,-17.668069005012512,50,0,-15.337795615196228,-50,0,-16.759995222091675,0,0,-17.136276364326477,50,50,-16.224777102470398,-50,50,-16.943130493164062,0,50,-16.996824741363525,50],"normals":[0.0031344167261346968,-0.9969928457908112,-0.07743023229802863,-0.007293940406321693,-0.9995691245747536,-0.02843173632070081,-0.017735009427649915,-0.9997395482374903,-0.01436332588573907,0.05227978353847139,-0.9983982323587572,-0.021628542624955022,0.024320273193811002,-0.9995426140998026,-0.017974618502531233,-0.003662571710901768,-0.9999634940486332,-0.00771985352915604,0.010629036946768148,-0.9993591612189517,0.03418026420812843,0.006711998058428971,-0.9999491586283368,-0.007525240231708001,0.002789020003619767,-0.9999955340644298,-0.0010738801680881987],"colors":[],"uvs":[],"faces":[0,1,3,1,4,3,3,4,6,4,7,6,1,2,4,2,5,4,4,5,7,5,8,7],"heightMap":[{"0":-0.2747494578361511,"1":-0.4689089059829712,"2":-0.3834034502506256,"BYTES_PER_ELEMENT":4,"buffer":{"0":246,"1":171,"2":140,"3":190,"4":212,"5":20,"6":240,"7":190,"8":117,"9":77,"10":196,"11":190,"byteLength":12},"length":3,"byteOffset":0,"byteLength":12},{"0":-0.2668897807598114,"1":-0.33799976110458374,"2":-0.35681381821632385,"BYTES_PER_ELEMENT":4,"buffer":{"0":199,"1":165,"2":136,"3":190,"4":78,"5":14,"6":173,"7":190,"8":77,"9":176,"10":182,"11":190,"byteLength":12},"length":3,"byteOffset":0,"byteLength":12},{"0":-0.3112388551235199,"1":-0.3471565246582031,"2":-0.34984123706817627,"BYTES_PER_ELEMENT":4,"buffer":{"0":179,"1":90,"2":159,"3":190,"4":128,"5":190,"6":177,"7":190,"8":100,"9":30,"10":179,"11":190,"byteLength":12},"length":3,"byteOffset":0,"byteLength":12}],"roughness":0.02}