{"vertices":[-50,-17.668069005012512,-50,-50,-15.35667598247528,0,-50,-14.981096088886261,50,0,-17.136276364326477,-50,0,-15.424049496650696,0,0,-17.56837248802185,50,50,-16.996824741363525,-50,50,-18.03755223751068,0,50,-17.32685625553131,50],"normals":[0.01062390690984984,-0.9988768268910744,0.04617593856100319,0.006708256211994006,-0.9993916836041677,0.03422370583997579,0.002788417647220412,-0.9997795608163036,-0.020809961580549093,-0.0013469832636054302,-0.9996385672405311,0.02684996315427289,-0.026781573701630375,-0.9996320051098998,-0.0043129653401677345,-0.0521985124351087,-0.9986312931497545,-0.0032947900708235147,-0.05167493594828575,-0.998635784826669,0.007501350435987752,-0.023410947041202557,-0.9988078203224138,-0.04283533146157322,0.004829780442583484,-0.9998873352690014,0.014212318232154773],"colors":[],"uvs":[],"faces":[0,1,3,1,4,3,3,4,6,4,7,6,1,2,4,2,5,4,4,5,7,5,8,7],"heightMap":[{"0":-0.3834034502506256,"1":-0.26783379912376404,"2":-0.24905480444431305,"BYTES_PER_ELEMENT":4,"buffer":{"0":117,"1":77,"2":196,"3":190,"4":131,"5":33,"6":137,"7":190,"8":57,"9":8,"10":127,"11":190,"byteLength":12},"length":3,"byteOffset":0,"byteLength":12},{"0":-0.35681381821632385,"1":-0.2712024748325348,"2":-0.37841862440109253,"BYTES_PER_ELEMENT":4,"buffer":{"0":77,"1":176,"2":182,"3":190,"4":13,"5":219,"6":138,"7":190,"8":22,"9":192,"10":193,"11":190,"byteLength":12},"length":3,"byteOffset":0,"byteLength":12},{"0":-0.34984123706817627,"1":-0.40187761187553406,"2":-0.36634281277656555,"BYTES_PER_ELEMENT":4,"buffer":{"0":100,"1":30,"2":179,"3":190,"4":231,"5":194,"6":205,"7":190,"8":73,"9":145,"10":187,"11":190,"byteLength":12},"length":3,"byteOffset":0,"byteLength":12}],"roughness":0.07158842005999759}