{"vertices":[-50,-17.589503526687622,-50,-50,-17.584920525550842,0,-50,-16.981654167175293,50,0,-14.49419617652893,-50,0,-16.490662693977356,0,0,-16.2368643283844,50,50,-15.658798813819885,-50,50,-17.501100301742554,0,50,-17.156646251678467,50],"normals":[0.061787862954379554,-0.9980893004245893,0.00009148488796907267,0.019253228540470554,-0.9990185632624949,-0.039890142237260055,-0.023269955039843793,-0.9990512770078085,-0.03681107308285055,0.021879513478341158,-0.9997421470075089,0.006076708547209181,0.000837704044075284,-0.9998479926187929,-0.017415220587321586,-0.02020236382355299,-0.9996838829185557,-0.014966587079899325,0.01489306074831043,-0.9998163221780871,0.012063111034496192,-0.0017494109113392307,-0.9999855873261397,0.00507589415359774,-0.018392090431742576,-0.9998071263389223,0.006887752279007561],"colors":[],"uvs":[],"faces":[0,1,3,1,4,3,3,4,6,4,7,6,1,2,4,2,5,4,4,5,7,5,8,7],"heightMap":[{"0":-0.3794751763343811,"1":-0.3792460262775421,"2":-0.34908270835876465,"BYTES_PER_ELEMENT":4,"buffer":{"0":146,"1":74,"2":194,"3":190,"4":137,"5":44,"6":194,"7":190,"8":248,"9":186,"10":178,"11":190,"byteLength":12},"length":3,"byteOffset":0,"byteLength":12},{"0":-0.22470980882644653,"1":-0.3245331346988678,"2":-0.31184321641921997,"BYTES_PER_ELEMENT":4,"buffer":{"0":84,"1":26,"2":102,"3":190,"4":53,"5":41,"6":166,"7":190,"8":234,"9":169,"10":159,"11":190,"byteLength":12},"length":3,"byteOffset":0,"byteLength":12},{"0":-0.28293994069099426,"1":-0.3750550150871277,"2":-0.35783231258392334,"BYTES_PER_ELEMENT":4,"buffer":{"0":129,"1":221,"2":144,"3":190,"4":54,"5":7,"6":192,"7":190,"8":204,"9":53,"10":183,"11":190,"byteLength":12},"length":3,"byteOffset":0,"byteLength":12}],"roughness":0.08120020410307915}