{"vertices":[-50,-14.324992001056671,-50,-50,-15.825848579406738,0,-50,-17.589503526687622,50,0,-14.795091450214386,-50,0,-17.12546944618225,0,0,-14.49419617652893,50,50,-13.061745464801788,-50,50,-15.8376544713974,0,50,-15.658798813819885,50],"normals":[-0.009397341147663715,-0.999505654016516,-0.030002292718575487,0.012611654644778977,-0.9988361901679118,-0.0465533175828735,0.034592899807759044,-0.9978648261479287,-0.05539963916537999,-0.02596981661894653,-0.999130488085352,-0.032616505071889144,-0.0001179795966719758,-0.999995488364174,0.0030015549489943788,0.02573910275593351,-0.9993323287855701,-0.025930584901396124,0.06174960754979348,-0.9974713423309591,-0.035183905353458,0.01924198926814672,-0.9984332613745979,0.052543015043755324,-0.023285588219595112,-0.9997224578574277,0.0035761203519019884],"colors":[],"uvs":[],"faces":[0,1,3,1,4,3,3,4,6,4,7,6,1,2,4,2,5,4,4,5,7,5,8,7],"heightMap":[{"0":-0.21624960005283356,"1":-0.2912924289703369,"2":-0.3794751763343811,"BYTES_PER_ELEMENT":4,"buffer":{"0":137,"1":112,"2":93,"3":190,"4":72,"5":36,"6":149,"7":190,"8":146,"9":74,"10":194,"11":190,"byteLength":12},"length":3,"byteOffset":0,"byteLength":12},{"0":-0.2397545725107193,"1":-0.35627347230911255,"2":-0.22470980882644653,"BYTES_PER_ELEMENT":4,"buffer":{"0":57,"1":130,"2":117,"3":190,"4":122,"5":105,"6":182,"7":190,"8":84,"9":26,"10":102,"11":190,"byteLength":12},"length":3,"byteOffset":0,"byteLength":12},{"0":-0.15308727324008942,"1":-0.29188272356987,"2":-0.28293994069099426,"BYTES_PER_ELEMENT":4,"buffer":{"0":233,"1":194,"2":28,"3":190,"4":167,"5":113,"6":149,"7":190,"8":129,"9":221,"10":144,"11":190,"byteLength":12},"length":3,"byteOffset":0,"byteLength":12}],"roughness":0.1437472665513633}