{"vertices":[-50,-19.706580638885498,-50,-50,-18.56052339076996,0,-50,-18.202956914901733,50,0,-18.117114305496216,-50,0,-16.96096122264862,0,0,-18.888275027275085,50,50,-16.138744950294495,-50,50,-17.267314791679382,0,50,-17.621216773986816,50],"normals":[0.03176494150280443,-0.9992329134480873,0.02290356246025576,0.035645616593749235,-0.9990974320678067,0.023102191523006212,0.03952639880677586,-0.9989640888555316,-0.02254801486617772,0.03197127554341509,-0.9993758348562621,0.015025919122499263,0.01292593200805505,-0.9998867824364598,-0.007703414216227784,-0.006126283325059631,-0.9998713813653133,-0.014821922251899182,-0.013704724590433679,-0.999880518477201,0.007150475065623729,0.005810774711523054,-0.9992410489781952,-0.038517021356902104,0.025332398111465964,-0.999654042966191,-0.007075590948547517],"colors":[],"uvs":[],"faces":[0,1,3,1,4,3,3,4,6,4,7,6,1,2,4,2,5,4,4,5,7,5,8,7],"heightMap":[{"0":-0.4853290319442749,"1":-0.4280261695384979,"2":-0.41014784574508667,"BYTES_PER_ELEMENT":4,"buffer":{"0":12,"1":125,"2":248,"3":190,"4":63,"5":38,"6":219,"7":190,"8":230,"9":254,"10":209,"11":190,"byteLength":12},"length":3,"byteOffset":0,"byteLength":12},{"0":-0.4058557152748108,"1":-0.34804806113243103,"2":-0.4444137513637543,"BYTES_PER_ELEMENT":4,"buffer":{"0":82,"1":204,"2":207,"3":190,"4":91,"5":51,"6":178,"7":190,"8":51,"9":138,"10":227,"11":190,"byteLength":12},"length":3,"byteOffset":0,"byteLength":12},{"0":-0.30693724751472473,"1":-0.3633657395839691,"2":-0.3810608386993408,"BYTES_PER_ELEMENT":4,"buffer":{"0":225,"1":38,"2":157,"3":190,"4":19,"5":11,"6":186,"7":190,"8":104,"9":26,"10":195,"11":190,"byteLength":12},"length":3,"byteOffset":0,"byteLength":12}],"roughness":0.08943085344893917}