{"vertices":[-50,-16.981654167175293,-50,-50,-15.395556092262268,0,-50,-19.706580638885498,50,0,-16.2368643283844,-50,0,-17.42812991142273,0,0,-18.117114305496216,50,50,-17.156646251678467,-50,50,-16.846810579299927,0,50,-16.138744950294495,50],"normals":[0.014886657925477175,-0.9993864812686266,0.03170249948068541,-0.001748937394478111,-0.9997147690797403,-0.023818515945196125,-0.01839217371799203,-0.9998116538387214,0.006195546320380408,-0.04060298599667325,-0.9988071678853956,-0.02712266411894452,-0.0144985549888097,-0.9997181977619015,-0.01879672755912546,0.01162499880572399,-0.9998806304336206,0.010177636583816157,0.03165594778728013,-0.9958042873351991,-0.08585873452669392,0.035651752140817485,-0.9992694081773361,-0.013769620554184661,0.03953249292315748,-0.9991181075266558,0.014148823825131569],"colors":[],"uvs":[],"faces":[0,1,3,1,4,3,3,4,6,4,7,6,1,2,4,2,5,4,4,5,7,5,8,7],"heightMap":[{"0":-0.34908270835876465,"1":-0.2697778046131134,"2":-0.4853290319442749,"BYTES_PER_ELEMENT":4,"buffer":{"0":248,"1":186,"2":178,"3":190,"4":81,"5":32,"6":138,"7":190,"8":12,"9":125,"10":248,"11":190,"byteLength":12},"length":3,"byteOffset":0,"byteLength":12},{"0":-0.31184321641921997,"1":-0.3714064955711365,"2":-0.4058557152748108,"BYTES_PER_ELEMENT":4,"buffer":{"0":234,"1":169,"2":159,"3":190,"4":254,"5":40,"6":190,"7":190,"8":82,"9":204,"10":207,"11":190,"byteLength":12},"length":3,"byteOffset":0,"byteLength":12},{"0":-0.35783231258392334,"1":-0.34234052896499634,"2":-0.30693724751472473,"BYTES_PER_ELEMENT":4,"buffer":{"0":204,"1":53,"2":183,"3":190,"4":66,"5":71,"6":175,"7":190,"8":225,"9":38,"10":157,"11":190,"byteLength":12},"length":3,"byteOffset":0,"byteLength":12}],"roughness":0.05022251253176366}