{"vertices":[-50,-14.570059180259705,-50,-50,-12.771045565605164,0,-50,-13.13834935426712,50,0,-11.237586215138435,-50,0,-11.342115253210068,0,0,-13.877254128456116,50,50,-12.902301549911499,-50,50,-16.168248057365417,0,50,-15.536189675331116,50],"normals":[0.06645910293904483,-0.9971439173644786,0.03587750966217319,0.01663370671838928,-0.9998594653756203,-0.0020902869624506043,-0.0332051861344277,-0.9973232492315056,-0.06514408765260458,0.02856402055590199,-0.9994896289947313,0.014303085738978613,-0.03380883639646344,-0.9990807148541262,-0.026356930551287922,-0.09604323895191412,-0.9950331129431406,-0.026168691184482305,-0.014776083436368421,-0.9998638493428537,-0.007345075600195164,-0.023938758301846733,-0.9984308817160366,-0.05062321884969025,-0.03315781771685331,-0.99937028232694,0.01263320727401458],"colors":[],"uvs":[],"faces":[0,1,3,1,4,3,3,4,6,4,7,6,1,2,4,2,5,4,4,5,7,5,8,7],"heightMap":[{"0":-0.22850295901298523,"1":-0.13855227828025818,"2":-0.15691746771335602,"BYTES_PER_ELEMENT":4,"buffer":{"0":174,"1":252,"2":105,"3":190,"4":166,"5":224,"6":13,"7":190,"8":249,"9":174,"10":32,"11":190,"byteLength":12},"length":3,"byteOffset":0,"byteLength":12},{"0":-0.06187931075692177,"1":-0.06710576266050339,"2":-0.1938627064228058,"BYTES_PER_ELEMENT":4,"buffer":{"0":41,"1":117,"2":125,"3":189,"4":191,"5":110,"6":137,"7":189,"8":242,"9":131,"10":70,"11":190,"byteLength":12},"length":3,"byteOffset":0,"byteLength":12},{"0":-0.14511507749557495,"1":-0.3084124028682709,"2":-0.2768094837665558,"BYTES_PER_ELEMENT":4,"buffer":{"0":12,"1":153,"2":20,"3":190,"4":59,"5":232,"6":157,"7":190,"8":249,"9":185,"10":141,"11":190,"byteLength":12},"length":3,"byteOffset":0,"byteLength":12}],"roughness":0.16608354517957197}