{"vertices":[-50,-12.173755019903183,-50,-50,-11.751575022935867,0,-50,-11.956948190927505,50,0,-10.305220913141966,-50,0,-9.443750269711018,0,0,-12.185581624507904,50,50,-10.142296608537436,-50,50,-8.867403641343117,0,50,-10.254626348614693,50],"normals":[0.03734328478616078,-0.9992668758636938,0.008437409732433466,0.020301481698858957,-0.999645540969375,0.017223305747635313,0.0032574100890014985,-0.9996697843542374,0.02548943955179757,0.04610729895192785,-0.9989341454003298,0.0021656723367603115,0.028816036840050605,-0.9994085213014111,-0.01876815310465538,0.011526159590316984,-0.999932941653253,-0.0011224267328895864,-0.004572582295077569,-0.9999811102582307,-0.004107385770910569,0.01698733187847295,-0.9983557759143887,-0.0547464633928929,0.03857551685712787,-0.9988713187384365,-0.027713139499925262],"colors":[],"uvs":[],"faces":[0,1,3,1,4,3,3,4,6,4,7,6,1,2,4,2,5,4,4,5,7,5,8,7],"heightMap":[{"0":-0.10868775099515915,"1":-0.08757875114679337,"2":-0.09784740954637527,"BYTES_PER_ELEMENT":4,"buffer":{"0":175,"1":151,"2":222,"3":189,"4":125,"5":92,"6":179,"7":189,"8":57,"9":100,"10":200,"11":189,"byteLength":12},"length":3,"byteOffset":0,"byteLength":12},{"0":-0.015261045657098293,"1":0.02781248651444912,"2":-0.1092790812253952,"BYTES_PER_ELEMENT":4,"buffer":{"0":119,"1":9,"2":122,"3":188,"4":3,"5":215,"6":227,"7":60,"8":182,"9":205,"10":223,"11":189,"byteLength":12},"length":3,"byteOffset":0,"byteLength":12},{"0":-0.007114830426871777,"1":0.05662981793284416,"2":-0.012731317430734634,"BYTES_PER_ELEMENT":4,"buffer":{"0":134,"1":35,"2":233,"3":187,"4":171,"5":244,"6":103,"7":61,"8":4,"9":151,"10":80,"11":188,"byteLength":12},"length":3,"byteOffset":0,"byteLength":12}],"roughness":0.0982537847571075}