{"vertices":[-50,-12.648870646953583,-50,-50,-13.988323211669922,0,-50,-14.570059180259705,50,0,-10.920521318912506,-50,0,-14.578411281108856,0,0,-11.237586215138435,50,50,-13.719559013843536,-50,50,-11.261788457632065,0,50,-12.902301549911499,50],"normals":[0.03453397870321635,-0.9990451045668359,-0.02676347055158703,-0.010656016786195245,-0.9972780366098781,-0.07295866639268316,-0.05582604820545531,-0.9972364485579193,0.04901956761693099,-0.011798762903277745,-0.9997459289844824,-0.019205902033132372,0.02721381233948019,-0.9996246597695985,-0.0031540447786880636,0.06618481183762669,-0.9977741721056728,0.008140771514860706,0.06649743649852738,-0.9977190692094261,-0.01160818138214084,0.016596930329632505,-0.9976377920056801,0.06665866684583924,-0.03325799176444873,-0.9989092750497941,-0.032774474874370914],"colors":[],"uvs":[],"faces":[0,1,3,1,4,3,3,4,6,4,7,6,1,2,4,2,5,4,4,5,7,5,8,7],"heightMap":[{"0":-0.13244353234767914,"1":-0.1994161605834961,"2":-0.22850295901298523,"BYTES_PER_ELEMENT":4,"buffer":{"0":71,"1":159,"2":7,"3":190,"4":192,"5":51,"6":76,"7":190,"8":174,"9":252,"10":105,"11":190,"byteLength":12},"length":3,"byteOffset":0,"byteLength":12},{"0":-0.046026065945625305,"1":-0.2289205640554428,"2":-0.06187931075692177,"BYTES_PER_ELEMENT":4,"buffer":{"0":212,"1":133,"2":60,"3":189,"4":39,"5":106,"6":106,"7":190,"8":41,"9":117,"10":125,"11":189,"byteLength":12},"length":3,"byteOffset":0,"byteLength":12},{"0":-0.18597795069217682,"1":-0.06308942288160324,"2":-0.14511507749557495,"BYTES_PER_ELEMENT":4,"buffer":{"0":1,"1":113,"2":62,"3":190,"4":7,"5":53,"6":129,"7":189,"8":12,"9":153,"10":20,"11":190,"byteLength":12},"length":3,"byteOffset":0,"byteLength":12}],"roughness":0.12632405739743263}