{"vertices":[-50,-13.13834935426712,-50,-50,-14.035292267799377,0,-50,-14.324992001056671,50,0,-13.877254128456116,-50,0,-13.259795904159546,0,0,-14.795091450214386,50,50,-15.536189675331116,-50,50,-14.515747725963593,0,50,-13.061745464801788,50],"normals":[-0.01477410557546288,-0.9997300120085564,-0.017934014994331858,-0.02396766011451683,-0.9996365140637625,0.012344675738316479,-0.033153567728944566,-0.9992421885044659,0.020393372934555343,0.015506970689038536,-0.9998093747503716,-0.011863727126007481,-0.004802316326818926,-0.9999463896799696,-0.009173631990200418,-0.025103436605142616,-0.9993789637999049,0.024728610653248377,-0.009401415665778734,-0.999939021692475,-0.005793641357157384,0.012619388688634985,-0.9994493164762759,-0.03068900168187161,0.03463148481771914,-0.998977847157145,0.029050320972340803],"colors":[],"uvs":[],"faces":[0,1,3,1,4,3,3,4,6,4,7,6,1,2,4,2,5,4,4,5,7,5,8,7],"heightMap":[{"0":-0.15691746771335602,"1":-0.20176461338996887,"2":-0.21624960005283356,"BYTES_PER_ELEMENT":4,"buffer":{"0":249,"1":174,"2":32,"3":190,"4":98,"5":155,"6":78,"7":190,"8":137,"9":112,"10":93,"11":190,"byteLength":12},"length":3,"byteOffset":0,"byteLength":12},{"0":-0.1938627064228058,"1":-0.1629897952079773,"2":-0.2397545725107193,"BYTES_PER_ELEMENT":4,"buffer":{"0":242,"1":131,"2":70,"3":190,"4":204,"5":230,"6":38,"7":190,"8":57,"9":130,"10":117,"11":190,"byteLength":12},"length":3,"byteOffset":0,"byteLength":12},{"0":-0.2768094837665558,"1":-0.22578738629817963,"2":-0.15308727324008942,"BYTES_PER_ELEMENT":4,"buffer":{"0":249,"1":185,"2":141,"3":190,"4":207,"5":52,"6":103,"7":190,"8":233,"9":194,"10":28,"11":190,"byteLength":12},"length":3,"byteOffset":0,"byteLength":12}],"roughness":0.06582241243799218}