{"vertices":[-50,-11.956948190927505,-50,-50,-10.374854728579521,0,-50,-12.648870646953583,50,0,-12.185581624507904,-50,0,-12.736019492149353,0,0,-10.920521318912506,50,50,-10.254626348614693,-50,50,-9.937681434676051,0,50,-13.719559013843536,50],"normals":[-0.00457033355990129,-0.9994893328438202,0.03162571078357513,0.01701179293215323,-0.9997947068862396,-0.011006497330753387,0.03858956460939778,-0.9992350701014351,0.006334049465955436,-0.047169604988381963,-0.9988630551361122,-0.0069011194303701074,0.004359744723021766,-0.9999105769854374,0.01264241506199757,0.055846017229353596,-0.9978425780296634,-0.03451683401956044,0.034510722385689016,-0.9983723147219236,-0.04540629072283225,-0.010677368312003745,-0.9992844772104997,0.036283982858392,-0.055734536326893076,-0.9956017460541272,-0.0753048784236421],"colors":[],"uvs":[],"faces":[0,1,3,1,4,3,3,4,6,4,7,6,1,2,4,2,5,4,4,5,7,5,8,7],"heightMap":[{"0":-0.09784740954637527,"1":-0.01874273642897606,"2":-0.13244353234767914,"BYTES_PER_ELEMENT":4,"buffer":{"0":57,"1":100,"2":200,"3":189,"4":94,"5":138,"6":153,"7":188,"8":71,"9":159,"10":7,"11":190,"byteLength":12},"length":3,"byteOffset":0,"byteLength":12},{"0":-0.1092790812253952,"1":-0.13680097460746765,"2":-0.046026065945625305,"BYTES_PER_ELEMENT":4,"buffer":{"0":182,"1":205,"2":223,"3":189,"4":142,"5":21,"6":12,"7":190,"8":212,"9":133,"10":60,"11":189,"byteLength":12},"length":3,"byteOffset":0,"byteLength":12},{"0":-0.012731317430734634,"1":0.003115928266197443,"2":-0.18597795069217682,"BYTES_PER_ELEMENT":4,"buffer":{"0":4,"1":151,"2":80,"3":188,"4":154,"5":52,"6":76,"7":59,"8":1,"9":113,"10":62,"11":190,"byteLength":12},"length":3,"byteOffset":0,"byteLength":12}],"roughness":0.11372455527074635}