{"vertices":[-50,-7.151252031326294,-50,-50,-10.05746838171035,0,-50,-12.173755019903183,50,0,-8.930480629205704,-50,0,-7.923558950424194,0,0,-10.305220913141966,50,50,-8.460385948419571,-50,50,-9.256365150213242,0,50,-10.142296608537436,50],"normals":[-0.035502218910065005,-0.9976857091994432,-0.05798981041239871,-0.013080951047422613,-0.999711741448193,0.020132628499932012,0.009400287108758131,-0.9998291294253916,-0.015916863847401676,0.04258579955662673,-0.9978352157841884,-0.0501131900505739,0.008000419232971926,-0.9998737332608869,-0.013729924509385063,-0.026642893344994638,-0.9995036543651881,-0.016810744922274853,0.03731125465886541,-0.9984097834729401,-0.04225842568409565,0.020281518992641395,-0.9986620059165839,-0.047569506262059164,0.0032579574213534657,-0.9998377557177782,-0.01771575442021281],"colors":[],"uvs":[],"faces":[0,1,3,1,4,3,3,4,6,4,7,6,1,2,4,2,5,4,4,5,7,5,8,7],"heightMap":[{"0":0.1424373984336853,"1":-0.0028734190855175257,"2":-0.10868775099515915,"BYTES_PER_ELEMENT":4,"buffer":{"0":28,"1":219,"2":17,"3":62,"4":249,"5":79,"6":60,"7":187,"8":175,"9":151,"10":222,"11":189,"byteLength":12},"length":3,"byteOffset":0,"byteLength":12},{"0":0.05347596853971481,"1":0.10382205247879028,"2":-0.015261045657098293,"BYTES_PER_ELEMENT":4,"buffer":{"0":158,"1":9,"2":91,"3":61,"4":168,"5":160,"6":212,"7":61,"8":119,"9":9,"10":122,"11":188,"byteLength":12},"length":3,"byteOffset":0,"byteLength":12},{"0":0.07698070257902145,"1":0.03718174248933792,"2":-0.007114830426871777,"BYTES_PER_ELEMENT":4,"buffer":{"0":15,"1":168,"2":157,"3":61,"4":226,"5":75,"6":24,"7":61,"8":134,"9":35,"10":233,"11":187,"byteLength":12},"length":3,"byteOffset":0,"byteLength":12}],"roughness":0.08385982988402246}