{"vertices":[-50,-18.202956914901733,-50,-50,-16.45067811012268,0,-50,-14.760168492794037,50,0,-18.888275027275085,-50,0,-17.073606848716736,0,0,-15.83230197429657,50,50,-17.621216773986816,-50,50,-17.024537324905396,0,50,-16.936089992523193,50],"normals":[-0.013696668048379332,-0.99929272268508,0.03502078915462034,0.0058112635268524745,-0.9993251713815163,0.03626887177076813,0.025331229760263103,-0.9996079380929609,0.01192891027597446,-0.012450232832867092,-0.9993304258980859,0.034404819092065296,-0.005735561475798075,-0.9995169680747893,0.030543966100326465,0.0009813669724879973,-0.9999760505737739,0.006850926779819856,-0.021425504850739695,-0.9991995036249167,0.03378312741015858,-0.021747365923238757,-0.9994555457391575,0.02481258081384567,-0.02207034862408852,-0.9997548559888952,0.001768513000967409],"colors":[],"uvs":[],"faces":[0,1,3,1,4,3,3,4,6,4,7,6,1,2,4,2,5,4,4,5,7,5,8,7],"heightMap":[{"0":-0.41014784574508667,"1":-0.32253390550613403,"2":-0.23800842463970184,"BYTES_PER_ELEMENT":4,"buffer":{"0":230,"1":254,"2":209,"3":190,"4":42,"5":35,"6":165,"7":190,"8":123,"9":184,"10":115,"11":190,"byteLength":12},"length":3,"byteOffset":0,"byteLength":12},{"0":-0.4444137513637543,"1":-0.3536803424358368,"2":-0.2916150987148285,"BYTES_PER_ELEMENT":4,"buffer":{"0":51,"1":138,"2":227,"3":190,"4":151,"5":21,"6":181,"7":190,"8":147,"9":78,"10":149,"11":190,"byteLength":12},"length":3,"byteOffset":0,"byteLength":12},{"0":-0.3810608386993408,"1":-0.3512268662452698,"2":-0.34680449962615967,"BYTES_PER_ELEMENT":4,"buffer":{"0":104,"1":26,"2":195,"3":190,"4":2,"5":212,"6":179,"7":190,"8":92,"9":144,"10":177,"11":190,"byteLength":12},"length":3,"byteOffset":0,"byteLength":12}],"roughness":0.02690610528265097}