{"vertices":[-50,-18.76153588294983,-50,-50,-18.917064666748047,0,-50,-16.88960611820221,50,0,-17.578676342964172,-50,0,-17.58693039417267,0,0,-15.735455751419067,50,50,-14.981096088886261,-50,50,-16.0952889919281,0,50,-16.90059781074524,50],"normals":[0.023650459200917538,-0.9997154523183843,-0.0031096905688672697,0.03776987400989979,-0.9992864501254927,-0.0001649632306258419,0.05186879678600651,-0.9984060493333802,-0.02224833869042586,0.02658862668831934,-0.9994715284209236,0.018700502848102526,0.028201672782910553,-0.9994326086433847,0.018415385755522998,0.029814074341811127,-0.9993713736072217,-0.019182767932594373,0.023057921736213006,-0.9989132438817415,0.04050510391127379,-0.00010978267152422276,-0.9993151065566995,0.03700413159820684,-0.023293497344628326,-0.9995990256372466,-0.016099718212533875],"colors":[],"uvs":[],"faces":[0,1,3,1,4,3,3,4,6,4,7,6,1,2,4,2,5,4,4,5,7,5,8,7],"heightMap":[{"0":-0.43807679414749146,"1":-0.44585323333740234,"2":-0.3444803059101105,"BYTES_PER_ELEMENT":4,"buffer":{"0":154,"1":75,"2":224,"3":190,"4":224,"5":70,"6":228,"7":190,"8":185,"9":95,"10":176,"11":190,"byteLength":12},"length":3,"byteOffset":0,"byteLength":12},{"0":-0.3789338171482086,"1":-0.3793465197086334,"2":-0.28677278757095337,"BYTES_PER_ELEMENT":4,"buffer":{"0":157,"1":3,"2":194,"3":190,"4":181,"5":57,"6":194,"7":190,"8":226,"9":211,"10":146,"11":190,"byteLength":12},"length":3,"byteOffset":0,"byteLength":12},{"0":-0.24905480444431305,"1":-0.30476444959640503,"2":-0.34502989053726196,"BYTES_PER_ELEMENT":4,"buffer":{"0":57,"1":8,"2":127,"3":190,"4":22,"5":10,"6":156,"7":190,"8":194,"9":167,"10":176,"11":190,"byteLength":12},"length":3,"byteOffset":0,"byteLength":12}],"roughness":0.08061766243888999}