{"vertices":[-50,-14.760168492794037,-50,-50,-16.57338261604309,0,-50,-15.807187557220459,50,0,-15.83230197429657,-50,0,-16.12804651260376,0,0,-16.527050733566284,50,50,-16.936089992523193,-50,50,-13.628601133823395,0,50,-13.66255670785904,50],"normals":[-0.02142366577368479,-0.9991137364566194,-0.03623214275350551,-0.021753683198670704,-0.999745872266572,-0.005913387628359924,-0.022022276688599986,-0.9975772668732891,0.06598951391751198,0.008905881353688652,-0.9999056089219497,-0.01046224276811941,0.029421953107250605,-0.9995429582087642,-0.006944304905988061,0.049899962507964524,-0.9982207039129981,0.03264077237355669,-0.01439408204404784,-0.9997790216965387,0.015320514926768255,0.0214132119166993,-0.9997388788383864,-0.007978000650337158,0.05719608173806445,-0.9983627339551304,-0.0006779995945448384],"colors":[],"uvs":[],"faces":[0,1,3,1,4,3,3,4,6,4,7,6,1,2,4,2,5,4,4,5,7,5,8,7],"heightMap":[{"0":-0.23800842463970184,"1":-0.32866913080215454,"2":-0.29035937786102295,"BYTES_PER_ELEMENT":4,"buffer":{"0":123,"1":184,"2":115,"3":190,"4":82,"5":71,"6":168,"7":190,"8":252,"9":169,"10":148,"11":190,"byteLength":12},"length":3,"byteOffset":0,"byteLength":12},{"0":-0.2916150987148285,"1":-0.306402325630188,"2":-0.3263525366783142,"BYTES_PER_ELEMENT":4,"buffer":{"0":147,"1":78,"2":149,"3":190,"4":196,"5":224,"6":156,"7":190,"8":174,"9":23,"10":167,"11":190,"byteLength":12},"length":3,"byteOffset":0,"byteLength":12},{"0":-0.34680449962615967,"1":-0.18143005669116974,"2":-0.18312783539295197,"BYTES_PER_ELEMENT":4,"buffer":{"0":92,"1":144,"2":177,"3":190,"4":205,"5":200,"6":57,"7":190,"8":221,"9":133,"10":59,"11":190,"byteLength":12},"length":3,"byteOffset":0,"byteLength":12}],"roughness":0.12610164084801}