{"vertices":[-50,-15.807187557220459,-50,-50,-17.256269454956055,0,-50,-16.891320943832397,50,0,-16.527050733566284,-50,0,-15.339370369911194,0,0,-16.233029961586,50,50,-13.66255670785904,-50,50,-15.307745933532715,0,50,-15.505505204200745,50],"normals":[-0.014389730916389804,-0.9994768026220666,-0.028966474837725794,0.021407871231925297,-0.9994888922904483,0.02374146662129486,0.05716525919257528,-0.9978247236605974,-0.032832209689544554,0.03830759173637071,-0.9992073144391482,-0.01082918217894732,0.019474539689174886,-0.9998060353449698,0.002938365475523824,0.0006323812623240121,-0.9998300914452957,-0.018422495336701067,0.013164328120389484,-0.9998867123674242,0.007298143339416398,0.013854607898727996,-0.9997443484056736,-0.01786862252350816,0.014548841326506261,-0.9998863391807612,-0.003954735863746272],"colors":[],"uvs":[],"faces":[0,1,3,1,4,3,3,4,6,4,7,6,1,2,4,2,5,4,4,5,7,5,8,7],"heightMap":[{"0":-0.29035937786102295,"1":-0.36281347274780273,"2":-0.3445660471916199,"BYTES_PER_ELEMENT":4,"buffer":{"0":252,"1":169,"2":148,"3":190,"4":176,"5":194,"6":185,"7":190,"8":246,"9":106,"10":176,"11":190,"byteLength":12},"length":3,"byteOffset":0,"byteLength":12},{"0":-0.3263525366783142,"1":-0.2669685184955597,"2":-0.3116514980792999,"BYTES_PER_ELEMENT":4,"buffer":{"0":174,"1":23,"2":167,"3":190,"4":25,"5":176,"6":136,"7":190,"8":201,"9":144,"10":159,"11":190,"byteLength":12},"length":3,"byteOffset":0,"byteLength":12},{"0":-0.18312783539295197,"1":-0.26538729667663574,"2":-0.27527526021003723,"BYTES_PER_ELEMENT":4,"buffer":{"0":221,"1":133,"2":59,"3":190,"4":216,"5":224,"6":135,"7":190,"8":225,"9":240,"10":140,"11":190,"byteLength":12},"length":3,"byteOffset":0,"byteLength":12}],"roughness":0.05505972955211292}