{"vertices":[-50,-16.891320943832397,-50,-50,-20.446606874465942,0,-50,-18.23694109916687,50,0,-16.233029961586,-50,0,-16.71705722808838,0,0,-18.38658332824707,50,50,-15.505505204200745,-50,50,-16.211422085762024,0,50,-18.29753339290619,50],"normals":[0.013131529653908578,-0.9973955293370125,-0.07092052585457355,0.013856171118243357,-0.9998571499649044,-0.009679162463807466,0.014547505619764764,-0.9997945411541004,-0.014115436893869853,0.07437769736800041,-0.9971404649384674,-0.013373530443794046,0.04226038714723126,-0.9988750937483148,-0.02150829531741944,0.010108248555474306,-0.9995595350599744,-0.027902673381392025,-0.002989912904981929,-0.9990204380674844,0.04415002541644013,-0.0006055818822333688,-0.9994428189732047,-0.03337191743783886,0.0017794477788702745,-0.9991291807560468,-0.04168589362545752],"colors":[],"uvs":[],"faces":[0,1,3,1,4,3,3,4,6,4,7,6,1,2,4,2,5,4,4,5,7,5,8,7],"heightMap":[{"0":-0.3445660471916199,"1":-0.5223303437232971,"2":-0.4118470549583435,"BYTES_PER_ELEMENT":4,"buffer":{"0":246,"1":106,"2":176,"3":190,"4":113,"5":183,"6":5,"7":191,"8":158,"9":221,"10":210,"11":190,"byteLength":12},"length":3,"byteOffset":0,"byteLength":12},{"0":-0.3116514980792999,"1":-0.33585286140441895,"2":-0.4193291664123535,"BYTES_PER_ELEMENT":4,"buffer":{"0":201,"1":144,"2":159,"3":190,"4":232,"5":244,"6":171,"7":190,"8":80,"9":178,"10":214,"11":190,"byteLength":12},"length":3,"byteOffset":0,"byteLength":12},{"0":-0.27527526021003723,"1":-0.3105711042881012,"2":-0.41487666964530945,"BYTES_PER_ELEMENT":4,"buffer":{"0":225,"1":240,"2":140,"3":190,"4":45,"5":3,"6":159,"7":190,"8":183,"9":106,"10":212,"11":190,"byteLength":12},"length":3,"byteOffset":0,"byteLength":12}],"roughness":0.05153690448811631}