{"vertices":[-50,-18.23694109916687,-50,-50,-17.223055362701416,0,-50,-16.139506697654724,50,0,-18.38658332824707,-50,0,-20.042860507965088,0,0,-20.738977193832397,50,50,-18.29753339290619,-50,50,-20.204768180847168,0,50,-18.710761666297913,50],"normals":[-0.0029922160685448944,-0.9997899947551661,0.020273456302862685,-0.0006055872130852256,-0.9994516170274522,-0.03310737811029681,0.0017797016081592138,-0.9992717015158699,-0.03811691503472083,-0.056294289837393784,-0.9981946790179691,0.020936468468130517,-0.02977466504852668,-0.9992802367689504,-0.02350484469717819,-0.003238108898396476,-0.9999862393040636,-0.004127451184206441,-0.09158133141174471,-0.9955638533593391,0.02157483768552505,-0.025589330504148702,-0.9995756695970563,-0.013916426047869994,0.040512926450490226,-0.9987332682473362,0.029842280181171785],"colors":[],"uvs":[],"faces":[0,1,3,1,4,3,3,4,6,4,7,6,1,2,4,2,5,4,4,5,7,5,8,7],"heightMap":[{"0":-0.4118470549583435,"1":-0.3611527681350708,"2":-0.3069753348827362,"BYTES_PER_ELEMENT":4,"buffer":{"0":158,"1":221,"2":210,"3":190,"4":4,"5":233,"6":184,"7":190,"8":223,"9":43,"10":157,"11":190,"byteLength":12},"length":3,"byteOffset":0,"byteLength":12},{"0":-0.4193291664123535,"1":-0.5021430253982544,"2":-0.5369488596916199,"BYTES_PER_ELEMENT":4,"buffer":{"0":80,"1":178,"2":214,"3":190,"4":114,"5":140,"6":0,"7":191,"8":123,"9":117,"10":9,"11":191,"byteLength":12},"length":3,"byteOffset":0,"byteLength":12},{"0":-0.41487666964530945,"1":-0.5102384090423584,"2":-0.43553808331489563,"BYTES_PER_ELEMENT":4,"buffer":{"0":183,"1":106,"2":212,"3":190,"4":252,"5":158,"6":2,"7":191,"8":217,"9":254,"10":222,"11":190,"byteLength":12},"length":3,"byteOffset":0,"byteLength":12}],"roughness":0.2391263925897033}