{"vertices":[-50,-16.139506697654724,-50,-50,-13.420979380607605,0,-50,-17.37478196620941,50,0,-20.738977193832397,-50,0,-17.352824807167053,0,0,-17.594388127326965,50,50,-18.710761666297913,-50,50,-17.882818579673767,0,50,-17.64575958251953,50],"normals":[-0.09146868788770912,-0.9943393262737843,0.05406277241779022,-0.02553384799694255,-0.9973893558329814,0.0675462469537692,0.040525431691548736,-0.9990415501061609,0.016542990893213316,-0.07838900286923799,-0.9968474642940386,-0.01225957420598009,-0.04450094649354017,-0.9985170662491134,0.03135815955126761,-0.010598679073129379,-0.9998871329186342,0.010648447100787375,-0.004378413298308063,-0.9968785201714644,-0.07882921741169678,-0.0027097269216165274,-0.9999846583628813,-0.00483119228366226,-0.0010274170141020827,-0.9999882330087884,0.004741124153661993],"colors":[],"uvs":[],"faces":[0,1,3,1,4,3,3,4,6,4,7,6,1,2,4,2,5,4,4,5,7,5,8,7],"heightMap":[{"0":-0.3069753348827362,"1":-0.17104896903038025,"2":-0.3687390983104706,"BYTES_PER_ELEMENT":4,"buffer":{"0":223,"1":43,"2":157,"3":190,"4":118,"5":39,"6":47,"7":190,"8":95,"9":203,"10":188,"11":190,"byteLength":12},"length":3,"byteOffset":0,"byteLength":12},{"0":-0.5369488596916199,"1":-0.36764124035835266,"2":-0.37971940636634827,"BYTES_PER_ELEMENT":4,"buffer":{"0":123,"1":117,"2":9,"3":191,"4":121,"5":59,"6":188,"7":190,"8":149,"9":106,"10":194,"11":190,"byteLength":12},"length":3,"byteOffset":0,"byteLength":12},{"0":-0.43553808331489563,"1":-0.39414092898368835,"2":-0.38228797912597656,"BYTES_PER_ELEMENT":4,"buffer":{"0":217,"1":254,"2":222,"3":190,"4":215,"5":204,"6":201,"7":190,"8":64,"9":187,"10":195,"11":190,"byteLength":12},"length":3,"byteOffset":0,"byteLength":12}],"roughness":0.02}