{"vertices":[-50,-17.37478196620941,-50,-50,-17.037933468818665,0,-50,-16.261186599731445,50,0,-17.594388127326965,-50,0,-20.23167133331299,0,0,-14.351386725902557,50,50,-17.64575958251953,-50,50,-16.02279543876648,0,50,-16.934428215026855,50],"normals":[-0.004391981193442728,-0.999967662813369,0.006736752093160413,-0.0027059970243651214,-0.9986081871517671,-0.052672252026710054,-0.0010268877375060566,-0.9994730864219901,0.0324421796381817,-0.063740914748603,-0.997904609786992,0.011112405359888559,0.010090768374517039,-0.9994311617022755,0.03217964282045043,0.08387875424627127,-0.9964507905181285,0.00708354867920148,0.03816356710026464,-0.9991509483072669,0.01552174741686391,-0.006672901080894341,-0.9931332592058408,0.11679812434430918,-0.051583479773547616,-0.998502733903733,-0.01820535638824471],"colors":[],"uvs":[],"faces":[0,1,3,1,4,3,3,4,6,4,7,6,1,2,4,2,5,4,4,5,7,5,8,7],"heightMap":[{"0":-0.3687390983104706,"1":-0.3518966734409332,"2":-0.31305932998657227,"BYTES_PER_ELEMENT":4,"buffer":{"0":95,"1":203,"2":188,"3":190,"4":205,"5":43,"6":180,"7":190,"8":80,"9":73,"10":160,"11":190,"byteLength":12},"length":3,"byteOffset":0,"byteLength":12},{"0":-0.37971940636634827,"1":-0.5115835666656494,"2":-0.21756933629512787,"BYTES_PER_ELEMENT":4,"buffer":{"0":149,"1":106,"2":194,"3":190,"4":36,"5":247,"6":2,"7":191,"8":127,"9":202,"10":94,"11":190,"byteLength":12},"length":3,"byteOffset":0,"byteLength":12},{"0":-0.38228797912597656,"1":-0.301139771938324,"2":-0.3467214107513428,"BYTES_PER_ELEMENT":4,"buffer":{"0":64,"1":187,"2":195,"3":190,"4":254,"5":46,"6":154,"7":190,"8":120,"9":133,"10":177,"11":190,"byteLength":12},"length":3,"byteOffset":0,"byteLength":12}],"roughness":0.17340870324522256}