{"vertices":[-50,-16.261186599731445,-50,-50,-17.356297373771667,0,-50,-13.36950570344925,50,0,-14.351386725902557,-50,0,-15.34860908985138,0,0,-14.269392192363739,50,50,-16.934428215026855,-50,50,-16.27168834209442,0,50,-15.494989156723022,50],"normals":[0.03815902705373663,-0.9990320864675993,-0.021881016030051017,-0.0067173722432027315,-0.9997786115143905,-0.019940031807997027,-0.051587510748529214,-0.9985807615892844,0.013235985740969113,0.04010478323727359,-0.9987801283315623,0.028807318713814943,0.010836147382004085,-0.999940951385479,0.000819543908964765,-0.018456528389795387,-0.9997260985417469,0.014390429260248578,-0.017937901520555726,-0.99667578864273,0.07947077464345725,-0.021244863899867752,-0.9995414945041694,0.02157444141217898,-0.02450162456152133,-0.9995791958545798,0.015527446942689002],"colors":[],"uvs":[],"faces":[0,1,3,1,4,3,3,4,6,4,7,6,1,2,4,2,5,4,4,5,7,5,8,7],"heightMap":[{"0":-0.31305932998657227,"1":-0.3678148686885834,"2":-0.16847528517246246,"BYTES_PER_ELEMENT":4,"buffer":{"0":80,"1":73,"2":160,"3":190,"4":59,"5":82,"6":188,"7":190,"8":201,"9":132,"10":44,"11":190,"byteLength":12},"length":3,"byteOffset":0,"byteLength":12},{"0":-0.21756933629512787,"1":-0.26743045449256897,"2":-0.21346960961818695,"BYTES_PER_ELEMENT":4,"buffer":{"0":127,"1":202,"2":94,"3":190,"4":165,"5":236,"6":136,"7":190,"8":199,"9":151,"10":90,"11":190,"byteLength":12},"length":3,"byteOffset":0,"byteLength":12},{"0":-0.3467214107513428,"1":-0.31358441710472107,"2":-0.2747494578361511,"BYTES_PER_ELEMENT":4,"buffer":{"0":120,"1":133,"2":177,"3":190,"4":35,"5":142,"6":160,"7":190,"8":246,"9":171,"10":140,"11":190,"byteLength":12},"length":3,"byteOffset":0,"byteLength":12}],"roughness":0.02}