{"vertices":[-50,-13.36950570344925,-50,-50,-13.612508475780487,0,-50,-13.790847659111023,50,0,-14.269392192363739,-50,0,-12.082679718732834,0,0,-12.336385995149612,50,50,-15.494989156723022,-50,50,-19.378178119659424,0,50,-17.668069005012512,50],"normals":[-0.017994603141985446,-0.9998262760724345,-0.004859211138704383,-0.02122952639577204,-0.9988198708465577,0.04368263740981154,-0.024431053729090046,-0.9967001567216713,-0.07740750095877151,0.030581992485960118,-0.999523389303353,-0.004211409636515472,-0.05710894814099494,-0.9981817031094422,0.019283558275444278,-0.14434798039646118,-0.989294853235303,-0.0214325434235721,0.029076748870515107,-0.9995708237273475,-0.0035652528876913238,-0.038565539836702994,-0.9992432093050629,-0.005070285477350785,-0.10597126270251245,-0.9937881013038454,0.033989721801347086],"colors":[],"uvs":[],"faces":[0,1,3,1,4,3,3,4,6,4,7,6,1,2,4,2,5,4,4,5,7,5,8,7],"heightMap":[{"0":-0.16847528517246246,"1":-0.18062542378902435,"2":-0.18954238295555115,"BYTES_PER_ELEMENT":4,"buffer":{"0":201,"1":132,"2":44,"3":190,"4":223,"5":245,"6":56,"7":190,"8":102,"9":23,"10":66,"11":190,"byteLength":12},"length":3,"byteOffset":0,"byteLength":12},{"0":-0.21346960961818695,"1":-0.1041339859366417,"2":-0.11681929975748062,"BYTES_PER_ELEMENT":4,"buffer":{"0":199,"1":151,"2":90,"3":190,"4":51,"5":68,"6":213,"7":189,"8":245,"9":62,"10":239,"11":189,"byteLength":12},"length":3,"byteOffset":0,"byteLength":12},{"0":-0.2747494578361511,"1":-0.4689089059829712,"2":-0.3834034502506256,"BYTES_PER_ELEMENT":4,"buffer":{"0":246,"1":171,"2":140,"3":190,"4":212,"5":20,"6":240,"7":190,"8":117,"9":77,"10":196,"11":190,"byteLength":12},"length":3,"byteOffset":0,"byteLength":12}],"roughness":0.222392241419293}