{"vertices":[-50,-13.790847659111023,-50,-50,-19.930670857429504,0,-50,-18.76153588294983,50,0,-12.336385995149612,-50,0,-17.44282364845276,0,0,-17.578676342964172,50,50,-17.668069005012512,-50,50,-15.35667598247528,0,50,-14.981096088886261,50],"normals":[0.028860338295568725,-0.9921312816511072,-0.1218302131771783,-0.03836856562480036,-0.9940927698935498,-0.10152545502121685,-0.10592068459592034,-0.9933137847841033,0.04591877102680052,0.049634980382745324,-0.9975488085371661,-0.04932284773291948,0.045629227633765174,-0.997595315504848,-0.052168573570002444,0.04167168185942944,-0.9987711449923634,0.026826681897877687,0.02364411433428266,-0.9994472519775832,0.023369774748691872,0.03776973536300139,-0.9992827804453283,-0.002715105166047102,0.05188017909853978,-0.9986251438640572,0.007501270505355644],"colors":[],"uvs":[],"faces":[0,1,3,1,4,3,3,4,6,4,7,6,1,2,4,2,5,4,4,5,7,5,8,7],"heightMap":[{"0":-0.18954238295555115,"1":-0.4965335428714752,"2":-0.43807679414749146,"BYTES_PER_ELEMENT":4,"buffer":{"0":102,"1":23,"2":66,"3":190,"4":165,"5":57,"6":254,"7":190,"8":154,"9":75,"10":224,"11":190,"byteLength":12},"length":3,"byteOffset":0,"byteLength":12},{"0":-0.11681929975748062,"1":-0.37214118242263794,"2":-0.3789338171482086,"BYTES_PER_ELEMENT":4,"buffer":{"0":245,"1":62,"2":239,"3":189,"4":74,"5":137,"6":190,"7":190,"8":157,"9":3,"10":194,"11":190,"byteLength":12},"length":3,"byteOffset":0,"byteLength":12},{"0":-0.3834034502506256,"1":-0.26783379912376404,"2":-0.24905480444431305,"BYTES_PER_ELEMENT":4,"buffer":{"0":117,"1":77,"2":196,"3":190,"4":131,"5":33,"6":137,"7":190,"8":57,"9":8,"10":127,"11":190,"byteLength":12},"length":3,"byteOffset":0,"byteLength":12}],"roughness":0.07724379296880216}