{"vertices":[-50,-13.958956897258759,-50,-50,-17.493273615837097,0,-50,-13.857528865337372,50,0,-15.079343914985657,-50,0,-13.48977416753769,0,0,-13.892662823200226,50,50,-12.648870646953583,-50,50,-13.988323211669922,0,50,-14.570059180259705,50],"normals":[-0.022346386934939733,-0.997261954189602,-0.0704927919498883,0.013076659063716911,-0.9994095763581826,0.03177262455777513,0.04853476636037584,-0.9984632828254448,-0.026747884099112752,0.07981450373140643,-0.9968092260548422,0.0010059055898650122,0.03495489742274255,-0.9993185863420913,0.011854034646897584,-0.009968646127107727,-0.9997658449490168,-0.019206284590494626,-0.0007008286271397409,-0.9973664650527522,0.07252339779280023,-0.007124597153140493,-0.9999421582865198,-0.008057307037847029,-0.013545767352553,-0.9998405816170941,-0.01163286458364784],"colors":[],"uvs":[],"faces":[0,1,3,1,4,3,3,4,6,4,7,6,1,2,4,2,5,4,4,5,7,5,8,7],"heightMap":[{"0":-0.19794784486293793,"1":-0.37466368079185486,"2":-0.1928764432668686,"BYTES_PER_ELEMENT":4,"buffer":{"0":215,"1":178,"2":74,"3":190,"4":235,"5":211,"6":191,"7":190,"8":103,"9":129,"10":69,"11":190,"byteLength":12},"length":3,"byteOffset":0,"byteLength":12},{"0":-0.25396719574928284,"1":-0.17448870837688446,"2":-0.1946331411600113,"BYTES_PER_ELEMENT":4,"buffer":{"0":253,"1":7,"2":130,"3":190,"4":43,"5":173,"6":50,"7":190,"8":233,"9":77,"10":71,"11":190,"byteLength":12},"length":3,"byteOffset":0,"byteLength":12},{"0":-0.13244353234767914,"1":-0.1994161605834961,"2":-0.22850295901298523,"BYTES_PER_ELEMENT":4,"buffer":{"0":71,"1":159,"2":7,"3":190,"4":192,"5":51,"6":76,"7":190,"8":174,"9":252,"10":105,"11":190,"byteLength":12},"length":3,"byteOffset":0,"byteLength":12}],"roughness":0.02}