{"vertices":[-50,-14.070436954498291,-50,-50,-13.91494870185852,0,-50,-14.716824293136597,50,0,-13.862346708774567,-50,0,-13.355697691440582,0,0,-16.511030197143555,50,50,-14.324992001056671,-50,50,-15.825848579406738,0,50,-17.589503526687622,50],"normals":[0.004161748749434636,-0.999986504643777,0.0031097230854082525,-0.0025452970483286802,-0.999945426200302,0.010132427351439903,-0.009248344556524218,-0.9995070425232934,-0.0300023343975661,0.011184087054447987,-0.9999165711019389,-0.006462741871666698,-0.019081369782730673,-0.9994683420604634,-0.026437370257330683,-0.04931663280211616,-0.9982514234732014,-0.0325878084993189,-0.03585643197508622,-0.9992284579771168,-0.016025138211245616,-0.028656525981000287,-0.9976048359057855,-0.06295549933160009,-0.0215510544100328,-0.9991463775531505,-0.035242989036587756],"colors":[],"uvs":[],"faces":[0,1,3,1,4,3,3,4,6,4,7,6,1,2,4,2,5,4,4,5,7,5,8,7],"heightMap":[{"0":-0.20352184772491455,"1":-0.19574743509292603,"2":-0.23584121465682983,"BYTES_PER_ELEMENT":4,"buffer":{"0":8,"1":104,"2":80,"3":190,"4":4,"5":114,"6":72,"7":190,"8":92,"9":128,"10":113,"11":190,"byteLength":12},"length":3,"byteOffset":0,"byteLength":12},{"0":-0.19311733543872833,"1":-0.1677848845720291,"2":-0.32555150985717773,"BYTES_PER_ELEMENT":4,"buffer":{"0":141,"1":192,"2":69,"3":190,"4":205,"5":207,"6":43,"7":190,"8":176,"9":174,"10":166,"11":190,"byteLength":12},"length":3,"byteOffset":0,"byteLength":12},{"0":-0.21624960005283356,"1":-0.2912924289703369,"2":-0.3794751763343811,"BYTES_PER_ELEMENT":4,"buffer":{"0":137,"1":112,"2":93,"3":190,"4":72,"5":36,"6":149,"7":190,"8":146,"9":74,"10":194,"11":190,"byteLength":12},"length":3,"byteOffset":0,"byteLength":12}],"roughness":0.179907198199071}