{"vertices":[-50,-14.698567688465118,-50,-50,-15.244696140289307,0,-50,-14.070436954498291,50,0,-15.509715676307678,-50,0,-13.830856680870056,0,0,-13.862346708774567,50,50,-13.13834935426712,-50,50,-14.035292267799377,0,50,-14.324992001056671,50],"normals":[-0.016219858111478632,-0.9998088113748015,-0.010920480765526043,0.015575749840248843,-0.9993155216830983,0.03355419705716219,0.047366472286379524,-0.9987168967977232,-0.01791584086415289,0.028264934417090017,-0.9995807596394338,0.006276817748660482,0.012088351940023957,-0.9997913587636027,0.016465439228981082,-0.004088389751205146,-0.9999212496742579,-0.011865054534755403,0.0041606216470071,-0.9997156840621548,0.023478506503786682,-0.0025454271997028006,-0.999996562071268,-0.0006297983928807759,-0.009252354483545305,-0.9999404120061327,-0.0057936494126273],"colors":[],"uvs":[],"faces":[0,1,3,1,4,3,3,4,6,4,7,6,1,2,4,2,5,4,4,5,7,5,8,7],"heightMap":[{"0":-0.23492838442325592,"1":-0.26223480701446533,"2":-0.20352184772491455,"BYTES_PER_ELEMENT":4,"buffer":{"0":17,"1":145,"2":112,"3":190,"4":164,"5":67,"6":134,"7":190,"8":8,"9":104,"10":80,"11":190,"byteLength":12},"length":3,"byteOffset":0,"byteLength":12},{"0":-0.2754857838153839,"1":-0.1915428340435028,"2":-0.19311733543872833,"BYTES_PER_ELEMENT":4,"buffer":{"0":121,"1":12,"2":141,"3":190,"4":206,"5":35,"6":68,"7":190,"8":141,"9":192,"10":69,"11":190,"byteLength":12},"length":3,"byteOffset":0,"byteLength":12},{"0":-0.15691746771335602,"1":-0.20176461338996887,"2":-0.21624960005283356,"BYTES_PER_ELEMENT":4,"buffer":{"0":249,"1":174,"2":32,"3":190,"4":98,"5":155,"6":78,"7":190,"8":137,"9":112,"10":93,"11":190,"byteLength":12},"length":3,"byteOffset":0,"byteLength":12}],"roughness":0.02}