{"vertices":[-50,-14.716824293136597,-50,-50,-15.126607418060303,0,-50,-18.770856857299805,50,0,-16.511030197143555,-50,0,-17.102009057998657,0,0,-18.295626640319824,50,50,-17.589503526687622,-50,50,-17.584920525550842,0,50,-16.981654167175293,50],"normals":[-0.035859834154964625,-0.9993232681622464,-0.008190116232729921,-0.028711474488936135,-0.9995179255463783,-0.01181387930087308,-0.021564450740733335,-0.9997674559949418,0.00009163870774680504,-0.0394449519840021,-0.9984033420472669,-0.04043343111619192,-0.024566332764387147,-0.9995390604986459,-0.017837091466761754,-0.009657600532161678,-0.9999348929437096,0.006077880026217455,0.009479033311516553,-0.9973096167742073,-0.07268890023355135,0.017882813621791033,-0.9995553123946904,-0.02386173590753659,0.026268469152725106,-0.9995821712254276,0.012060285926645771],"colors":[],"uvs":[],"faces":[0,1,3,1,4,3,3,4,6,4,7,6,1,2,4,2,5,4,4,5,7,5,8,7],"heightMap":[{"0":-0.23584121465682983,"1":-0.25633037090301514,"2":-0.43854284286499023,"BYTES_PER_ELEMENT":4,"buffer":{"0":92,"1":128,"2":113,"3":190,"4":188,"5":61,"6":131,"7":190,"8":176,"9":136,"10":224,"11":190,"byteLength":12},"length":3,"byteOffset":0,"byteLength":12},{"0":-0.32555150985717773,"1":-0.35510045289993286,"2":-0.4147813320159912,"BYTES_PER_ELEMENT":4,"buffer":{"0":176,"1":174,"2":166,"3":190,"4":186,"5":207,"6":181,"7":190,"8":56,"9":94,"10":212,"11":190,"byteLength":12},"length":3,"byteOffset":0,"byteLength":12},{"0":-0.3794751763343811,"1":-0.3792460262775421,"2":-0.34908270835876465,"BYTES_PER_ELEMENT":4,"buffer":{"0":146,"1":74,"2":194,"3":190,"4":137,"5":44,"6":194,"7":190,"8":248,"9":186,"10":178,"11":190,"byteLength":12},"length":3,"byteOffset":0,"byteLength":12}],"roughness":0.03346189874457195}