{"vertices":[-50,-17.867259979248047,-50,-50,-18.61000120639801,0,-50,-15.749859809875488,50,0,-20.016103982925415,-50,0,-18.220619559288025,0,0,-16.76341474056244,50,50,-19.706580638885498,-50,50,-18.56052339076996,0,50,-18.202956914901733,50],"normals":[-0.042932517681634405,-0.9989677614606496,-0.014839490820610693,-0.018367175920785166,-0.9991872878818193,0.03588050423376591,0.006188722832641561,-0.9997182687202175,0.022914687358806477,0.007785656319709712,-0.9997461844305368,0.021141198458335404,0.0004944903002420632,-0.999471309903856,0.032509324176505525,-0.006797151348233066,-0.9998638907067373,0.015033256278488349,-0.020233871366764473,-0.9981635308631319,0.057097776702414595,-0.02451274746795377,-0.9992752261646054,0.029122973496003256,-0.02877818309143394,-0.9995602631316529,0.007148184814118018],"colors":[],"uvs":[],"faces":[0,1,3,1,4,3,3,4,6,4,7,6,1,2,4,2,5,4,4,5,7,5,8,7],"heightMap":[{"0":-0.39336299896240234,"1":-0.4305000603199005,"2":-0.2874929904937744,"BYTES_PER_ELEMENT":4,"buffer":{"0":224,"1":102,"2":201,"3":190,"4":129,"5":106,"6":220,"7":190,"8":72,"9":50,"10":147,"11":190,"byteLength":12},"length":3,"byteOffset":0,"byteLength":12},{"0":-0.5008051991462708,"1":-0.41103097796440125,"2":-0.33817073702812195,"BYTES_PER_ELEMENT":4,"buffer":{"0":197,"1":52,"2":0,"3":191,"4":167,"5":114,"6":210,"7":190,"8":183,"9":36,"10":173,"11":190,"byteLength":12},"length":3,"byteOffset":0,"byteLength":12},{"0":-0.4853290319442749,"1":-0.4280261695384979,"2":-0.41014784574508667,"BYTES_PER_ELEMENT":4,"buffer":{"0":12,"1":125,"2":248,"3":190,"4":63,"5":38,"6":219,"7":190,"8":230,"9":254,"10":209,"11":190,"byteLength":12},"length":3,"byteOffset":0,"byteLength":12}],"roughness":0.02}