{"vertices":[-50,-10.171436034142971,-50,-50,-9.966507982462645,0,-50,-9.954354157671332,50,0,-6.718109548091888,-50,0,-13.292977213859558,0,0,-14.733507633209229,50,50,-7.151252031326294,-50,50,-10.05746838171035,0,50,-12.173755019903183,50],"normals":[0.06890181068912847,-0.9976150672031949,0.004088786240977774,0.029886348779416205,-0.9910218716021305,-0.13031675319330813,-0.008647929798478938,-0.9982777184429288,-0.05802422055125862,-0.06638248105613562,-0.9977918994347506,0.0021660173647505645,-0.000902857581335994,-0.9968191918699902,-0.0796911762232646,0.06449417177408477,-0.9966619644682609,-0.050054274437274233,-0.09514940660402396,-0.9954629736316938,0.0002419736513551652,-0.022060742685634006,-0.9993419657561065,-0.028791650020087364,0.05108247812045744,-0.9978010737233299,-0.0422326615979029],"colors":[],"uvs":[],"faces":[0,1,3,1,4,3,3,4,6,4,7,6,1,2,4,2,5,4,4,5,7,5,8,7],"heightMap":[{"0":-0.008571801707148552,"1":0.0016746008768677711,"2":0.002282292116433382,"BYTES_PER_ELEMENT":4,"buffer":{"0":190,"1":112,"2":12,"3":188,"4":72,"5":126,"6":219,"7":58,"8":130,"9":146,"10":21,"11":59,"byteLength":12},"length":3,"byteOffset":0,"byteLength":12},{"0":0.16409452259540558,"1":-0.1646488606929779,"2":-0.23667538166046143,"BYTES_PER_ELEMENT":4,"buffer":{"0":101,"1":8,"2":40,"3":62,"4":182,"5":153,"6":40,"7":190,"8":8,"9":91,"10":114,"11":190,"byteLength":12},"length":3,"byteOffset":0,"byteLength":12},{"0":0.1424373984336853,"1":-0.0028734190855175257,"2":-0.10868775099515915,"BYTES_PER_ELEMENT":4,"buffer":{"0":28,"1":219,"2":17,"3":62,"4":249,"5":79,"6":60,"7":187,"8":175,"9":151,"10":222,"11":189,"byteLength":12},"length":3,"byteOffset":0,"byteLength":12}],"roughness":0.18774499255232513}