{"vertices":[-50,-18.770856857299805,-50,-50,-18.54218900203705,0,-50,-17.867259979248047,50,0,-18.295626640319824,-50,0,-19.83048677444458,0,0,-20.016103982925415,50,50,-16.981654167175293,-50,50,-15.395556092262268,0,50,-19.706580638885498,50],"normals":[0.009504075675367719,-0.999944378091607,0.004573102726405169,0.017879487938344873,-0.9993693980402265,-0.030677844966323975,0.026257181101353538,-0.9991526321139819,0.031695081326805374,-0.025756356169588598,-0.9996274433299648,0.009032422624264251,0.03134369931492076,-0.9993608225666798,-0.017190661188714314,0.08831943882795912,-0.9957251325571955,-0.027039547316289346,-0.04293334146854417,-0.9989869296019469,0.013484905443504539,-0.018378869667476573,-0.9998242047957877,-0.003711691557315295,0.006167467198974347,-0.9962846611948876,-0.08590015259670737],"colors":[],"uvs":[],"faces":[0,1,3,1,4,3,3,4,6,4,7,6,1,2,4,2,5,4,4,5,7,5,8,7],"heightMap":[{"0":-0.43854284286499023,"1":-0.4271094501018524,"2":-0.39336299896240234,"BYTES_PER_ELEMENT":4,"buffer":{"0":176,"1":136,"2":224,"3":190,"4":23,"5":174,"6":218,"7":190,"8":224,"9":102,"10":201,"11":190,"byteLength":12},"length":3,"byteOffset":0,"byteLength":12},{"0":-0.4147813320159912,"1":-0.491524338722229,"2":-0.5008051991462708,"BYTES_PER_ELEMENT":4,"buffer":{"0":56,"1":94,"2":212,"3":190,"4":20,"5":169,"6":251,"7":190,"8":197,"9":52,"10":0,"11":191,"byteLength":12},"length":3,"byteOffset":0,"byteLength":12},{"0":-0.34908270835876465,"1":-0.2697778046131134,"2":-0.4853290319442749,"BYTES_PER_ELEMENT":4,"buffer":{"0":248,"1":186,"2":178,"3":190,"4":81,"5":32,"6":138,"7":190,"8":12,"9":125,"10":248,"11":190,"byteLength":12},"length":3,"byteOffset":0,"byteLength":12}],"roughness":0.17550510905100963}