{"vertices":[-50,-9.954354157671332,-50,-50,-7.52310037612915,0,-50,-13.605456352233887,50,0,-14.733507633209229,-50,0,-12.16453567147255,0,0,-13.056518137454987,50,50,-12.173755019903183,-50,50,-11.751575022935867,0,50,-11.956948190927505,50],"normals":[-0.09503813772492556,-0.9942988670627381,0.04834785761058778,-0.022041045860767574,-0.9984400708332493,0.05129929094890002,0.051126276734201774,-0.9986565980719849,0.008432256790908407,-0.09237115659346487,-0.9950710363897332,-0.03607217719860945,-0.04213398161342021,-0.9989718435889621,0.016732701810233765,0.008258911877979516,-0.9999635446191795,0.0021679038811908656,0.01089777570268373,-0.9926231595183355,-0.12074974812632625,0.016479721347070857,-0.9997051332034566,-0.0178343889994024,0.021985897726131853,-0.9997498474546734,-0.0041064358674184655],"colors":[],"uvs":[],"faces":[0,1,3,1,4,3,3,4,6,4,7,6,1,2,4,2,5,4,4,5,7,5,8,7],"heightMap":[{"0":0.002282292116433382,"1":0.12384498119354248,"2":-0.18027281761169434,"BYTES_PER_ELEMENT":4,"buffer":{"0":130,"1":146,"2":21,"3":59,"4":112,"5":162,"6":253,"7":61,"8":112,"9":153,"10":56,"11":190,"byteLength":12},"length":3,"byteOffset":0,"byteLength":12},{"0":-0.23667538166046143,"1":-0.10822678357362747,"2":-0.15282590687274933,"BYTES_PER_ELEMENT":4,"buffer":{"0":8,"1":91,"2":114,"3":190,"4":1,"5":166,"6":221,"7":189,"8":101,"9":126,"10":28,"11":190,"byteLength":12},"length":3,"byteOffset":0,"byteLength":12},{"0":-0.10868775099515915,"1":-0.08757875114679337,"2":-0.09784740954637527,"BYTES_PER_ELEMENT":4,"buffer":{"0":175,"1":151,"2":222,"3":189,"4":125,"5":92,"6":179,"7":189,"8":57,"9":100,"10":200,"11":189,"byteLength":12},"length":3,"byteOffset":0,"byteLength":12}],"roughness":0.02}