{"vertices":[-50,-13.857528865337372,-50,-50,-14.40957099199295,0,-50,-14.698567688465118,50,0,-13.892662823200226,-50,0,-14.330383837223053,0,0,-15.509715676307678,50,50,-14.570059180259705,-50,50,-12.771045565605164,0,50,-13.13834935426712,50],"normals":[-0.0007026361593610727,-0.9999388086361133,-0.011040166928898512,-0.007124555439538765,-0.9999363032705882,-0.008753862652516781,-0.013537925453770668,-0.9992617551515686,0.03595371004242529,0.0015836851004120292,-0.9999633810647139,-0.00841002206469668,0.016377329474921678,-0.9997351970777681,-0.01616535811993832,0.031168421955064002,-0.9994118185377843,0.014301973284480431,-0.016220554491352214,-0.999851736949667,-0.005779076978808258,0.015580184309657144,-0.9996006066034913,-0.02357721643471605,0.04737280055269898,-0.9988503276021636,-0.007337630192690229],"colors":[],"uvs":[],"faces":[0,1,3,1,4,3,3,4,6,4,7,6,1,2,4,2,5,4,4,5,7,5,8,7],"heightMap":[{"0":-0.1928764432668686,"1":-0.22047854959964752,"2":-0.23492838442325592,"BYTES_PER_ELEMENT":4,"buffer":{"0":103,"1":129,"2":69,"3":190,"4":33,"5":197,"6":97,"7":190,"8":17,"9":145,"10":112,"11":190,"byteLength":12},"length":3,"byteOffset":0,"byteLength":12},{"0":-0.1946331411600113,"1":-0.21651919186115265,"2":-0.2754857838153839,"BYTES_PER_ELEMENT":4,"buffer":{"0":233,"1":77,"2":71,"3":190,"4":53,"5":183,"6":93,"7":190,"8":121,"9":12,"10":141,"11":190,"byteLength":12},"length":3,"byteOffset":0,"byteLength":12},{"0":-0.22850295901298523,"1":-0.13855227828025818,"2":-0.15691746771335602,"BYTES_PER_ELEMENT":4,"buffer":{"0":174,"1":252,"2":105,"3":190,"4":166,"5":224,"6":13,"7":190,"8":249,"9":174,"10":32,"11":190,"byteLength":12},"length":3,"byteOffset":0,"byteLength":12}],"roughness":0.10573819644749165}