{"vertices":[-50,-13.605456352233887,-50,-50,-14.011645913124084,0,-50,-13.958956897258759,50,0,-13.056518137454987,-50,0,-12.36565038561821,0,0,-15.079343914985657,50,50,-11.956948190927505,-50,50,-10.374854728579521,0,50,-12.648870646953583,50],"normals":[0.010977740508469811,-0.9999067484208034,-0.00812303366144383,0.01648076997762674,-0.9997687498670634,0.013814159771546458,0.0219750903507804,-0.9992584109896452,0.03161840398445906,0.032901881700980296,-0.9994523420982646,-0.0035329951639244254,0.036336048547278406,-0.9991357064033097,-0.020187416029025712,0.039783442400021095,-0.9991844783105218,-0.006903333552315766,-0.02240210450040866,-0.9997484862801813,0.001053515277099041,0.013064072568986613,-0.9984452061205986,-0.0541894859055483,0.04850211947222979,-0.9977916669600194,-0.04537988267776148],"colors":[],"uvs":[],"faces":[0,1,3,1,4,3,3,4,6,4,7,6,1,2,4,2,5,4,4,5,7,5,8,7],"heightMap":[{"0":-0.18027281761169434,"1":-0.20058229565620422,"2":-0.19794784486293793,"BYTES_PER_ELEMENT":4,"buffer":{"0":112,"1":153,"2":56,"3":190,"4":114,"5":101,"6":77,"7":190,"8":215,"9":178,"10":74,"11":190,"byteLength":12},"length":3,"byteOffset":0,"byteLength":12},{"0":-0.15282590687274933,"1":-0.11828251928091049,"2":-0.25396719574928284,"BYTES_PER_ELEMENT":4,"buffer":{"0":101,"1":126,"2":28,"3":190,"4":27,"5":62,"6":242,"7":189,"8":253,"9":7,"10":130,"11":190,"byteLength":12},"length":3,"byteOffset":0,"byteLength":12},{"0":-0.09784740954637527,"1":-0.01874273642897606,"2":-0.13244353234767914,"BYTES_PER_ELEMENT":4,"buffer":{"0":57,"1":100,"2":200,"3":189,"4":94,"5":138,"6":153,"7":188,"8":71,"9":159,"10":7,"11":190,"byteLength":12},"length":3,"byteOffset":0,"byteLength":12}],"roughness":0.20241712491959335}