{"vertices":[-50,-15.749859809875488,-50,-50,-13.344756960868835,0,-50,-15.407997369766235,50,0,-16.76341474056244,-50,0,-16.61211609840393,0,0,-14.651520848274231,50,50,-18.202956914901733,-50,50,-16.45067811012268,0,50,-14.760168492794037,50],"normals":[-0.02024353833373642,-0.9986404150792343,0.048036658148805055,-0.024523036721058097,-0.9996946882667015,0.003025048978156503,-0.028761276201144065,-0.9989730316287748,0.03500958539737953,-0.0652077255609521,-0.997865903564935,0.0034045601336032336,-0.03100098320700989,-0.999296676328226,0.021097196959769804,0.003226831175779608,-0.999402684007053,0.03440730678303097,0.01511493880701079,-0.9990355534894514,-0.041225010477692316,0.006472694801196414,-0.9992111666458814,0.039180973344049415,-0.002171706850104617,-0.999426568198046,0.03379080450705117],"colors":[],"uvs":[],"faces":[0,1,3,1,4,3,3,4,6,4,7,6,1,2,4,2,5,4,4,5,7,5,8,7],"heightMap":[{"0":-0.2874929904937744,"1":-0.16723784804344177,"2":-0.27039986848831177,"BYTES_PER_ELEMENT":4,"buffer":{"0":72,"1":50,"2":147,"3":190,"4":102,"5":64,"6":43,"7":190,"8":218,"9":113,"10":138,"11":190,"byteLength":12},"length":3,"byteOffset":0,"byteLength":12},{"0":-0.33817073702812195,"1":-0.33060580492019653,"2":-0.23257604241371155,"BYTES_PER_ELEMENT":4,"buffer":{"0":183,"1":36,"2":173,"3":190,"4":42,"5":69,"6":169,"7":190,"8":106,"9":40,"10":110,"11":190,"byteLength":12},"length":3,"byteOffset":0,"byteLength":12},{"0":-0.41014784574508667,"1":-0.32253390550613403,"2":-0.23800842463970184,"BYTES_PER_ELEMENT":4,"buffer":{"0":230,"1":254,"2":209,"3":190,"4":42,"5":35,"6":165,"7":190,"8":123,"9":184,"10":115,"11":190,"byteLength":12},"length":3,"byteOffset":0,"byteLength":12}],"roughness":0.1175274517107755}