{"vertices":[-50,-15.021800994873047,-50,-50,-16.717079281806946,0,-50,-18.489895462989807,50,0,-15.156811475753784,-50,0,-17.245306968688965,0,0,-16.7179936170578,50,50,-18.76153588294983,-50,50,-18.917064666748047,0,50,-16.88960611820221,50],"normals":[-0.0026986490642591666,-0.9994220621445834,-0.03388597042872828,-0.03729401680162295,-0.9984337194425197,-0.04170448646100422,-0.07190750958060167,-0.9974064790785951,-0.003102508332871129,-0.010557617674943124,-0.9993434589979372,-0.03465815440942994,-0.021988987005089895,-0.9996365665983874,-0.0155954855608255,-0.033410639739091676,-0.9992668129442913,0.018696676185441387,0.035393592679471765,-0.9987458605771417,-0.03541185645041117,0.015993917659118433,-0.9998164889955595,0.010544331676567037,-0.0034294116179323536,-0.9991730191749139,0.040515637584050655],"colors":[],"uvs":[],"faces":[0,1,3,1,4,3,3,4,6,4,7,6,1,2,4,2,5,4,4,5,7,5,8,7],"heightMap":[{"0":-0.25109004974365234,"1":-0.3358539640903473,"2":-0.42449477314949036,"BYTES_PER_ELEMENT":4,"buffer":{"0":224,"1":142,"2":128,"3":190,"4":13,"5":245,"6":171,"7":190,"8":97,"9":87,"10":217,"11":190,"byteLength":12},"length":3,"byteOffset":0,"byteLength":12},{"0":-0.2578405737876892,"1":-0.36226534843444824,"2":-0.33589968085289,"BYTES_PER_ELEMENT":4,"buffer":{"0":174,"1":3,"2":132,"3":190,"4":216,"5":122,"6":185,"7":190,"8":11,"9":251,"10":171,"11":190,"byteLength":12},"length":3,"byteOffset":0,"byteLength":12},{"0":-0.43807679414749146,"1":-0.44585323333740234,"2":-0.3444803059101105,"BYTES_PER_ELEMENT":4,"buffer":{"0":154,"1":75,"2":224,"3":190,"4":224,"5":70,"6":228,"7":190,"8":185,"9":95,"10":176,"11":190,"byteLength":12},"length":3,"byteOffset":0,"byteLength":12}],"roughness":0.05865609610220415}