{"vertices":[-50,-15.407997369766235,-50,-50,-16.061081290245056,0,-50,-15.7632976770401,50,0,-14.651520848274231,-50,0,-15.749400854110718,0,0,-14.896191954612732,50,50,-14.760168492794037,-50,50,-16.57338261604309,0,50,-15.807187557220459,50],"normals":[0.015126509134724514,-0.9998003047662593,-0.01305907005465337,0.006476107363376944,-0.9997380538845465,-0.02195184840867448,-0.002171520355015975,-0.999340742550621,-0.03624037496661965,0.006233448277581343,-0.9999742612806544,-0.003552590432392447,-0.0051222703661438825,-0.9999838902194393,-0.0024457407655916513,-0.016476496290615043,-0.9998095256365228,-0.010461238763009778,0.017339199809603287,-0.9998319328964916,0.005954671311512249,-0.00043869621316027847,-0.9998543424898882,0.017061692464281592,-0.01821475084008853,-0.999716726839776,0.015319560326539422],"colors":[],"uvs":[],"faces":[0,1,3,1,4,3,3,4,6,4,7,6,1,2,4,2,5,4,4,5,7,5,8,7],"heightMap":[{"0":-0.27039986848831177,"1":-0.3030540645122528,"2":-0.288164883852005,"BYTES_PER_ELEMENT":4,"buffer":{"0":218,"1":113,"2":138,"3":190,"4":231,"5":41,"6":155,"7":190,"8":89,"9":138,"10":147,"11":190,"byteLength":12},"length":3,"byteOffset":0,"byteLength":12},{"0":-0.23257604241371155,"1":-0.2874700427055359,"2":-0.2448095977306366,"BYTES_PER_ELEMENT":4,"buffer":{"0":106,"1":40,"2":110,"3":190,"4":70,"5":47,"6":147,"7":190,"8":94,"9":175,"10":122,"11":190,"byteLength":12},"length":3,"byteOffset":0,"byteLength":12},{"0":-0.23800842463970184,"1":-0.32866913080215454,"2":-0.29035937786102295,"BYTES_PER_ELEMENT":4,"buffer":{"0":123,"1":184,"2":115,"3":190,"4":82,"5":71,"6":168,"7":190,"8":252,"9":169,"10":148,"11":190,"byteLength":12},"length":3,"byteOffset":0,"byteLength":12}],"roughness":0.11243322438560427}