{"vertices":[-50,-15.7632976770401,-50,-50,-15.793058276176453,0,-50,-19.613887667655945,50,0,-14.896191954612732,-50,0,-16.002678871154785,0,0,-18.67908775806427,50,50,-15.807187557220459,-50,50,-17.256269454956055,0,50,-16.891320943832397,50],"normals":[0.017339504154836736,-0.9998494823847247,-0.0005951223928388275,-0.00043865271064395773,-0.9997551310560436,-0.022124319445185957,-0.01820924546404556,-0.9994145642372779,-0.02896467106739096,-0.004189279418024006,-0.9992528211402683,-0.03842199085384093,-0.01461850601358129,-0.9991788234627784,-0.03778859650038464,-0.025062464455656266,-0.9996271820923868,-0.01083372961833471,0.018638410268791792,-0.9969197727529274,-0.07618120737362884,0.027174736368233088,-0.9982016650159165,-0.05343191614352887,0.0357315520064445,-0.9993348047965871,0.007294114982491302],"colors":[],"uvs":[],"faces":[0,1,3,1,4,3,3,4,6,4,7,6,1,2,4,2,5,4,4,5,7,5,8,7],"heightMap":[{"0":-0.288164883852005,"1":-0.28965291380882263,"2":-0.48069438338279724,"BYTES_PER_ELEMENT":4,"buffer":{"0":89,"1":138,"2":147,"3":190,"4":99,"5":77,"6":148,"7":190,"8":147,"9":29,"10":246,"11":190,"byteLength":12},"length":3,"byteOffset":0,"byteLength":12},{"0":-0.2448095977306366,"1":-0.30013394355773926,"2":-0.4339543879032135,"BYTES_PER_ELEMENT":4,"buffer":{"0":94,"1":175,"2":122,"3":190,"4":40,"5":171,"6":153,"7":190,"8":69,"9":47,"10":222,"11":190,"byteLength":12},"length":3,"byteOffset":0,"byteLength":12},{"0":-0.29035937786102295,"1":-0.36281347274780273,"2":-0.3445660471916199,"BYTES_PER_ELEMENT":4,"buffer":{"0":252,"1":169,"2":148,"3":190,"4":176,"5":194,"6":185,"7":190,"8":246,"9":106,"10":176,"11":190,"byteLength":12},"length":3,"byteOffset":0,"byteLength":12}],"roughness":0.05168361102230845}