{"vertices":[-50,-19.613887667655945,-50,-50,-18.396766781806946,0,-50,-16.624868512153625,50,0,-18.67908775806427,-50,0,-19.050850868225098,0,0,-17.889151573181152,50,50,-16.891320943832397,-50,50,-20.446606874465942,0,50,-18.23694109916687,50],"normals":[0.018687197718921494,-0.9995292857422372,0.024330959393892182,0.027212853978762615,-0.9996020315342624,-0.007432303203325182,0.035642625968617975,-0.9968477344158583,-0.0708815745030525,-0.013074724563642207,-0.9994681750507852,0.029873376746489017,-0.020492330957462866,-0.9997588328466168,0.007895601123433488,-0.02790174267640849,-0.9995207812702008,-0.013405243922694429,-0.025261734354821423,-0.9990537377875778,0.03540443178552982,-0.016112931904479575,-0.9996004134885451,0.023224701913505584,-0.006948840179539436,-0.9990007835694275,0.04414915681900639],"colors":[],"uvs":[],"faces":[0,1,3,1,4,3,3,4,6,4,7,6,1,2,4,2,5,4,4,5,7,5,8,7],"heightMap":[{"0":-0.48069438338279724,"1":-0.4198383390903473,"2":-0.3312434256076813,"BYTES_PER_ELEMENT":4,"buffer":{"0":147,"1":29,"2":246,"3":190,"4":13,"5":245,"6":214,"7":190,"8":189,"9":152,"10":169,"11":190,"byteLength":12},"length":3,"byteOffset":0,"byteLength":12},{"0":-0.4339543879032135,"1":-0.4525425434112549,"2":-0.3944575786590576,"BYTES_PER_ELEMENT":4,"buffer":{"0":69,"1":47,"2":222,"3":190,"4":168,"5":179,"6":231,"7":190,"8":88,"9":246,"10":201,"11":190,"byteLength":12},"length":3,"byteOffset":0,"byteLength":12},{"0":-0.3445660471916199,"1":-0.5223303437232971,"2":-0.4118470549583435,"BYTES_PER_ELEMENT":4,"buffer":{"0":246,"1":106,"2":176,"3":190,"4":113,"5":183,"6":5,"7":191,"8":158,"9":221,"10":210,"11":190,"byteLength":12},"length":3,"byteOffset":0,"byteLength":12}],"roughness":0.14474593084771187}