{"vertices":[-50,-16.624868512153625,-50,-50,-15.139634013175964,0,-50,-14.734081029891968,50,0,-17.889151573181152,-50,0,-16.69960379600525,0,0,-15.250463485717773,50,50,-18.23694109916687,-50,50,-17.223055362701416,0,50,-16.139506697654724,50],"normals":[-0.02526644413426262,-0.9992400006422494,0.029682114434246582,-0.016112721101951485,-0.9995873337046496,0.023781137818031074,-0.006954192738481101,-0.9997702948027652,0.02027305683284772,-0.031178655859240303,-0.9993352500294022,0.018893106348172945,-0.020820215424570344,-0.9994353638743878,0.026371804393035204,-0.010466156030595223,-0.9997253515405193,0.020968573273549458,-0.010326758732064772,-0.9999137863378881,0.008110360381522547,-0.014046776687963761,-0.9994816434660317,0.028967782778780028,-0.017773882338617993,-0.9996073362898857,0.021662463896155705],"colors":[],"uvs":[],"faces":[0,1,3,1,4,3,3,4,6,4,7,6,1,2,4,2,5,4,4,5,7,5,8,7],"heightMap":[{"0":-0.3312434256076813,"1":-0.2569817006587982,"2":-0.2367040514945984,"BYTES_PER_ELEMENT":4,"buffer":{"0":189,"1":152,"2":169,"3":190,"4":27,"5":147,"6":131,"7":190,"8":140,"9":98,"10":114,"11":190,"byteLength":12},"length":3,"byteOffset":0,"byteLength":12},{"0":-0.3944575786590576,"1":-0.33498018980026245,"2":-0.26252317428588867,"BYTES_PER_ELEMENT":4,"buffer":{"0":88,"1":246,"2":201,"3":190,"4":134,"5":130,"6":171,"7":190,"8":112,"9":105,"10":134,"11":190,"byteLength":12},"length":3,"byteOffset":0,"byteLength":12},{"0":-0.4118470549583435,"1":-0.3611527681350708,"2":-0.3069753348827362,"BYTES_PER_ELEMENT":4,"buffer":{"0":158,"1":221,"2":210,"3":190,"4":4,"5":233,"6":184,"7":190,"8":223,"9":43,"10":157,"11":190,"byteLength":12},"length":3,"byteOffset":0,"byteLength":12}],"roughness":0.02}