{"vertices":[-50,-14.734081029891968,-50,-50,-16.66435182094574,0,-50,-16.13807439804077,50,0,-15.250463485717773,-50,0,-20.64124345779419,0,0,-13.183168172836304,50,50,-16.139506697654724,-50,50,-13.420979380607605,0,50,-17.37478196620941,50],"normals":[-0.010319412154806315,-0.9992024359448242,-0.03857462552908143,-0.013971721531215578,-0.9941410363010176,-0.10718391175821636,-0.017751843145661937,-0.9983678468781146,0.0542818052839934,-0.07927967642349062,-0.9967542953510931,-0.013985978883605513,0.03201605937873634,-0.9992806315907364,0.02032710676599665,0.14291220602240495,-0.9896605199936919,-0.012171956934900925,0.058991935031797026,-0.9982031667978739,0.010506635803159265,-0.012170051403305444,-0.9889844333400587,0.1475184071900314,-0.08328107724933038,-0.9934249832486571,-0.07855612534739943],"colors":[],"uvs":[],"faces":[0,1,3,1,4,3,3,4,6,4,7,6,1,2,4,2,5,4,4,5,7,5,8,7],"heightMap":[{"0":-0.2367040514945984,"1":-0.333217591047287,"2":-0.3069037199020386,"BYTES_PER_ELEMENT":4,"buffer":{"0":140,"1":98,"2":114,"3":190,"4":127,"5":155,"6":170,"7":190,"8":124,"9":34,"10":157,"11":190,"byteLength":12},"length":3,"byteOffset":0,"byteLength":12},{"0":-0.26252317428588867,"1":-0.5320621728897095,"2":-0.15915840864181519,"BYTES_PER_ELEMENT":4,"buffer":{"0":112,"1":105,"2":134,"3":190,"4":58,"5":53,"6":8,"7":191,"8":108,"9":250,"10":34,"11":190,"byteLength":12},"length":3,"byteOffset":0,"byteLength":12},{"0":-0.3069753348827362,"1":-0.17104896903038025,"2":-0.3687390983104706,"BYTES_PER_ELEMENT":4,"buffer":{"0":223,"1":43,"2":157,"3":190,"4":118,"5":39,"6":47,"7":190,"8":95,"9":203,"10":188,"11":190,"byteLength":12},"length":3,"byteOffset":0,"byteLength":12}],"roughness":0.22758864792995154}