{"vertices":[-50,-16.13807439804077,-50,-50,-18.625829815864563,0,-50,-16.364281177520752,50,0,-13.183168172836304,-50,0,-16.430540084838867,0,0,-16.414717435836792,50,50,-17.37478196620941,-50,50,-17.037933468818665,0,50,-16.261186599731445,50],"normals":[0.05892255647228088,-0.997029211446527,-0.0496072964500936,-0.012277711707133872,-0.9978223486493323,-0.06480600536344541,-0.08353735668568597,-0.9964820329792496,0.006713269509718741,0.043863425189053354,-0.9990349922640791,-0.0022548087714674026,0.01585627525170985,-0.9993537160858331,-0.032260326727703084,-0.012146218484758855,-0.999864239973583,0.011134226446855067,-0.0010076943896395742,-0.9989781392240009,0.04518475300994547,0.0010309408894328223,-0.9999994185090861,0.0003164527960269714,0.003070231796020203,-0.9998746420925936,0.015532989954502521],"colors":[],"uvs":[],"faces":[0,1,3,1,4,3,3,4,6,4,7,6,1,2,4,2,5,4,4,5,7,5,8,7],"heightMap":[{"0":-0.3069037199020386,"1":-0.43129149079322815,"2":-0.3182140588760376,"BYTES_PER_ELEMENT":4,"buffer":{"0":124,"1":34,"2":157,"3":190,"4":61,"5":210,"6":220,"7":190,"8":244,"9":236,"10":162,"11":190,"byteLength":12},"length":3,"byteOffset":0,"byteLength":12},{"0":-0.15915840864181519,"1":-0.32152700424194336,"2":-0.3207358717918396,"BYTES_PER_ELEMENT":4,"buffer":{"0":108,"1":250,"2":34,"3":190,"4":48,"5":159,"6":164,"7":190,"8":126,"9":55,"10":164,"11":190,"byteLength":12},"length":3,"byteOffset":0,"byteLength":12},{"0":-0.3687390983104706,"1":-0.3518966734409332,"2":-0.31305932998657227,"BYTES_PER_ELEMENT":4,"buffer":{"0":95,"1":203,"2":188,"3":190,"4":205,"5":43,"6":180,"7":190,"8":80,"9":73,"10":160,"11":190,"byteLength":12},"length":3,"byteOffset":0,"byteLength":12}],"roughness":0.02}