{"vertices":[-50,-16.364281177520752,-50,-50,-16.123816967010498,0,-50,-15.418323278427124,50,0,-16.414717435836792,-50,0,-16.89108431339264,0,0,-14.610956907272339,50,50,-16.261186599731445,-50,50,-17.356297373771667,0,50,-13.36950570344925,50],"normals":[-0.0010087129878286498,-0.9999879268481072,0.004809226146986313,0.00103089415533937,-0.999954086661662,-0.0095269001192445,0.0030698660233149204,-0.9997555218185946,-0.02189686086699495,-0.015342854227488004,-0.9998375598696744,0.009457837914104872,-0.012321754852351178,-0.9997617053998867,0.018019621895827773,-0.009299991386518686,-0.9995410897258128,0.028829153819447458,0.01614361623275779,-0.9997701668987892,0.014106630855620847,0.020462235557337664,-0.9987526666673044,0.045545666544077074,0.024742892020280693,-0.9965309930863229,0.07945922924909359],"colors":[],"uvs":[],"faces":[0,1,3,1,4,3,3,4,6,4,7,6,1,2,4,2,5,4,4,5,7,5,8,7],"heightMap":[{"0":-0.3182140588760376,"1":-0.3061908483505249,"2":-0.2709161639213562,"BYTES_PER_ELEMENT":4,"buffer":{"0":244,"1":236,"2":162,"3":190,"4":12,"5":197,"6":156,"7":190,"8":134,"9":181,"10":138,"11":190,"byteLength":12},"length":3,"byteOffset":0,"byteLength":12},{"0":-0.3207358717918396,"1":-0.34455421566963196,"2":-0.23054784536361694,"BYTES_PER_ELEMENT":4,"buffer":{"0":126,"1":55,"2":164,"3":190,"4":105,"5":105,"6":176,"7":190,"8":188,"9":20,"10":108,"11":190,"byteLength":12},"length":3,"byteOffset":0,"byteLength":12},{"0":-0.31305932998657227,"1":-0.3678148686885834,"2":-0.16847528517246246,"BYTES_PER_ELEMENT":4,"buffer":{"0":80,"1":73,"2":160,"3":190,"4":59,"5":82,"6":188,"7":190,"8":201,"9":132,"10":44,"11":190,"byteLength":12},"length":3,"byteOffset":0,"byteLength":12}],"roughness":0.27778438420034945}