{"vertices":[-50,-15.418323278427124,-50,-50,-12.37241417169571,0,-50,-15.328368544578552,50,0,-14.610956907272339,-50,0,-14.048807322978973,0,0,-14.410785734653473,50,50,-13.36950570344925,-50,50,-13.612508475780487,0,50,-13.790847659111023,50],"normals":[0.016115355965436545,-0.9980200155219846,0.060797565079572825,0.02048219745219653,-0.9997270346071311,0.011239922738224755,0.024821081353064184,-0.9996801032786005,-0.004858500730821561,-0.03350902082269156,-0.999438013602021,0.0008958184810610957,-0.012394434766228087,-0.999921183120126,0.002001383140010328,0.008725567307557226,-0.9999530555243118,-0.004213219998303923,0.018316596528981335,-0.9980895637352276,-0.059006144209037506,0.015372852970501345,-0.9998556291663251,-0.007238523050988674,0.012397729745082341,-0.9999167847719502,-0.0035664868558944966],"colors":[],"uvs":[],"faces":[0,1,3,1,4,3,3,4,6,4,7,6,1,2,4,2,5,4,4,5,7,5,8,7],"heightMap":[{"0":-0.2709161639213562,"1":-0.11862070858478546,"2":-0.2664184272289276,"BYTES_PER_ELEMENT":4,"buffer":{"0":134,"1":181,"2":138,"3":190,"4":106,"5":239,"6":242,"7":189,"8":255,"9":103,"10":136,"11":190,"byteLength":12},"length":3,"byteOffset":0,"byteLength":12},{"0":-0.23054784536361694,"1":-0.20244036614894867,"2":-0.22053928673267365,"BYTES_PER_ELEMENT":4,"buffer":{"0":188,"1":20,"2":108,"3":190,"4":135,"5":76,"6":79,"7":190,"8":13,"9":213,"10":97,"11":190,"byteLength":12},"length":3,"byteOffset":0,"byteLength":12},{"0":-0.16847528517246246,"1":-0.18062542378902435,"2":-0.18954238295555115,"BYTES_PER_ELEMENT":4,"buffer":{"0":201,"1":132,"2":44,"3":190,"4":223,"5":245,"6":56,"7":190,"8":102,"9":23,"10":66,"11":190,"byteLength":12},"length":3,"byteOffset":0,"byteLength":12}],"roughness":0.03803341624327003}