{"vertices":[-50,-15.328368544578552,-50,-50,-15.151123404502869,0,-50,-15.021800994873047,50,0,-14.410785734653473,-50,0,-18.190379738807678,0,0,-15.156811475753784,50,50,-13.790847659111023,-50,50,-19.930670857429504,0,50,-18.76153588294983,50],"normals":[0.01834845146608643,-0.9998253709430643,0.003544283758480515,0.015329531715258731,-0.9970379501694082,-0.07536797316748989,0.01230539353930798,-0.9924695727505264,-0.1218717541279783,-0.06067285744874727,-0.9981530146687249,0.0030600125392162805,-0.04773168270232434,-0.9988326544223457,-0.007417204730597444,-0.03474236907415177,-0.9981769343759279,-0.049353576070938474,-0.0027001907422049376,-0.9999930096501821,0.0025864301124187837,-0.03725816175864914,-0.9974715064247757,0.06051795810381516,-0.07188830744488964,-0.9971401322855684,0.02331582806224696],"colors":[],"uvs":[],"faces":[0,1,3,1,4,3,3,4,6,4,7,6,1,2,4,2,5,4,4,5,7,5,8,7],"heightMap":[{"0":-0.2664184272289276,"1":-0.25755617022514343,"2":-0.25109004974365234,"BYTES_PER_ELEMENT":4,"buffer":{"0":255,"1":103,"2":136,"3":190,"4":103,"5":222,"6":131,"7":190,"8":224,"9":142,"10":128,"11":190,"byteLength":12},"length":3,"byteOffset":0,"byteLength":12},{"0":-0.22053928673267365,"1":-0.4095189869403839,"2":-0.2578405737876892,"BYTES_PER_ELEMENT":4,"buffer":{"0":13,"1":213,"2":97,"3":190,"4":121,"5":172,"6":209,"7":190,"8":174,"9":3,"10":132,"11":190,"byteLength":12},"length":3,"byteOffset":0,"byteLength":12},{"0":-0.18954238295555115,"1":-0.4965335428714752,"2":-0.43807679414749146,"BYTES_PER_ELEMENT":4,"buffer":{"0":102,"1":23,"2":66,"3":190,"4":165,"5":57,"6":254,"7":190,"8":154,"9":75,"10":224,"11":190,"byteLength":12},"length":3,"byteOffset":0,"byteLength":12}],"roughness":0.20429158941376957}