{"vertices":[-50,-10.202584974467754,-50,-50,-10.285060834139585,0,-50,-10.157126765698195,50,0,-5.1349374651908875,-50,0,-6.386889219284058,0,0,-11.736517995595932,50,50,-7.157835066318512,-50,50,-3.8634806871414185,0,50,-7.194834351539612,50],"normals":[0.10083622094458469,-0.9949016852493516,-0.0016411074355978765,0.03027204936588486,-0.9992285107779861,-0.02501971773616812,-0.04033756361978541,-0.9970243574687132,0.06569103116346565,0.07772755658766849,-0.9969745340540783,0.000453204770748664,0.06393373582047791,-0.9957938178074179,-0.06562887962295556,0.05040401761910113,-0.9987288419030353,-0.00036791150460225826,-0.03157197411777815,-0.9994982091872949,0.0025573974460243024,0.02933357017308056,-0.9938970917949376,-0.10633960965917766,0.09026276459950142,-0.9937147947064506,-0.06620830845424065],"colors":[],"uvs":[],"faces":[0,1,3,1,4,3,3,4,6,4,7,6,1,2,4,2,5,4,4,5,7,5,8,7],"heightMap":[{"0":-0.010129248723387718,"1":-0.014253041706979275,"2":-0.007856338284909725,"BYTES_PER_ELEMENT":4,"buffer":{"0":38,"1":245,"2":37,"3":188,"4":151,"5":133,"6":105,"7":188,"8":223,"9":183,"10":0,"11":188,"byteLength":12},"length":3,"byteOffset":0,"byteLength":12},{"0":0.24325312674045563,"1":0.18065553903579712,"2":-0.0868258997797966,"BYTES_PER_ELEMENT":4,"buffer":{"0":89,"1":23,"2":121,"3":62,"4":196,"5":253,"6":56,"7":62,"8":199,"9":209,"10":177,"11":189,"byteLength":12},"length":3,"byteOffset":0,"byteLength":12},{"0":0.1421082466840744,"1":0.3068259656429291,"2":0.1402582824230194,"BYTES_PER_ELEMENT":4,"buffer":{"0":211,"1":132,"2":17,"3":62,"4":75,"5":24,"6":157,"7":62,"8":222,"9":159,"10":15,"11":62,"byteLength":12},"length":3,"byteOffset":0,"byteLength":12}],"roughness":0.18785672995261848}