{"vertices":[-50,-11.170403882861137,-50,-50,-11.187775582075119,0,-50,-10.928188264369965,50,0,-11.744982749223709,-50,0,-13.510720133781433,0,0,-12.156680971384048,50,50,-12.058210372924805,-50,50,-9.99718819046393,0,50,-12.276742458343506,50],"normals":[-0.011490817941078651,-0.9999339180208984,-0.0003474110251543442,-0.008872124290491626,-0.9993376833937027,-0.03529135814731142,-0.0062591145091251245,-0.9991319467880049,0.04118466211070792,-0.046408697115380065,-0.9989196057497508,0.0024195207821293076,0.011864564887157807,-0.9999211559188068,-0.00411266896743454,0.07009761594362234,-0.9975377636304574,-0.0021758607874003983,-0.024562110534943414,-0.9996848330765803,0.00519011008737749,-0.013477720910518779,-0.999542721834082,0.027068399797052445,-0.002398731187192006,-0.9989594698264959,-0.04554364645763413],"colors":[],"uvs":[],"faces":[0,1,3,1,4,3,3,4,6,4,7,6,1,2,4,2,5,4,4,5,7,5,8,7],"heightMap":[{"0":-0.05852019414305687,"1":-0.05938877910375595,"2":-0.04640941321849823,"BYTES_PER_ELEMENT":4,"buffer":{"0":223,"1":178,"2":111,"3":189,"4":166,"5":65,"6":115,"7":189,"8":204,"9":23,"10":62,"11":189,"byteLength":12},"length":3,"byteOffset":0,"byteLength":12},{"0":-0.08724913746118546,"1":-0.17553600668907166,"2":-0.10783404856920242,"BYTES_PER_ELEMENT":4,"buffer":{"0":173,"1":175,"2":178,"3":189,"4":182,"5":191,"6":51,"7":190,"8":25,"9":216,"10":220,"11":189,"byteLength":12},"length":3,"byteOffset":0,"byteLength":12},{"0":-0.10291051864624023,"1":0.00014059047680348158,"2":-0.11383712291717529,"BYTES_PER_ELEMENT":4,"buffer":{"0":192,"1":194,"2":210,"3":189,"4":120,"5":107,"6":19,"7":57,"8":112,"9":35,"10":233,"11":189,"byteLength":12},"length":3,"byteOffset":0,"byteLength":12}],"roughness":0.19275931649142877}