{"vertices":[-50,-10.2606207318604,-50,-50,-13.428175449371338,0,-50,-11.170403882861137,50,0,-12.998554110527039,-50,0,-11.5360789000988,0,0,-11.744982749223709,50,50,-12.266210317611694,-50,50,-12.236794233322144,0,50,-12.058210372924805,50],"normals":[-0.05456769090991146,-0.9965123938933399,-0.06313015068669935,-0.020019226006650633,-0.9993721884183672,0.02923114103106561,0.014645302472799455,-0.9998925787640551,0.0005882584875483947,0.037813311506931575,-0.999243709880181,-0.009064311213355828,0.011904034536813175,-0.9998506310624506,0.012530344199809538,-0.014012900350121158,-0.9998996515218792,0.002079786095281308,-0.011479123097300674,-0.9989162297223353,0.0451064932158532,-0.008877576930386663,-0.9999518658320632,-0.004177875874239041,-0.0062643895973247465,-0.9999740002661257,0.003571584345289886],"colors":[],"uvs":[],"faces":[0,1,3,1,4,3,3,4,6,4,7,6,1,2,4,2,5,4,4,5,7,5,8,7],"heightMap":[{"0":-0.013031036593019962,"1":-0.1714087724685669,"2":-0.05852019414305687,"BYTES_PER_ELEMENT":4,"buffer":{"0":33,"1":128,"2":85,"3":188,"4":200,"5":133,"6":47,"7":190,"8":223,"9":178,"10":111,"11":189,"byteLength":12},"length":3,"byteOffset":0,"byteLength":12},{"0":-0.14992770552635193,"1":-0.07680394500494003,"2":-0.08724913746118546,"BYTES_PER_ELEMENT":4,"buffer":{"0":166,"1":134,"2":25,"3":190,"4":99,"5":75,"6":157,"7":189,"8":173,"9":175,"10":178,"11":189,"byteLength":12},"length":3,"byteOffset":0,"byteLength":12},{"0":-0.11331051588058472,"1":-0.11183971166610718,"2":-0.10291051864624023,"BYTES_PER_ELEMENT":4,"buffer":{"0":88,"1":15,"2":232,"3":189,"4":56,"5":12,"6":229,"7":189,"8":192,"9":194,"10":210,"11":189,"byteLength":12},"length":3,"byteOffset":0,"byteLength":12}],"roughness":0.02}