{"vertices":[-50,-11.136875450611115,-50,-50,-10.586438588798046,0,-50,-10.2606207318604,50,0,-11.969564408063889,-50,0,-10.714681297540665,0,0,-12.998554110527039,50,50,-12.716211676597595,-50,50,-13.774582147598267,0,50,-12.266210317611694,50],"normals":[-0.016650461536645962,-0.9998007892154791,0.011006544177079946,-0.015786411429208107,-0.9995606284553078,0.0250866350118509,-0.014927937498922022,-0.9996646427327093,-0.021160310775434708,-0.0025647472784962747,-0.9999583226379324,0.008762137783115501,-0.031836294836291,-0.9994403187339707,-0.01027130079571148,-0.06108312322246883,-0.9981225898433762,0.00448861913510883,-0.054675597128533836,-0.9984829717653794,0.006506471640986578,-0.020006961507602204,-0.9987584638047274,-0.04562074604447304,0.01463864682206755,-0.9994381712305791,0.03015048766595004],"colors":[],"uvs":[],"faces":[0,1,3,1,4,3,3,4,6,4,7,6,1,2,4,2,5,4,4,5,7,5,8,7],"heightMap":[{"0":-0.056843772530555725,"1":-0.029321929439902306,"2":-0.013031036593019962,"BYTES_PER_ELEMENT":4,"buffer":{"0":4,"1":213,"2":104,"3":189,"4":139,"5":52,"6":240,"7":188,"8":33,"9":128,"10":85,"11":188,"byteLength":12},"length":3,"byteOffset":0,"byteLength":12},{"0":-0.09847822040319443,"1":-0.035734064877033234,"2":-0.14992770552635193,"BYTES_PER_ELEMENT":4,"buffer":{"0":243,"1":174,"2":201,"3":189,"4":226,"5":93,"6":18,"7":189,"8":166,"9":134,"10":25,"11":190,"byteLength":12},"length":3,"byteOffset":0,"byteLength":12},{"0":-0.13581058382987976,"1":-0.18872910737991333,"2":-0.11331051588058472,"BYTES_PER_ELEMENT":4,"buffer":{"0":238,"1":17,"2":11,"3":190,"4":52,"5":66,"6":65,"7":190,"8":88,"9":15,"10":232,"11":189,"byteLength":12},"length":3,"byteOffset":0,"byteLength":12}],"roughness":0.15099325489485638}