{"vertices":[-50,-11.551861613988876,-50,-50,-11.328088939189911,0,-50,-11.136875450611115,50,0,-11.648136526346207,-50,0,-10.25590006262064,0,0,-11.969564408063889,50,50,-12.022265493869781,-50,50,-10.19051594659686,0,50,-12.716211676597595,50],"normals":[-0.0019254753945584823,-0.9999881315975446,0.004475400379496048,-0.004702128013646511,-0.9996015100240109,0.02783363342901131,-0.0074773540886310845,-0.9993016763878243,0.036609407866249354,0.02143866440927549,-0.9997615568384607,0.00414887168803729,0.011373783817411385,-0.9999301609577605,-0.0032109575926659683,0.0013076498363589796,-0.9999751590152364,-0.006926139210137451,-0.016651348451062798,-0.9998540452607829,0.0038237116012787217,-0.015782117019711828,-0.9992887155495989,-0.034248908852822564,-0.014912271546005036,-0.998615556130695,-0.0504439809206321],"colors":[],"uvs":[],"faces":[0,1,3,1,4,3,3,4,6,4,7,6,1,2,4,2,5,4,4,5,7,5,8,7],"heightMap":[{"0":-0.07759308069944382,"1":-0.06640444695949554,"2":-0.056843772530555725,"BYTES_PER_ELEMENT":4,"buffer":{"0":31,"1":233,"2":158,"3":189,"4":14,"5":255,"6":135,"7":189,"8":4,"9":213,"10":104,"11":189,"byteLength":12},"length":3,"byteOffset":0,"byteLength":12},{"0":-0.08240682631731033,"1":-0.01279500313103199,"2":-0.09847822040319443,"BYTES_PER_ELEMENT":4,"buffer":{"0":233,"1":196,"2":168,"3":189,"4":34,"5":162,"6":81,"7":188,"8":243,"9":174,"10":201,"11":189,"byteLength":12},"length":3,"byteOffset":0,"byteLength":12},{"0":-0.10111327469348907,"1":-0.009525797329843044,"2":-0.13581058382987976,"BYTES_PER_ELEMENT":4,"buffer":{"0":122,"1":20,"2":207,"3":189,"4":23,"5":18,"6":28,"7":188,"8":238,"9":17,"10":11,"11":190,"byteLength":12},"length":3,"byteOffset":0,"byteLength":12}],"roughness":0.21162987898569557}