{"vertices":[-50,-12.139568328857422,-50,-50,-11.583392769098282,0,-50,-11.551861613988876,50,0,-9.74612021818757,-50,0,-12.858660817146301,0,0,-11.648136526346207,50,50,-14.187225103378296,-50,50,-13.376236855983734,0,50,-12.022265493869781,50],"normals":[0.0478112608695002,-0.9987945979768771,0.011110102892283896,-0.020338184549508115,-0.9978615887604684,-0.062117694143168374,-0.0884622378491569,-0.9959485323589454,0.01615405109505934,-0.025496629077254668,-0.9996576451625568,0.005874893509548257,-0.017921305842914362,-0.9996592685468512,-0.018978240309870515,-0.010348541698062045,-0.9997122085970882,0.02164272780070596,-0.0019254942948531567,-0.9999979473918215,0.0006306218077659732,-0.004702572492800919,-0.999696001047749,0.024203125853680344,-0.007479628155878045,-0.9996055912733801,0.02706874687986283],"colors":[],"uvs":[],"faces":[0,1,3,1,4,3,3,4,6,4,7,6,1,2,4,2,5,4,4,5,7,5,8,7],"heightMap":[{"0":-0.1069784164428711,"1":-0.07916963845491409,"2":-0.07759308069944382,"BYTES_PER_ELEMENT":4,"buffer":{"0":128,"1":23,"2":219,"3":189,"4":177,"5":35,"6":162,"7":189,"8":31,"9":233,"10":158,"11":189,"byteLength":12},"length":3,"byteOffset":0,"byteLength":12},{"0":0.012693989090621471,"1":-0.14293304085731506,"2":-0.08240682631731033,"BYTES_PER_ELEMENT":4,"buffer":{"0":115,"1":250,"2":79,"3":60,"4":10,"5":93,"6":18,"7":190,"8":233,"9":196,"10":168,"11":189,"byteLength":12},"length":3,"byteOffset":0,"byteLength":12},{"0":-0.2093612551689148,"1":-0.1688118427991867,"2":-0.10111327469348907,"BYTES_PER_ELEMENT":4,"buffer":{"0":204,"1":98,"2":86,"3":190,"4":3,"5":221,"6":44,"7":190,"8":122,"9":20,"10":207,"11":189,"byteLength":12},"length":3,"byteOffset":0,"byteLength":12}],"roughness":0.02}