{"vertices":[-50,-13.953659534454346,-50,-50,-12.378285229206085,0,-50,-12.139568328857422,50,0,-12.728492319583893,-50,0,-13.171837627887726,0,0,-9.74612021818757,50,50,-11.327574849128723,-50,50,-11.873752772808075,0,50,-14.187225103378296,50],"normals":[0.024483849013692213,-0.999204382737302,0.03148241820511589,0.02625068419476054,-0.9996160962636305,-0.008863502127669464,0.02800568877008308,-0.9995481304471063,-0.010918622450103568,-0.01586644050978445,-0.9997096937860676,0.01813240788523341,0.005040824833752329,-0.9995441948215736,0.029765629230499618,0.025942360907156934,-0.9992552029876777,-0.028566295045344872,0.047813668228821354,-0.9988448885871146,0.004768823114652439,-0.0203299728494685,-0.997454931359157,0.06833997447496673,-0.0883799680438672,-0.9950223010784813,-0.046039131236907574],"colors":[],"uvs":[],"faces":[0,1,3,1,4,3,3,4,6,4,7,6,1,2,4,2,5,4,4,5,7,5,8,7],"heightMap":[{"0":-0.19768297672271729,"1":-0.11891426146030426,"2":-0.1069784164428711,"BYTES_PER_ELEMENT":4,"buffer":{"0":104,"1":109,"2":74,"3":190,"4":82,"5":137,"6":243,"7":189,"8":128,"9":23,"10":219,"11":189,"byteLength":12},"length":3,"byteOffset":0,"byteLength":12},{"0":-0.13642461597919464,"1":-0.1585918813943863,"2":0.012693989090621471,"BYTES_PER_ELEMENT":4,"buffer":{"0":229,"1":178,"2":11,"3":190,"4":233,"5":101,"6":34,"7":190,"8":115,"9":250,"10":79,"11":60,"byteLength":12},"length":3,"byteOffset":0,"byteLength":12},{"0":-0.06637874245643616,"1":-0.09368763864040375,"2":-0.2093612551689148,"BYTES_PER_ELEMENT":4,"buffer":{"0":148,"1":241,"2":135,"3":189,"4":78,"5":223,"6":191,"7":189,"8":204,"9":98,"10":86,"11":190,"byteLength":12},"length":3,"byteOffset":0,"byteLength":12}],"roughness":0.18155155502961864}