{"vertices":[-50,-13.417540788650513,-50,-50,-13.880189955234528,0,-50,-13.953659534454346,50,0,-7.288784980773926,-50,0,-11.557669788599014,0,0,-12.728492319583893,50,50,-8.217537999153137,-50,50,-9.446149282157421,0,50,-11.327574849128723,50],"normals":[0.12165940866634438,-0.9925294177163129,-0.009183858158331393,0.05148888615982544,-0.9950535054541161,-0.08495537584812349,-0.01856625437289771,-0.9995259237648623,-0.024560576551855787,0.04639970729855395,-0.998908598623069,-0.00535525531651827,0.04423154647728906,-0.9975493125198055,-0.054211985644236196,0.042172451064780174,-0.9986275514759417,-0.031056364957190434,0.02449596510535741,-0.9996988495953008,-0.0014689490765260596,0.026244526053127205,-0.9993815951192122,-0.023401969772343628,0.027987566960691476,-0.998901346829449,-0.037587170656139875],"colors":[],"uvs":[],"faces":[0,1,3,1,4,3,3,4,6,4,7,6,1,2,4,2,5,4,4,5,7,5,8,7],"heightMap":[{"0":-0.17087703943252563,"1":-0.19400949776172638,"2":-0.19768297672271729,"BYTES_PER_ELEMENT":4,"buffer":{"0":100,"1":250,"2":46,"3":190,"4":109,"5":170,"6":70,"7":190,"8":104,"9":109,"10":74,"11":190,"byteLength":12},"length":3,"byteOffset":0,"byteLength":12},{"0":0.1355607509613037,"1":-0.07788348942995071,"2":-0.13642461597919464,"BYTES_PER_ELEMENT":4,"buffer":{"0":112,"1":208,"2":10,"3":62,"4":97,"5":129,"6":159,"7":189,"8":229,"9":178,"10":11,"11":190,"byteLength":12},"length":3,"byteOffset":0,"byteLength":12},{"0":0.08912310004234314,"1":0.027692535892128944,"2":-0.06637874245643616,"BYTES_PER_ELEMENT":4,"buffer":{"0":44,"1":134,"2":182,"3":61,"4":117,"5":219,"6":226,"7":60,"8":148,"9":241,"10":135,"11":189,"byteLength":12},"length":3,"byteOffset":0,"byteLength":12}],"roughness":0.030022620488671214}