{"vertices":[-50,-13.601942956447601,-50,-50,-13.733598291873932,0,-50,-13.417540788650513,50,0,-12.823747992515564,-50,0,-6.915332078933716,0,0,-7.288784980773926,50,50,-11.544155478477478,-50,50,-12.772842645645142,0,50,-8.217537999153137,50],"normals":[0.015561960626445976,-0.9998754391711189,-0.0026327787265724646,0.020430918019597965,-0.9928831128421934,0.11732732768486993,0.02557575781240738,-0.9993711877735373,-0.024558291073089017,0.13511462109919767,-0.9908282903560368,0.0018270728921864145,0.00944190943967882,-0.9984389509892688,0.05505008168551001,-0.1162914559668863,-0.9926696216971203,0.03291381820448581,0.12166214494480163,-0.9925517409948298,0.006274068501577675,0.05167244449690423,-0.9986362319226113,-0.0074588719738854425,-0.018495283294958087,-0.9957051513670792,0.09071480605116959],"colors":[],"uvs":[],"faces":[0,1,3,1,4,3,3,4,6,4,7,6,1,2,4,2,5,4,4,5,7,5,8,7],"heightMap":[{"0":-0.18009714782238007,"1":-0.1866799145936966,"2":-0.17087703943252563,"BYTES_PER_ELEMENT":4,"buffer":{"0":99,"1":107,"2":56,"3":190,"4":5,"5":41,"6":63,"7":190,"8":100,"9":250,"10":46,"11":190,"byteLength":12},"length":3,"byteOffset":0,"byteLength":12},{"0":-0.1411873996257782,"1":0.1542333960533142,"2":0.1355607509613037,"BYTES_PER_ELEMENT":4,"buffer":{"0":110,"1":147,"2":16,"3":190,"4":92,"5":239,"6":29,"7":62,"8":112,"9":208,"10":10,"11":62,"byteLength":12},"length":3,"byteOffset":0,"byteLength":12},{"0":-0.0772077739238739,"1":-0.13864213228225708,"2":0.08912310004234314,"BYTES_PER_ELEMENT":4,"buffer":{"0":28,"1":31,"2":158,"3":189,"4":52,"5":248,"6":13,"7":190,"8":44,"9":134,"10":182,"11":61,"byteLength":12},"length":3,"byteOffset":0,"byteLength":12}],"roughness":0.24844470587631806}