{"vertices":[-50,-10.157126765698195,-50,-50,-13.279807269573212,0,-50,-13.601942956447601,50,0,-11.736517995595932,-50,0,-11.030697748064995,0,0,-12.823747992515564,50,50,-7.194834351539612,-50,50,-9.41153023391962,0,50,-11.544155478477478,50],"normals":[-0.03151074521055971,-0.9975598386917712,-0.06230121319463002,0.029496686395251773,-0.9994652998721243,0.014108856907086504,0.09037320819670686,-0.9949306829745599,-0.04410917496406473,0.04491020720571153,-0.9983997394576737,-0.03436616853228348,0.038650055037749424,-0.999193826972007,-0.010856766858232864,0.03233584601632857,-0.9985330651040146,-0.043429378954689464,0.015561691670634127,-0.9998581584237282,-0.0064417998928158,0.02055979299270284,-0.9991463745857526,-0.03583039302385767,0.025560249499239355,-0.9987652013756065,-0.042599837636790615],"colors":[],"uvs":[],"faces":[0,1,3,1,4,3,3,4,6,4,7,6,1,2,4,2,5,4,4,5,7,5,8,7],"heightMap":[{"0":-0.007856338284909725,"1":-0.16399036347866058,"2":-0.18009714782238007,"BYTES_PER_ELEMENT":4,"buffer":{"0":223,"1":183,"2":0,"3":188,"4":23,"5":237,"6":39,"7":190,"8":99,"9":107,"10":56,"11":190,"byteLength":12},"length":3,"byteOffset":0,"byteLength":12},{"0":-0.0868258997797966,"1":-0.05153488740324974,"2":-0.1411873996257782,"BYTES_PER_ELEMENT":4,"buffer":{"0":199,"1":209,"2":177,"3":189,"4":63,"5":22,"6":83,"7":189,"8":110,"9":147,"10":16,"11":190,"byteLength":12},"length":3,"byteOffset":0,"byteLength":12},{"0":0.1402582824230194,"1":0.029423488304018974,"2":-0.0772077739238739,"BYTES_PER_ELEMENT":4,"buffer":{"0":222,"1":159,"2":15,"3":62,"4":135,"5":9,"6":241,"7":60,"8":28,"9":31,"10":158,"11":189,"byteLength":12},"length":3,"byteOffset":0,"byteLength":12}],"roughness":0.022575954984349653}