{"vertices":[-50,-10.928188264369965,-50,-50,-10.991043746471405,0,-50,-15.49997091293335,50,0,-12.156680971384048,-50,0,-12.546699345111847,0,0,-13.511605858802795,50,50,-12.276742458343506,-50,50,-11.944482624530792,0,50,-12.054372131824493,50],"normals":[-0.024562421962810117,-0.9996975082786765,-0.001256729376769299,-0.013482249976556546,-0.9998786916242041,-0.0077994212246470206,-0.0024011698012845824,-0.9999750386630704,0.006645030803261074,-0.03106577379831851,-0.9984785136719304,-0.045558483664452455,-0.009528645412139,-0.9998628332189337,-0.01354694297679101,0.012043431124003898,-0.9999250031104812,0.002223493032473527,0.03957555488264524,-0.9951782948617127,-0.08974372898350505,0.03442818129458336,-0.9992211278823566,-0.019283099498226042,0.029132234201872595,-0.9995731522863103,-0.0021968520241750873],"colors":[],"uvs":[],"faces":[0,1,3,1,4,3,3,4,6,4,7,6,1,2,4,2,5,4,4,5,7,5,8,7],"heightMap":[{"0":-0.04640941321849823,"1":-0.04955218732357025,"2":-0.2749985456466675,"BYTES_PER_ELEMENT":4,"buffer":{"0":204,"1":23,"2":62,"3":189,"4":60,"5":247,"6":74,"7":189,"8":156,"9":204,"10":140,"11":190,"byteLength":12},"length":3,"byteOffset":0,"byteLength":12},{"0":-0.10783404856920242,"1":-0.12733496725559235,"2":-0.17558029294013977,"BYTES_PER_ELEMENT":4,"buffer":{"0":25,"1":216,"2":220,"3":189,"4":25,"5":100,"6":2,"7":190,"8":82,"9":203,"10":51,"11":190,"byteLength":12},"length":3,"byteOffset":0,"byteLength":12},{"0":-0.11383712291717529,"1":-0.09722413122653961,"2":-0.10271860659122467,"BYTES_PER_ELEMENT":4,"buffer":{"0":112,"1":35,"2":233,"3":189,"4":114,"5":29,"6":199,"7":189,"8":34,"9":94,"10":210,"11":189,"byteLength":12},"length":3,"byteOffset":0,"byteLength":12}],"roughness":0.02}