{"vertices":[-50,-15.49997091293335,-50,-50,-13.99687796831131,0,-50,-12.46434211730957,50,0,-13.511605858802795,-50,0,-17.204231023788452,0,0,-17.283977270126343,50,50,-12.054372131824493,-50,50,-16.669082641601562,0,50,-12.509320378303528,50],"normals":[0.03971797906755006,-0.9987597344119844,0.03002457420334472,0.03434117523318514,-0.9966957788645162,-0.07360847829740183,0.029009117871712405,-0.9953488357651888,-0.09186493466599974,-0.06398613520454854,-0.9974912973063649,0.03028013044308879,-0.026656405490436588,-0.9989359694940323,-0.03763462365092933,0.010702245607477697,-0.9999325386860796,-0.004514423082654116,-0.09590335693375196,-0.9949234111393527,0.03049511593144003,-0.0004456795050072322,-0.9999986287946764,-0.001594922739788262,0.09473635656138281,-0.9920750192922807,0.08253592455225398],"colors":[],"uvs":[],"faces":[0,1,3,1,4,3,3,4,6,4,7,6,1,2,4,2,5,4,4,5,7,5,8,7],"heightMap":[{"0":-0.2749985456466675,"1":-0.1998438984155655,"2":-0.12321710586547852,"BYTES_PER_ELEMENT":4,"buffer":{"0":156,"1":204,"2":140,"3":190,"4":225,"5":163,"6":76,"7":190,"8":64,"9":89,"10":252,"11":189,"byteLength":12},"length":3,"byteOffset":0,"byteLength":12},{"0":-0.17558029294013977,"1":-0.3602115511894226,"2":-0.36419886350631714,"BYTES_PER_ELEMENT":4,"buffer":{"0":82,"1":203,"2":51,"3":190,"4":166,"5":109,"6":184,"7":190,"8":70,"9":120,"10":186,"11":190,"byteLength":12},"length":3,"byteOffset":0,"byteLength":12},{"0":-0.10271860659122467,"1":-0.3334541320800781,"2":-0.1254660189151764,"BYTES_PER_ELEMENT":4,"buffer":{"0":34,"1":94,"2":210,"3":189,"4":128,"5":186,"6":170,"7":190,"8":42,"9":122,"10":0,"11":190,"byteLength":12},"length":3,"byteOffset":0,"byteLength":12}],"roughness":0.26486757706850766}