{"vertices":[-50,-21.66125178337097,-50,-50,-20.911072492599487,0,-50,-20.05194067955017,50,0,-21.228151321411133,-50,0,-20.485364198684692,0,0,-20.006953477859497,50,50,-18.8194078207016,-50,50,-19.488238096237183,0,50,-20.576995611190796,50],"normals":[0.008660709632708236,-0.9998499647769179,0.01500133474908484,0.028392777673428626,-0.9994865600193122,0.01484811492240985,0.04811477006094075,-0.998752462575774,-0.01335991769472795,0.008512755097003638,-0.9998343018784897,0.016090425345884837,0.01422537922583322,-0.9998242648899521,0.01220974705503335,0.019935480039934433,-0.9996468847321077,-0.0175693619966489,0.0008996108776306923,-0.9998520065954538,0.017180093344146982,-0.005250038064879711,-0.999940446865281,0.009567644599341738,-0.01139740039431703,-0.9996980686068916,-0.02176857569760732],"colors":[],"uvs":[],"faces":[0,1,3,1,4,3,3,4,6,4,7,6,1,2,4,2,5,4,4,5,7,5,8,7],"heightMap":[{"0":-0.5830625891685486,"1":-0.5455536246299744,"2":-0.5025970339775085,"BYTES_PER_ELEMENT":4,"buffer":{"0":151,"1":67,"2":21,"3":191,"4":103,"5":169,"6":11,"7":191,"8":51,"9":170,"10":0,"11":191,"byteLength":12},"length":3,"byteOffset":0,"byteLength":12},{"0":-0.5614075660705566,"1":-0.5242682099342346,"2":-0.5003476738929749,"BYTES_PER_ELEMENT":4,"buffer":{"0":104,"1":184,"2":15,"3":191,"4":113,"5":54,"6":6,"7":191,"8":201,"9":22,"10":0,"11":191,"byteLength":12},"length":3,"byteOffset":0,"byteLength":12},{"0":-0.44097039103507996,"1":-0.47441190481185913,"2":-0.5288497805595398,"BYTES_PER_ELEMENT":4,"buffer":{"0":223,"1":198,"2":225,"3":190,"4":30,"5":230,"6":242,"7":190,"8":179,"9":98,"10":7,"11":191,"byteLength":12},"length":3,"byteOffset":0,"byteLength":12}],"roughness":0.02}