{"vertices":[-50,-12.46434211730957,-50,-50,-14.212902784347534,0,-50,-9.839339330792427,50,0,-17.283977270126343,-50,0,-12.358417063951492,0,0,-11.458453685045242,50,50,-12.509320378303528,-50,50,-12.856893837451935,0,50,-13.321216106414795,50],"normals":[-0.09588990222336505,-0.9947838288892413,-0.03478879750802303,-0.0004435720193446088,-0.9951827064119942,0.09803664673152616,0.09505841912777271,-0.9954476445267922,-0.0069198236241862195,0.03705157859596606,-0.998971795481212,0.026125320219868013,0.013528521991337313,-0.9982215463197006,0.058057932755443145,-0.009968711545562567,-0.9999173557836509,-0.008118275232639334,-0.03224233928379498,-0.9956782607450262,0.08709324105387518,-0.03479184617340216,-0.9992327310319674,0.01798545729866499,-0.03722781806467298,-0.9992637181638573,-0.009279607938202124],"colors":[],"uvs":[],"faces":[0,1,3,1,4,3,3,4,6,4,7,6,1,2,4,2,5,4,4,5,7,5,8,7],"heightMap":[{"0":-0.12321710586547852,"1":-0.2106451392173767,"2":0.008033033460378647,"BYTES_PER_ELEMENT":4,"buffer":{"0":64,"1":89,"2":252,"3":189,"4":92,"5":179,"6":87,"7":190,"8":252,"9":156,"10":3,"11":60,"byteLength":12},"length":3,"byteOffset":0,"byteLength":12},{"0":-0.36419886350631714,"1":-0.11792085319757462,"2":-0.07292268425226212,"BYTES_PER_ELEMENT":4,"buffer":{"0":70,"1":120,"2":186,"3":190,"4":125,"5":128,"6":241,"7":189,"8":125,"9":88,"10":149,"11":189,"byteLength":12},"length":3,"byteOffset":0,"byteLength":12},{"0":-0.1254660189151764,"1":-0.14284469187259674,"2":-0.16606080532073975,"BYTES_PER_ELEMENT":4,"buffer":{"0":42,"1":122,"2":0,"3":190,"4":225,"5":69,"6":18,"7":190,"8":216,"9":11,"10":42,"11":190,"byteLength":12},"length":3,"byteOffset":0,"byteLength":12}],"roughness":0.02}