{"vertices":[-50,-9.839339330792427,-50,-50,-11.130460277199745,0,-50,-12.553296089172363,50,0,-11.458453685045242,-50,0,-13.127537369728088,0,0,-11.86120092868805,50,50,-13.321216106414795,-50,50,-12.477511614561081,0,50,-13.658477067947388,50],"normals":[-0.032354548320579664,-0.9991433969934309,-0.02580029936645563,-0.03477812646054724,-0.9988386919085677,-0.03334290728589092,-0.03722412924972366,-0.999164703525517,0.01685999496932326,-0.03989505369022509,-0.9988360949981427,-0.02710793278572514,-0.013459762590139094,-0.9999013178033413,-0.004023611084392632,0.012999342754772547,-0.9999098229140706,-0.0033709238935173804,0.01383497788726009,-0.9994996842326319,-0.028442478895630244,-0.011040756831512908,-0.9996185011403909,0.025317066702638013,-0.035912320093122396,-0.9990763052115617,-0.02359749203503376],"colors":[],"uvs":[],"faces":[0,1,3,1,4,3,3,4,6,4,7,6,1,2,4,2,5,4,4,5,7,5,8,7],"heightMap":[{"0":0.008033033460378647,"1":-0.05652301385998726,"2":-0.12766480445861816,"BYTES_PER_ELEMENT":4,"buffer":{"0":252,"1":156,"2":3,"3":60,"4":173,"5":132,"6":103,"7":189,"8":144,"9":186,"10":2,"11":190,"byteLength":12},"length":3,"byteOffset":0,"byteLength":12},{"0":-0.07292268425226212,"1":-0.15637686848640442,"2":-0.09306004643440247,"BYTES_PER_ELEMENT":4,"buffer":{"0":125,"1":88,"2":149,"3":189,"4":66,"5":33,"6":32,"7":190,"8":68,"9":150,"10":190,"11":189,"byteLength":12},"length":3,"byteOffset":0,"byteLength":12},{"0":-0.16606080532073975,"1":-0.12387558072805405,"2":-0.18292385339736938,"BYTES_PER_ELEMENT":4,"buffer":{"0":216,"1":11,"2":42,"3":190,"4":123,"5":178,"6":253,"7":189,"8":100,"9":80,"10":59,"11":190,"byteLength":12},"length":3,"byteOffset":0,"byteLength":12}],"roughness":0.21287216810276732}