{"vertices":[-50,-12.553296089172363,-50,-50,-11.824820041656494,0,-50,-15.341490507125854,50,0,-11.86120092868805,-50,0,-13.724831342697144,0,0,-14.002591073513031,50,50,-13.658477067947388,-50,50,-13.177850246429443,0,50,-13.422331511974335,50],"normals":[0.013839108896698354,-0.9997981265332089,0.014566579750613656,-0.011036639228323,-0.9992452359571122,-0.03724447625566736,-0.035920665637884173,-0.9993084772350886,0.009605889142588753,-0.03795814178076386,-0.9988925265858661,-0.027801075580923318,-0.013517879504386201,-0.9996795665193465,-0.021401663893175042,0.010938936889241392,-0.9999373802753617,0.0023611835548619474,0.02670247604628765,-0.9971800486252705,-0.07013507251511579,0.019186657262994237,-0.9998004922524851,-0.00555408631195284,0.011604271112961782,-0.9999207149805764,-0.00488923763686008],"colors":[],"uvs":[],"faces":[0,1,3,1,4,3,3,4,6,4,7,6,1,2,4,2,5,4,4,5,7,5,8,7],"heightMap":[{"0":-0.12766480445861816,"1":-0.09124100208282471,"2":-0.2670745253562927,"BYTES_PER_ELEMENT":4,"buffer":{"0":144,"1":186,"2":2,"3":190,"4":144,"5":220,"6":186,"7":189,"8":254,"9":189,"10":136,"11":190,"byteLength":12},"length":3,"byteOffset":0,"byteLength":12},{"0":-0.09306004643440247,"1":-0.18624156713485718,"2":-0.20012955367565155,"BYTES_PER_ELEMENT":4,"buffer":{"0":68,"1":150,"2":190,"3":189,"4":28,"5":182,"6":62,"7":190,"8":195,"9":238,"10":76,"11":190,"byteLength":12},"length":3,"byteOffset":0,"byteLength":12},{"0":-0.18292385339736938,"1":-0.15889251232147217,"2":-0.17111657559871674,"BYTES_PER_ELEMENT":4,"buffer":{"0":100,"1":80,"2":59,"3":190,"4":184,"5":180,"6":34,"7":190,"8":47,"9":57,"10":47,"11":190,"byteLength":12},"length":3,"byteOffset":0,"byteLength":12}],"roughness":0.02}