{"vertices":[-50,-15.341490507125854,-50,-50,-15.086925029754639,0,-50,-14.764467477798462,50,0,-14.002591073513031,-50,0,-14.383602440357208,0,0,-12.600941359996796,50,50,-13.422331511974335,-50,50,-12.919593751430511,0,50,-13.869118094444275,50],"normals":[0.026768046428829493,-0.9996287158252002,0.005089419224760351,0.019186396390268885,-0.999786896831092,-0.0076186034422902555,0.011603823344985362,-0.9998821315598027,0.010053570072563193,0.014064826265093477,-0.9998844397379216,0.005769560825180418,0.021664847439582566,-0.999667187870158,0.014005280475232959,0.029267338738298444,-0.999561647402349,-0.0044649664589716245,0.043229173332974186,-0.9990444066582114,0.00644298827333036,0.008936940831419098,-0.9993251192934377,0.035629159935818756,-0.025350812439094754,-0.999498403908964,-0.018980961306299286],"colors":[],"uvs":[],"faces":[0,1,3,1,4,3,3,4,6,4,7,6,1,2,4,2,5,4,4,5,7,5,8,7],"heightMap":[{"0":-0.2670745253562927,"1":-0.25434625148773193,"2":-0.2382233738899231,"BYTES_PER_ELEMENT":4,"buffer":{"0":254,"1":189,"2":136,"3":190,"4":172,"5":57,"6":130,"7":190,"8":212,"9":240,"10":115,"11":190,"byteLength":12},"length":3,"byteOffset":0,"byteLength":12},{"0":-0.20012955367565155,"1":-0.2191801220178604,"2":-0.13004706799983978,"BYTES_PER_ELEMENT":4,"buffer":{"0":195,"1":238,"2":76,"3":190,"4":193,"5":112,"6":96,"7":190,"8":15,"9":43,"10":5,"11":190,"byteLength":12},"length":3,"byteOffset":0,"byteLength":12},{"0":-0.17111657559871674,"1":-0.14597968757152557,"2":-0.19345590472221375,"BYTES_PER_ELEMENT":4,"buffer":{"0":47,"1":57,"2":47,"3":190,"4":179,"5":123,"6":21,"7":190,"8":78,"9":25,"10":70,"11":190,"byteLength":12},"length":3,"byteOffset":0,"byteLength":12}],"roughness":0.1028277876507491}