{"vertices":[-50,-14.764467477798462,-50,-50,-16.61723256111145,0,-50,-14.742733240127563,50,0,-12.600941359996796,-50,0,-16.088143587112427,0,0,-15.173977017402649,50,50,-13.869118094444275,-50,50,-14.270247220993042,0,50,-15.470228791236877,50],"normals":[0.04320047700452679,-0.9983812224190363,-0.036995317374666575,0.008920987412073667,-0.9975370247223543,-0.06957226668484187,-0.025354564933935928,-0.9996463523273209,-0.008019745363334387,0.010581186838145594,-0.999943994123484,0.00021702873086704792,0.023451782073793784,-0.9993954742288849,-0.02566515163379271,0.03632927080165046,-0.9992118219368464,-0.015997468070551926,-0.008618500697161002,-0.9992608764837154,0.03746227668908977,-0.007273534221120364,-0.9998064537088819,0.018279792723214925,-0.005923225945894376,-0.9996945957881069,-0.02399230181636178],"colors":[],"uvs":[],"faces":[0,1,3,1,4,3,3,4,6,4,7,6,1,2,4,2,5,4,4,5,7,5,8,7],"heightMap":[{"0":-0.2382233738899231,"1":-0.3308616280555725,"2":-0.23713666200637817,"BYTES_PER_ELEMENT":4,"buffer":{"0":212,"1":240,"2":115,"3":190,"4":178,"5":102,"6":169,"7":190,"8":244,"9":211,"10":114,"11":190,"byteLength":12},"length":3,"byteOffset":0,"byteLength":12},{"0":-0.13004706799983978,"1":-0.30440717935562134,"2":-0.25869885087013245,"BYTES_PER_ELEMENT":4,"buffer":{"0":15,"1":43,"2":5,"3":190,"4":66,"5":219,"6":155,"7":190,"8":45,"9":116,"10":132,"11":190,"byteLength":12},"length":3,"byteOffset":0,"byteLength":12},{"0":-0.19345590472221375,"1":-0.2135123610496521,"2":-0.27351143956184387,"BYTES_PER_ELEMENT":4,"buffer":{"0":78,"1":25,"2":70,"3":190,"4":252,"5":162,"6":90,"7":190,"8":177,"9":9,"10":140,"11":190,"byteLength":12},"length":3,"byteOffset":0,"byteLength":12}],"roughness":0.06911082846184388}