{"vertices":[-50,-14.742733240127563,-50,-50,-16.655532121658325,0,-50,-17.227131724357605,50,0,-15.173977017402649,-50,0,-16.499390602111816,0,0,-14.299485385417938,50,50,-15.470228791236877,-50,50,-13.965947329998016,0,50,-19.30247724056244,50],"normals":[-0.008618251051566005,-0.9992319316492448,-0.03822659442496996,-0.007272195299330032,-0.9996224073454621,-0.026498262365507133,-0.005922251928801548,-0.9995302057018938,0.03007149516771249,0.0031218522278040547,-0.9996867703321444,-0.02483173899577396,0.02686995661594196,-0.9996008114395692,0.008730589946391495,0.05056726783528171,-0.9979948710888339,-0.03806821120116619,0.05844900519459018,-0.9982251684088181,-0.011411702193338044,-0.020599740527979672,-0.9988214943608411,0.04394625231980779,-0.0990059154315563,-0.9894670858773237,-0.10560641398606709],"colors":[],"uvs":[],"faces":[0,1,3,1,4,3,3,4,6,4,7,6,1,2,4,2,5,4,4,5,7,5,8,7],"heightMap":[{"0":-0.23713666200637817,"1":-0.33277660608291626,"2":-0.36135658621788025,"BYTES_PER_ELEMENT":4,"buffer":{"0":244,"1":211,"2":114,"3":190,"4":178,"5":97,"6":170,"7":190,"8":187,"9":3,"10":185,"11":190,"byteLength":12},"length":3,"byteOffset":0,"byteLength":12},{"0":-0.25869885087013245,"1":-0.3249695301055908,"2":-0.2149742692708969,"BYTES_PER_ELEMENT":4,"buffer":{"0":45,"1":116,"2":132,"3":190,"4":104,"5":98,"6":166,"7":190,"8":55,"9":34,"10":92,"11":190,"byteLength":12},"length":3,"byteOffset":0,"byteLength":12},{"0":-0.27351143956184387,"1":-0.19829736649990082,"2":-0.46512386202812195,"BYTES_PER_ELEMENT":4,"buffer":{"0":177,"1":9,"2":140,"3":190,"4":119,"5":14,"6":75,"7":190,"8":183,"9":36,"10":238,"11":190,"byteLength":12},"length":3,"byteOffset":0,"byteLength":12}],"roughness":0.21036320325381433}