{"vertices":[-50,-17.227131724357605,-50,-50,-15.387181639671326,0,-50,-18.87984812259674,50,0,-14.299485385417938,-50,0,-17.70311415195465,0,0,-18.485480546951294,50,50,-19.30247724056244,-50,50,-19.015576243400574,0,50,-17.694087624549866,50],"normals":[0.05841340906600888,-0.997617237592383,0.03671131841585194,-0.020572416564095124,-0.9974799376661228,-0.06790102819767325,-0.09956104637634568,-0.9950150755689176,0.005709416347436222,-0.04626277493111089,-0.9987936756736376,-0.016460531279934996,-0.03622481414587432,-0.9984704572743068,-0.04176731725324797,-0.02623681299557456,-0.999526506958757,0.01607456160090375,0.007867934991771828,-0.9975382711033824,-0.069681369698363,0.01185513366017475,-0.9998073370750732,-0.015644313239972375,0.015820353043925556,-0.9995258105114058,0.02641723965676704],"colors":[],"uvs":[],"faces":[0,1,3,1,4,3,3,4,6,4,7,6,1,2,4,2,5,4,4,5,7,5,8,7],"heightMap":[{"0":-0.36135658621788025,"1":-0.2693590819835663,"2":-0.44399240612983704,"BYTES_PER_ELEMENT":4,"buffer":{"0":187,"1":3,"2":185,"3":190,"4":111,"5":233,"6":137,"7":190,"8":249,"9":82,"10":227,"11":190,"byteLength":12},"length":3,"byteOffset":0,"byteLength":12},{"0":-0.2149742692708969,"1":-0.38515570759773254,"2":-0.4242740273475647,"BYTES_PER_ELEMENT":4,"buffer":{"0":55,"1":34,"2":92,"3":190,"4":33,"5":51,"6":197,"7":190,"8":114,"9":58,"10":217,"11":190,"byteLength":12},"length":3,"byteOffset":0,"byteLength":12},{"0":-0.46512386202812195,"1":-0.4507788121700287,"2":-0.3847043812274933,"BYTES_PER_ELEMENT":4,"buffer":{"0":183,"1":36,"2":238,"3":190,"4":123,"5":204,"6":230,"7":190,"8":249,"9":247,"10":196,"11":190,"byteLength":12},"length":3,"byteOffset":0,"byteLength":12}],"roughness":0.03480950213439904}