{"vertices":[-50,-18.87984812259674,-50,-50,-20.457804203033447,0,-50,-21.66125178337097,50,0,-18.485480546951294,-50,0,-19.340208768844604,0,0,-21.228151321411133,50,50,-17.694087624549866,-50,50,-16.325203776359558,0,50,-18.8194078207016,50],"normals":[0.007883181669759943,-0.9994713253058183,-0.03154243709976899,0.011854852907901902,-0.9997836589761162,-0.017090866182292875,0.01581994998862676,-0.9995003455819514,0.027363997586555278,0.022337692956153704,-0.9993640038609558,-0.027795957626892458,0.041260477681568763,-0.9987729238217794,-0.027390137312225057,0.060186983569457696,-0.9981241112282536,-0.011215417674726941,0.008659176658728906,-0.9996729880574298,-0.024061080772129935,0.028375716752519486,-0.9988855109660671,-0.037716769225899956,0.04805944393454946,-0.9976040188669483,-0.04976455957019632],"colors":[],"uvs":[],"faces":[0,1,3,1,4,3,3,4,6,4,7,6,1,2,4,2,5,4,4,5,7,5,8,7],"heightMap":[{"0":-0.44399240612983704,"1":-0.5228902101516724,"2":-0.5830625891685486,"BYTES_PER_ELEMENT":4,"buffer":{"0":249,"1":82,"2":227,"3":190,"4":34,"5":220,"6":5,"7":191,"8":151,"9":67,"10":21,"11":191,"byteLength":12},"length":3,"byteOffset":0,"byteLength":12},{"0":-0.4242740273475647,"1":-0.4670104384422302,"2":-0.5614075660705566,"BYTES_PER_ELEMENT":4,"buffer":{"0":114,"1":58,"2":217,"3":190,"4":254,"5":27,"6":239,"7":190,"8":104,"9":184,"10":15,"11":191,"byteLength":12},"length":3,"byteOffset":0,"byteLength":12},{"0":-0.3847043812274933,"1":-0.3162601888179779,"2":-0.44097039103507996,"BYTES_PER_ELEMENT":4,"buffer":{"0":249,"1":247,"2":196,"3":190,"4":219,"5":236,"6":161,"7":190,"8":223,"9":198,"10":225,"11":190,"byteLength":12},"length":3,"byteOffset":0,"byteLength":12}],"roughness":0.2646082736112543}