{"vertices":[-50,-12.058210372924805,-50,-50,-9.99718819046393,0,-50,-12.276742458343506,50,0,-12.308609634637833,-50,0,-12.421063333749771,0,0,-12.25708395242691,50,50,-14.311309158802032,-50,50,-13.737464845180511,0,50,-12.579113841056824,50],"normals":[-0.005003673412990736,-0.9991390107861492,0.04118495329184537,-0.02251830689318797,-0.9997439022626797,-0.0022484979994808526,-0.04001926800020059,-0.9991331080208377,0.011466937051775091,-0.048420525432650276,-0.9988246623753628,-0.0021786572856995505,-0.03737205555241428,-0.9993012880753793,0.0005148928774314983,-0.026314965528864722,-0.9995037722291932,0.017312766642792958,0.00039276211262720477,-0.9989622667499873,-0.04554377397241178,-0.003023648443476036,-0.9999900509850619,0.0032795549977909276,-0.00643873662819623,-0.9997110292448389,0.023160325491185692],"colors":[],"uvs":[],"faces":[0,1,3,1,4,3,3,4,6,4,7,6,1,2,4,2,5,4,4,5,7,5,8,7],"heightMap":[{"0":-0.10291051864624023,"1":0.00014059047680348158,"2":-0.11383712291717529,"BYTES_PER_ELEMENT":4,"buffer":{"0":192,"1":194,"2":210,"3":189,"4":120,"5":107,"6":19,"7":57,"8":112,"9":35,"10":233,"11":189,"byteLength":12},"length":3,"byteOffset":0,"byteLength":12},{"0":-0.11543048173189163,"1":-0.12105316668748856,"2":-0.11285419762134552,"BYTES_PER_ELEMENT":4,"buffer":{"0":209,"1":102,"2":236,"3":189,"4":185,"5":234,"6":247,"7":189,"8":26,"9":32,"10":231,"11":189,"byteLength":12},"length":3,"byteOffset":0,"byteLength":12},{"0":-0.21556545794010162,"1":-0.18687324225902557,"2":-0.1289556920528412,"BYTES_PER_ELEMENT":4,"buffer":{"0":49,"1":189,"2":92,"3":190,"4":179,"5":91,"6":63,"7":190,"8":246,"9":12,"10":4,"11":190,"byteLength":12},"length":3,"byteOffset":0,"byteLength":12}],"roughness":0.02}