{"vertices":[-50,-7.157835066318512,-50,-50,-3.8634806871414185,0,-50,-7.194834351539612,50,0,-5.601214170455933,-50,0,-7.542376816272736,0,0,-6.186693906784058,50,50,-7.407881915569305,-50,50,-5.625968277454376,0,50,-5.2149540185928345,50],"normals":[0.0310500838924979,-0.997355360416511,0.06571283998367763,-0.002495759564493056,-0.9992441162998239,-0.03879390705226879,-0.03608691015773888,-0.9987146296087313,0.035592464381693965,-0.0733795578716921,-0.9973040185972702,-0.0003673911954467887,-0.017566935828916757,-0.9998285902975992,-0.00584746005529903,0.038290859930184405,-0.9990265424770601,0.021903823231066984,0.020114134201707635,-0.9975859170388085,-0.06646623000558533,0.019787652093241105,-0.9994369044872002,0.02709839061051131,0.019430472201709032,-0.9997774321005036,0.008218455605625676],"colors":[],"uvs":[],"faces":[0,1,3,1,4,3,3,4,6,4,7,6,1,2,4,2,5,4,4,5,7,5,8,7],"heightMap":[{"0":0.1421082466840744,"1":0.3068259656429291,"2":0.1402582824230194,"BYTES_PER_ELEMENT":4,"buffer":{"0":211,"1":132,"2":17,"3":62,"4":75,"5":24,"6":157,"7":62,"8":222,"9":159,"10":15,"11":62,"byteLength":12},"length":3,"byteOffset":0,"byteLength":12},{"0":0.21993929147720337,"1":0.12288115918636322,"2":0.19066530466079712,"BYTES_PER_ELEMENT":4,"buffer":{"0":196,"1":55,"2":97,"3":62,"4":30,"5":169,"6":251,"7":61,"8":196,"9":61,"10":67,"11":62,"byteLength":12},"length":3,"byteOffset":0,"byteLength":12},{"0":0.12960590422153473,"1":0.2187015861272812,"2":0.23925229907035828,"BYTES_PER_ELEMENT":4,"buffer":{"0":105,"1":183,"2":4,"3":62,"4":79,"5":243,"6":95,"7":62,"8":142,"9":254,"10":116,"11":62,"byteLength":12},"length":3,"byteOffset":0,"byteLength":12}],"roughness":0.08427937014959752}