{"vertices":[-50,-12.266210317611694,-50,-50,-12.236794233322144,0,-50,-12.058210372924805,50,0,-13.04619699716568,-50,0,-10.648563951253891,0,0,-12.308609634637833,50,50,-13.733217418193817,-50,50,-15.225640535354614,0,50,-14.311309158802032,50],"normals":[-0.015597833127966275,-0.9998781733609525,0.0005882500125373569,-0.014651647908194291,-0.9987450322247009,0.04789248187404355,-0.013732996459859613,-0.9994605720240428,-0.029832361247588705,0.03174852406183097,-0.99949372645404,0.0020789417769974147,-0.029761578753832445,-0.9995299263924609,0.0073603448262501165,-0.09115886449481209,-0.9958197423598762,-0.005753446821356806,-0.00500789049389576,-0.9999810821397496,0.0035716096394564976,-0.022505976907441057,-0.9991961528075426,-0.03317422520644004,-0.040015220053729705,-0.9990320457690609,0.01826892691256335],"colors":[],"uvs":[],"faces":[0,1,3,1,4,3,3,4,6,4,7,6,1,2,4,2,5,4,4,5,7,5,8,7],"heightMap":[{"0":-0.11331051588058472,"1":-0.11183971166610718,"2":-0.10291051864624023,"BYTES_PER_ELEMENT":4,"buffer":{"0":88,"1":15,"2":232,"3":189,"4":56,"5":12,"6":229,"7":189,"8":192,"9":194,"10":210,"11":189,"byteLength":12},"length":3,"byteOffset":0,"byteLength":12},{"0":-0.152309849858284,"1":-0.03242819756269455,"2":-0.11543048173189163,"BYTES_PER_ELEMENT":4,"buffer":{"0":29,"1":247,"2":27,"3":190,"4":110,"5":211,"6":4,"7":189,"8":209,"9":102,"10":236,"11":189,"byteLength":12},"length":3,"byteOffset":0,"byteLength":12},{"0":-0.18666087090969086,"1":-0.2612820267677307,"2":-0.21556545794010162,"BYTES_PER_ELEMENT":4,"buffer":{"0":7,"1":36,"2":63,"3":190,"4":194,"5":198,"6":133,"7":190,"8":49,"9":189,"10":92,"11":190,"byteLength":12},"length":3,"byteOffset":0,"byteLength":12}],"roughness":0.22474521680618637}