{"vertices":[-50,-12.716211676597595,-50,-50,-13.774582147598267,0,-50,-12.266210317611694,50,0,-13.739018738269806,-50,0,-14.409399628639221,0,0,-13.04619699716568,50,50,-12.750475406646729,-50,50,-13.313191533088684,0,50,-13.733217418193817,50],"normals":[-0.020447284233560667,-0.9995670248957282,-0.021158244458712637,-0.00034246796604949376,-0.999910071371855,-0.013406412078712193,0.01976575244170843,-0.999741326930772,-0.011251411338688495,-0.012695198086770755,-0.999909301958222,0.004496643521418738,0.004612365024281058,-0.999965383837917,0.006925114783897808,0.021917836824518134,-0.9997115015607766,-0.00982456492833586,-0.015590744797735557,-0.9994237854581507,0.030150053684072364,-0.014663032476727716,-0.9995210746852923,0.027250995184485052,-0.01373862685927826,-0.9998703414607518,-0.008399428503248478],"colors":[],"uvs":[],"faces":[0,1,3,1,4,3,3,4,6,4,7,6,1,2,4,2,5,4,4,5,7,5,8,7],"heightMap":[{"0":-0.13581058382987976,"1":-0.18872910737991333,"2":-0.11331051588058472,"BYTES_PER_ELEMENT":4,"buffer":{"0":238,"1":17,"2":11,"3":190,"4":52,"5":66,"6":65,"7":190,"8":88,"9":15,"10":232,"11":189,"byteLength":12},"length":3,"byteOffset":0,"byteLength":12},{"0":-0.1869509369134903,"1":-0.22046998143196106,"2":-0.152309849858284,"BYTES_PER_ELEMENT":4,"buffer":{"0":17,"1":112,"2":63,"3":190,"4":226,"5":194,"6":97,"7":190,"8":29,"9":247,"10":27,"11":190,"byteLength":12},"length":3,"byteOffset":0,"byteLength":12},{"0":-0.13752377033233643,"1":-0.1656595766544342,"2":-0.18666087090969086,"BYTES_PER_ELEMENT":4,"buffer":{"0":8,"1":211,"2":12,"3":190,"4":170,"5":162,"6":41,"7":190,"8":7,"9":36,"10":63,"11":190,"byteLength":12},"length":3,"byteOffset":0,"byteLength":12}],"roughness":0.0888911192887463}