{"vertices":[-50,-12.022265493869781,-50,-50,-10.19051594659686,0,-50,-12.716211676597595,50,0,-16.03576421737671,-50,0,-13.49327027797699,0,0,-13.739018738269806,50,50,-15.089635848999023,-50,50,-15.517069101333618,0,50,-12.750475406646729,50],"normals":[-0.07995932063613952,-0.9961298874697587,0.03649320940795512,-0.030544959244324786,-0.9982436426932771,0.05076056823183912,0.018918489517703318,-0.9997844980667165,-0.00854682279284734,-0.06590987415870005,-0.9978016459243905,-0.006911141653993742,-0.053167530445767754,-0.9983227390952355,0.02291118311402733,-0.0404318417158953,-0.9989096062630359,0.02334233687716974,-0.020425830249478687,-0.9985182452731615,-0.05043906536828501,-0.0003424945880754662,-0.9999878631071174,-0.0049149095534015514,0.019736825260619272,-0.9982782053778874,0.05523660377083614],"colors":[],"uvs":[],"faces":[0,1,3,1,4,3,3,4,6,4,7,6,1,2,4,2,5,4,4,5,7,5,8,7],"heightMap":[{"0":-0.10111327469348907,"1":-0.009525797329843044,"2":-0.13581058382987976,"BYTES_PER_ELEMENT":4,"buffer":{"0":122,"1":20,"2":207,"3":189,"4":23,"5":18,"6":28,"7":188,"8":238,"9":17,"10":11,"11":190,"byteLength":12},"length":3,"byteOffset":0,"byteLength":12},{"0":-0.30178821086883545,"1":-0.1746635138988495,"2":-0.1869509369134903,"BYTES_PER_ELEMENT":4,"buffer":{"0":252,"1":131,"2":154,"3":190,"4":254,"5":218,"6":50,"7":190,"8":17,"9":112,"10":63,"11":190,"byteLength":12},"length":3,"byteOffset":0,"byteLength":12},{"0":-0.25448179244995117,"1":-0.2758534550666809,"2":-0.13752377033233643,"BYTES_PER_ELEMENT":4,"buffer":{"0":112,"1":75,"2":130,"3":190,"4":170,"5":60,"6":141,"7":190,"8":8,"9":211,"10":12,"11":190,"byteLength":12},"length":3,"byteOffset":0,"byteLength":12}],"roughness":0.09712597490521144}