{"vertices":[-50,-14.187225103378296,-50,-50,-13.376236855983734,0,-50,-12.022265493869781,50,0,-12.144642174243927,-50,0,-12.66082376241684,0,0,-16.03576421737671,50,50,-9.820479936897755,-50,50,-14.35310274362564,0,50,-15.089635848999023,50],"normals":[0.04081225421681953,-0.9990354280037838,0.016204119816837288,0.04362321287270548,-0.9989948208458831,-0.010313254664014847,0.04624389168025618,-0.9948507668091929,-0.09018566549860146,0.014303446684518197,-0.999663468081379,0.02164167268149724,-0.009755178122189479,-0.9991975004694578,-0.0388483147046577,-0.033779538128222514,-0.9980487408788137,-0.0525133662419247,-0.07998348425101669,-0.9964309167778739,0.02698277851284385,-0.030515162450146932,-0.9972650714374666,-0.06731420467825501,0.018917128945399538,-0.9997125959681612,-0.014726428455786311],"colors":[],"uvs":[],"faces":[0,1,3,1,4,3,3,4,6,4,7,6,1,2,4,2,5,4,4,5,7,5,8,7],"heightMap":[{"0":-0.2093612551689148,"1":-0.1688118427991867,"2":-0.10111327469348907,"BYTES_PER_ELEMENT":4,"buffer":{"0":204,"1":98,"2":86,"3":190,"4":3,"5":221,"6":44,"7":190,"8":122,"9":20,"10":207,"11":189,"byteLength":12},"length":3,"byteOffset":0,"byteLength":12},{"0":-0.10723210871219635,"1":-0.13304118812084198,"2":-0.30178821086883545,"BYTES_PER_ELEMENT":4,"buffer":{"0":130,"1":156,"2":219,"3":189,"4":243,"5":59,"6":8,"7":190,"8":252,"9":131,"10":154,"11":190,"byteLength":12},"length":3,"byteOffset":0,"byteLength":12},{"0":0.008976003155112267,"1":-0.21765513718128204,"2":-0.25448179244995117,"BYTES_PER_ELEMENT":4,"buffer":{"0":22,"1":16,"2":19,"3":60,"4":253,"5":224,"6":94,"7":190,"8":112,"9":75,"10":130,"11":190,"byteLength":12},"length":3,"byteOffset":0,"byteLength":12}],"roughness":0.15165823746472598}