{"vertices":[-50,-11.327574849128723,-50,-50,-11.873752772808075,0,-50,-14.187225103378296,50,0,-6.610831022262573,-50,0,-10.637246444821358,0,0,-12.144642174243927,50,50,-6.980323493480682,-50,50,-8.412800878286362,0,50,-9.820479936897755,50],"normals":[0.09391235773170967,-0.9955210753316016,-0.010874632678072994,0.04318104114786234,-0.9958435543295323,-0.08019359691216373,-0.007386616985527019,-0.9995625839378395,-0.028637015923777674,0.024712477905976474,-0.9992863500429229,-0.028567184909257692,0.03453274958226321,-0.997878755207084,-0.05518585971649924,0.04442706941947985,-0.9986099477516909,-0.028362083036372943,0.040774063539742486,-0.9981005656652144,-0.04618156083585919,0.04360575891808877,-0.9985951096624573,-0.03010556007454901,0.04641475655082719,-0.9985266046621929,-0.028112099816986126],"colors":[],"uvs":[],"faces":[0,1,3,1,4,3,3,4,6,4,7,6,1,2,4,2,5,4,4,5,7,5,8,7],"heightMap":[{"0":-0.06637874245643616,"1":-0.09368763864040375,"2":-0.2093612551689148,"BYTES_PER_ELEMENT":4,"buffer":{"0":148,"1":241,"2":135,"3":189,"4":78,"5":223,"6":191,"7":189,"8":204,"9":98,"10":86,"11":190,"byteLength":12},"length":3,"byteOffset":0,"byteLength":12},{"0":0.16945844888687134,"1":-0.031862322241067886,"2":-0.10723210871219635,"BYTES_PER_ELEMENT":4,"buffer":{"0":132,"1":134,"2":45,"3":62,"4":17,"5":130,"6":2,"7":189,"8":130,"9":156,"10":219,"11":189,"byteLength":12},"length":3,"byteOffset":0,"byteLength":12},{"0":0.15098382532596588,"1":0.07935995608568192,"2":0.008976003155112267,"BYTES_PER_ELEMENT":4,"buffer":{"0":129,"1":155,"2":26,"3":62,"4":121,"5":135,"6":162,"7":61,"8":22,"9":16,"10":19,"11":60,"byteLength":12},"length":3,"byteOffset":0,"byteLength":12}],"roughness":0.02}