{"vertices":[-50,-8.217537999153137,-50,-50,-9.446149282157421,0,-50,-11.327574849128723,50,0,-8.94071564078331,-50,0,-9.269348233938217,0,0,-6.610831022262573,50,50,-10.006157210445963,-50,50,-8.840809762477875,0,50,-6.980323493480682,50],"normals":[-0.014457677063028036,-0.9995937533714281,-0.02456224327625476,-0.017882736275580513,-0.9998184953636696,-0.006571458896312007,-0.021298213896612097,-0.9995017325706409,0.023295335865817578,0.0035342901973853167,-0.9995105325968949,-0.031083822491320606,0.006051606680017091,-0.9997108692077668,0.02327135673831191,0.008566534595858051,-0.9995058981129084,0.03024192656770238,0.09385207749797196,-0.9948820727065877,-0.03743593135423152,0.04325916962804308,-0.9976546517640056,0.0530456412604576,-0.007384537519371536,-0.9992811890086509,0.03718297862035567],"colors":[],"uvs":[],"faces":[0,1,3,1,4,3,3,4,6,4,7,6,1,2,4,2,5,4,4,5,7,5,8,7],"heightMap":[{"0":0.08912310004234314,"1":0.027692535892128944,"2":-0.06637874245643616,"BYTES_PER_ELEMENT":4,"buffer":{"0":44,"1":134,"2":182,"3":61,"4":117,"5":219,"6":226,"7":60,"8":148,"9":241,"10":135,"11":189,"byteLength":12},"length":3,"byteOffset":0,"byteLength":12},{"0":0.0529642179608345,"1":0.03653258830308914,"2":0.16945844888687134,"BYTES_PER_ELEMENT":4,"buffer":{"0":2,"1":241,"2":88,"3":61,"4":50,"5":163,"6":21,"7":61,"8":132,"9":134,"10":45,"11":62,"byteLength":12},"length":3,"byteOffset":0,"byteLength":12},{"0":-0.0003078605222981423,"1":0.05795951187610626,"2":0.15098382532596588,"BYTES_PER_ELEMENT":4,"buffer":{"0":87,"1":104,"2":161,"3":185,"4":244,"5":102,"6":109,"7":61,"8":129,"9":155,"10":26,"11":62,"byteLength":12},"length":3,"byteOffset":0,"byteLength":12}],"roughness":0.15142424592526368}