{"vertices":[-50,-11.544155478477478,-50,-50,-12.772842645645142,0,-50,-8.217537999153137,50,0,-8.67373064160347,-50,0,-9.06651496887207,0,0,-8.94071564078331,50,50,-6.949463784694672,-50,50,-8.57142060995102,0,50,-10.006157210445963,50],"normals":[0.05729688784243339,-0.9980558819444942,-0.024525969085228097,0.04589107782478474,-0.9989156275329731,-0.007847168055172615,0.034446751930396015,-0.9988811126414294,-0.032402840765368424,0.07388335795819247,-0.9967191840754795,0.03304720128440297,0.041933949635391835,-0.9991168243683002,-0.002667420510441068,0.009896779885866189,-0.9994842101851088,-0.030551061168804898,-0.014402403911268038,-0.9957722060379538,0.09072091514024568,-0.017883065821659817,-0.9998369206190164,0.0025155762562441503,-0.02129523389418615,-0.9993618843372511,-0.028676421451964976],"colors":[],"uvs":[],"faces":[0,1,3,1,4,3,3,4,6,4,7,6,1,2,4,2,5,4,4,5,7,5,8,7],"heightMap":[{"0":-0.0772077739238739,"1":-0.13864213228225708,"2":0.08912310004234314,"BYTES_PER_ELEMENT":4,"buffer":{"0":28,"1":31,"2":158,"3":189,"4":52,"5":248,"6":13,"7":190,"8":44,"9":134,"10":182,"11":61,"byteLength":12},"length":3,"byteOffset":0,"byteLength":12},{"0":0.06631346791982651,"1":0.046674251556396484,"2":0.0529642179608345,"BYTES_PER_ELEMENT":4,"buffer":{"0":91,"1":207,"2":135,"3":61,"4":128,"5":45,"6":63,"7":61,"8":2,"9":241,"10":88,"11":61,"byteLength":12},"length":3,"byteOffset":0,"byteLength":12},{"0":0.15252681076526642,"1":0.07142896950244904,"2":-0.0003078605222981423,"BYTES_PER_ELEMENT":4,"buffer":{"0":253,"1":47,"2":28,"3":62,"4":90,"5":73,"6":146,"7":61,"8":87,"9":104,"10":161,"11":185,"byteLength":12},"length":3,"byteOffset":0,"byteLength":12}],"roughness":0.02}