{"vertices":[-50,-7.194834351539612,-50,-50,-9.41153023391962,0,-50,-11.544155478477478,50,0,-6.186693906784058,-50,0,-7.167813777923584,0,0,-8.67373064160347,50,50,-5.2149540185928345,-50,50,-6.193544268608093,0,50,-6.949463784694672,50],"normals":[0.020138937908467013,-0.998816088236106,-0.044281430200957664,0.019791113047177098,-0.9996117107748742,-0.019614778257300125,0.019427409303659236,-0.9996198334423126,-0.01956436445457048,0.04478695968992024,-0.998053019806335,-0.04340850028725797,0.032148112550468275,-0.9991741684153329,-0.024849145477672724,0.019478763373476437,-0.9996599086407809,-0.017339112830412697,0.05726223617067121,-0.9974522836318501,-0.04254383840630336,0.045871738951819827,-0.9984945660696908,-0.030072996106741547,0.034460916375029495,-0.9992918508220283,-0.015107684246052978],"colors":[],"uvs":[],"faces":[0,1,3,1,4,3,3,4,6,4,7,6,1,2,4,2,5,4,4,5,7,5,8,7],"heightMap":[{"0":0.1402582824230194,"1":0.029423488304018974,"2":-0.0772077739238739,"BYTES_PER_ELEMENT":4,"buffer":{"0":222,"1":159,"2":15,"3":62,"4":135,"5":9,"6":241,"7":60,"8":28,"9":31,"10":158,"11":189,"byteLength":12},"length":3,"byteOffset":0,"byteLength":12},{"0":0.19066530466079712,"1":0.1416093111038208,"2":0.06631346791982651,"BYTES_PER_ELEMENT":4,"buffer":{"0":196,"1":61,"2":67,"3":62,"4":8,"5":2,"6":17,"7":62,"8":91,"9":207,"10":135,"11":61,"byteLength":12},"length":3,"byteOffset":0,"byteLength":12},{"0":0.23925229907035828,"1":0.19032278656959534,"2":0.15252681076526642,"BYTES_PER_ELEMENT":4,"buffer":{"0":142,"1":254,"2":116,"3":62,"4":250,"5":227,"6":66,"7":62,"8":253,"9":47,"10":28,"11":62,"byteLength":12},"length":3,"byteOffset":0,"byteLength":12}],"roughness":0.07062314245224116}