{"vertices":[-50,-12.276742458343506,-50,-50,-11.944482624530792,0,-50,-12.054372131824493,50,0,-12.25708395242691,-50,0,-14.135096073150635,0,0,-14.012650549411774,50,50,-12.579113841056824,-50,50,-13.695878982543945,0,50,-13.712067306041718,50],"normals":[0.00039316140730412673,-0.9999778441255419,0.006645049446110964,-0.003021534176388431,-0.9992907979441973,-0.037533604613337684,-0.006438858398455501,-0.9997299359152398,-0.022329270866625877,-0.04377017225245906,-0.9990391568178238,0.0022215232885866064,-0.01749649856572755,-0.9996930060707983,-0.01754326511999343,0.008783439395520556,-0.9998972698657983,-0.011326999042476485,-0.03913546964310501,-0.9992315007822616,-0.0021961011458661666,-0.016566176764121303,-0.9998597733215958,0.002448567072195635,0.006011555924148776,-0.9999818780230185,-0.00032376060266692844],"colors":[],"uvs":[],"faces":[0,1,3,1,4,3,3,4,6,4,7,6,1,2,4,2,5,4,4,5,7,5,8,7],"heightMap":[{"0":-0.11383712291717529,"1":-0.09722413122653961,"2":-0.10271860659122467,"BYTES_PER_ELEMENT":4,"buffer":{"0":112,"1":35,"2":233,"3":189,"4":114,"5":29,"6":199,"7":189,"8":34,"9":94,"10":210,"11":189,"byteLength":12},"length":3,"byteOffset":0,"byteLength":12},{"0":-0.11285419762134552,"1":-0.20675480365753174,"2":-0.20063252747058868,"BYTES_PER_ELEMENT":4,"buffer":{"0":26,"1":32,"2":231,"3":189,"4":136,"5":183,"6":83,"7":190,"8":157,"9":114,"10":77,"11":190,"byteLength":12},"length":3,"byteOffset":0,"byteLength":12},{"0":-0.1289556920528412,"1":-0.18479394912719727,"2":-0.18560336530208588,"BYTES_PER_ELEMENT":4,"buffer":{"0":246,"1":12,"2":4,"3":190,"4":160,"5":58,"6":61,"7":190,"8":207,"9":14,"10":62,"11":190,"byteLength":12},"length":3,"byteOffset":0,"byteLength":12}],"roughness":0.08572550646029413}