{"vertices":[-50,-12.054372131824493,-50,-50,-16.669082641601562,0,-50,-12.509320378303528,50,0,-14.012650549411774,-50,0,-12.996412813663483,0,0,-13.010737299919128,50,50,-13.712067306041718,-50,50,-13.732717633247375,0,50,-12.592171728610992,50],"normals":[-0.038970190761424654,-0.9950114961037647,-0.09183380016838097,-0.016562810140008745,-0.9996563717197837,0.02031777055445729,0.006011555726527015,-0.9999818451499681,-0.0004129990460412886,0.0732552969120367,-0.9973030566862019,-0.0045027323579783255,0.029292695171933975,-0.999520721361304,0.010013270142295881,-0.014723577103380951,-0.999828923549738,0.011195530833915416,-0.009993313207027532,-0.9965073750232016,0.08290467547439392,-0.000828443068063334,-0.9999996158028179,-0.00028648961504437,0.008368841238323082,-0.9997049222381192,0.022804187098070416],"colors":[],"uvs":[],"faces":[0,1,3,1,4,3,3,4,6,4,7,6,1,2,4,2,5,4,4,5,7,5,8,7],"heightMap":[{"0":-0.10271860659122467,"1":-0.3334541320800781,"2":-0.1254660189151764,"BYTES_PER_ELEMENT":4,"buffer":{"0":34,"1":94,"2":210,"3":189,"4":128,"5":186,"6":170,"7":190,"8":42,"9":122,"10":0,"11":190,"byteLength":12},"length":3,"byteOffset":0,"byteLength":12},{"0":-0.20063252747058868,"1":-0.14982064068317413,"2":-0.15053686499595642,"BYTES_PER_ELEMENT":4,"buffer":{"0":157,"1":114,"2":77,"3":190,"4":149,"5":106,"6":25,"7":190,"8":86,"9":38,"10":26,"11":190,"byteLength":12},"length":3,"byteOffset":0,"byteLength":12},{"0":-0.18560336530208588,"1":-0.18663588166236877,"2":-0.12960858643054962,"BYTES_PER_ELEMENT":4,"buffer":{"0":207,"1":14,"2":62,"3":190,"4":122,"5":29,"6":63,"7":190,"8":29,"9":184,"10":4,"11":190,"byteLength":12},"length":3,"byteOffset":0,"byteLength":12}],"roughness":0.09700730024371296}