{"vertices":[-50,-18.8194078207016,-50,-50,-19.488238096237183,0,-50,-20.576995611190796,50,0,-18.381240367889404,-50,0,-20.81783175468445,0,0,-18.933362364768982,50,50,-17.58892834186554,-50,50,-14.104305505752563,0,50,-16.5597403049469,50],"normals":[0.008762228746090926,-0.9998721595881004,-0.013374895439953361,0.012289128276626347,-0.9987392904860384,-0.04867039105704149,0.015805922495253744,-0.9974556725192042,0.0695151362894169,-0.026578374406314748,-0.9994923726303596,-0.017566646454350205,0.053417715040773354,-0.9985570909615503,-0.00550307279879141,0.1330694207610047,-0.9910545950585646,0.010164589103125286,0.03284713998400474,-0.9992235206823935,-0.021758242345227264,0.04010961566307203,-0.9984863673202128,0.03763233990925663,0.047362090648719615,-0.9976754819229665,-0.04899454193233263],"colors":[],"uvs":[],"faces":[0,1,3,1,4,3,3,4,6,4,7,6,1,2,4,2,5,4,4,5,7,5,8,7],"heightMap":[{"0":-0.44097039103507996,"1":-0.47441190481185913,"2":-0.5288497805595398,"BYTES_PER_ELEMENT":4,"buffer":{"0":223,"1":198,"2":225,"3":190,"4":30,"5":230,"6":242,"7":190,"8":179,"9":98,"10":7,"11":191,"byteLength":12},"length":3,"byteOffset":0,"byteLength":12},{"0":-0.4190620183944702,"1":-0.5408915877342224,"2":-0.4466681182384491,"BYTES_PER_ELEMENT":4,"buffer":{"0":76,"1":143,"2":214,"3":190,"4":223,"5":119,"6":10,"7":191,"8":175,"9":177,"10":228,"11":190,"byteLength":12},"length":3,"byteOffset":0,"byteLength":12},{"0":-0.379446417093277,"1":-0.20521527528762817,"2":-0.32798701524734497,"BYTES_PER_ELEMENT":4,"buffer":{"0":205,"1":70,"2":194,"3":190,"4":244,"5":35,"6":82,"7":190,"8":234,"9":237,"10":167,"11":190,"byteLength":12},"length":3,"byteOffset":0,"byteLength":12}],"roughness":0.20495003075287963}