{"vertices":[-50,-12.509320378303528,-50,-50,-12.856893837451935,0,-50,-13.321216106414795,50,0,-13.010737299919128,-50,0,-10.683839470148087,0,0,-12.264474481344223,50,50,-12.592171728610992,-50,50,-15.110200047492981,0,50,-12.490795701742172,50],"normals":[-0.010027591953529487,-0.9999255630643537,-0.00695095173690392,-0.0008275475952776468,-0.9989185230603689,0.04648762686854533,0.008360423773548026,-0.9986994089622961,-0.05029506787635533,0.043418671015937306,-0.9990240389109019,-0.008111022460736859,-0.0224292869931512,-0.9997206790546757,0.007449225156824978,-0.0881822957333672,-0.9961038441457295,0.0010071729211907567,0.02112920317214682,-0.9997336468474853,-0.009283971905254781,0.008298407239565205,-0.9994662776210907,-0.031595827818355474,-0.004520179573080836,-0.9986203602854457,0.05231581022973869],"colors":[],"uvs":[],"faces":[0,1,3,1,4,3,3,4,6,4,7,6,1,2,4,2,5,4,4,5,7,5,8,7],"heightMap":[{"0":-0.1254660189151764,"1":-0.14284469187259674,"2":-0.16606080532073975,"BYTES_PER_ELEMENT":4,"buffer":{"0":42,"1":122,"2":0,"3":190,"4":225,"5":69,"6":18,"7":190,"8":216,"9":11,"10":42,"11":190,"byteLength":12},"length":3,"byteOffset":0,"byteLength":12},{"0":-0.15053686499595642,"1":-0.03419197350740433,"2":-0.11322372406721115,"BYTES_PER_ELEMENT":4,"buffer":{"0":86,"1":38,"2":26,"3":190,"4":226,"5":12,"6":12,"7":189,"8":215,"9":225,"10":231,"11":189,"byteLength":12},"length":3,"byteOffset":0,"byteLength":12},{"0":-0.12960858643054962,"1":-0.25551000237464905,"2":-0.12453978508710861,"BYTES_PER_ELEMENT":4,"buffer":{"0":29,"1":184,"2":4,"3":190,"4":53,"5":210,"6":130,"7":190,"8":183,"9":14,"10":255,"11":189,"byteLength":12},"length":3,"byteOffset":0,"byteLength":12}],"roughness":0.13007395170396194}