{"vertices":[-50,-13.321216106414795,-50,-50,-12.477511614561081,0,-50,-13.658477067947388,50,0,-12.264474481344223,-50,0,-13.213044106960297,0,0,-15.038196444511414,50,50,-12.490795701742172,-50,50,-12.297150641679764,0,50,-13.279122412204742,50],"normals":[0.02112710756088113,-0.9996344924649962,0.016867922230092498,0.008301058010683161,-0.9997856435182456,-0.01896732587136855,-0.00452634409348981,-0.9999822565314395,0.0038728324825474665,-0.014708974823550106,-0.9998861352522482,-0.003370844102440954,0.0018024223590922546,-0.9996139803857582,-0.02772438441120697,0.018314228129925517,-0.9998012227500706,-0.007880611363894997,-0.02757620258210255,-0.9993409910200994,-0.02360374373095146,0.0037872682869463247,-0.9993272619035724,-0.03647848976083725,0.03515295778848744,-0.9991892650018662,-0.019623513032868696],"colors":[],"uvs":[],"faces":[0,1,3,1,4,3,3,4,6,4,7,6,1,2,4,2,5,4,4,5,7,5,8,7],"heightMap":[{"0":-0.16606080532073975,"1":-0.12387558072805405,"2":-0.18292385339736938,"BYTES_PER_ELEMENT":4,"buffer":{"0":216,"1":11,"2":42,"3":190,"4":123,"5":178,"6":253,"7":189,"8":100,"9":80,"10":59,"11":190,"byteLength":12},"length":3,"byteOffset":0,"byteLength":12},{"0":-0.11322372406721115,"1":-0.16065220534801483,"2":-0.2519098222255707,"BYTES_PER_ELEMENT":4,"buffer":{"0":215,"1":225,"2":231,"3":189,"4":3,"5":130,"6":36,"7":190,"8":83,"9":250,"10":128,"11":190,"byteLength":12},"length":3,"byteOffset":0,"byteLength":12},{"0":-0.12453978508710861,"1":-0.11485753208398819,"2":-0.16395612061023712,"BYTES_PER_ELEMENT":4,"buffer":{"0":183,"1":14,"2":255,"3":189,"4":109,"5":58,"6":235,"7":189,"8":29,"9":228,"10":39,"11":190,"byteLength":12},"length":3,"byteOffset":0,"byteLength":12}],"roughness":0.09655074956128376}