{"vertices":[-50,-13.658477067947388,-50,-50,-13.177850246429443,0,-50,-13.422331511974335,50,0,-15.038196444511414,-50,0,-17.288172841072083,0,0,-11.358361095190048,50,50,-13.279122412204742,-50,50,-16.123453974723816,0,50,-14.152615666389465,50],"normals":[-0.02758261432137457,-0.9995733476638101,0.009608435219234164,0.003785961987742874,-0.9989818967881028,-0.04495371376729275,0.035103045825222466,-0.9977705650964528,-0.056759806209126656,-0.08192985347211618,-0.9966353198031571,0.0023533871114451333,-0.029342768777076582,-0.9989022312268524,0.03651485136914881,0.023287176011546343,-0.9996908560671998,-0.008712045054785731,0.04124379118284111,-0.9991371690079719,-0.00488540639064018,-0.0072349911990638345,-0.993014801628988,0.11776781669068583,-0.05575486563527394,-0.9976697579730808,0.03932491556160015],"colors":[],"uvs":[],"faces":[0,1,3,1,4,3,3,4,6,4,7,6,1,2,4,2,5,4,4,5,7,5,8,7],"heightMap":[{"0":-0.18292385339736938,"1":-0.15889251232147217,"2":-0.17111657559871674,"BYTES_PER_ELEMENT":4,"buffer":{"0":100,"1":80,"2":59,"3":190,"4":184,"5":180,"6":34,"7":190,"8":47,"9":57,"10":47,"11":190,"byteLength":12},"length":3,"byteOffset":0,"byteLength":12},{"0":-0.2519098222255707,"1":-0.3644086420536041,"2":-0.06791805475950241,"BYTES_PER_ELEMENT":4,"buffer":{"0":83,"1":250,"2":128,"3":190,"4":197,"5":147,"6":186,"7":190,"8":159,"9":24,"10":139,"11":189,"byteLength":12},"length":3,"byteOffset":0,"byteLength":12},{"0":-0.16395612061023712,"1":-0.3061726987361908,"2":-0.20763078331947327,"BYTES_PER_ELEMENT":4,"buffer":{"0":29,"1":228,"2":39,"3":190,"4":171,"5":194,"6":156,"7":190,"8":42,"9":157,"10":84,"11":190,"byteLength":12},"length":3,"byteOffset":0,"byteLength":12}],"roughness":0.18900893879006617}