{"vertices":[-50,-13.422331511974335,-50,-50,-12.919593751430511,0,-50,-13.869118094444275,50,0,-11.358361095190048,-50,0,-11.111084148287773,0,0,-12.099202424287796,50,50,-14.152615666389465,-50,50,-12.89877861738205,0,50,-11.515964567661285,50],"normals":[0.04124220222314244,-0.9990986762154941,0.010045692620857517,-0.007285364595885549,-0.9999612327503736,0.004945347213102954,-0.055780545472436785,-0.9981292693831635,0.025029829153026276,0.03614619468639227,-0.9993365427415816,-0.004463961356976474,0.00020787684104119512,-0.9999725455926395,-0.007407080949714806,-0.03571866080874026,-0.9990146925620037,0.026340488136619364,0.03536978716191641,-0.9991941355824413,-0.01897518310264246,0.023517126163586134,-0.9995282697696264,-0.01975304301476098,0.011659506078046607,-0.9995498359353783,0.02764383113055052],"colors":[],"uvs":[],"faces":[0,1,3,1,4,3,3,4,6,4,7,6,1,2,4,2,5,4,4,5,7,5,8,7],"heightMap":[{"0":-0.17111657559871674,"1":-0.14597968757152557,"2":-0.19345590472221375,"BYTES_PER_ELEMENT":4,"buffer":{"0":47,"1":57,"2":47,"3":190,"4":179,"5":123,"6":21,"7":190,"8":78,"9":25,"10":70,"11":190,"byteLength":12},"length":3,"byteOffset":0,"byteLength":12},{"0":-0.06791805475950241,"1":-0.05555420741438866,"2":-0.1049601212143898,"BYTES_PER_ELEMENT":4,"buffer":{"0":159,"1":24,"2":139,"3":189,"4":207,"5":140,"6":99,"7":189,"8":85,"9":245,"10":214,"11":189,"byteLength":12},"length":3,"byteOffset":0,"byteLength":12},{"0":-0.20763078331947327,"1":-0.14493893086910248,"2":-0.07579822838306427,"BYTES_PER_ELEMENT":4,"buffer":{"0":42,"1":157,"2":84,"3":190,"4":223,"5":106,"6":20,"7":190,"8":26,"9":60,"10":155,"11":189,"byteLength":12},"length":3,"byteOffset":0,"byteLength":12}],"roughness":0.13576501255913173}