{"vertices":[-50,-13.869118094444275,-50,-50,-14.270247220993042,0,-50,-15.470228791236877,50,0,-12.099202424287796,-50,0,-12.502574920654297,0,0,-15.217971205711365,50,50,-11.515964567661285,-50,50,-14.097069501876831,0,50,-13.996027112007141,50],"normals":[0.03537501950427312,-0.9993419489061195,-0.008017303261765087,0.023520949439144782,-0.9996908129161927,-0.008064955576013224,0.011648455415614609,-0.9986024812406816,-0.05154995583300421,0.03532685155904176,-0.9992477551487329,-0.015998043291085656,0.0017289823596411324,-0.9995130422704354,-0.031155881488076496,-0.03186391474280338,-0.999185419569523,-0.02476263832752295,0.005043635226939308,-0.9996994176472856,-0.023992417539204752,0.014717351280449483,-0.9984204318920457,-0.05422214263369469,0.024431537113958825,-0.9996994641504678,0.002020240460184234],"colors":[],"uvs":[],"faces":[0,1,3,1,4,3,3,4,6,4,7,6,1,2,4,2,5,4,4,5,7,5,8,7],"heightMap":[{"0":-0.19345590472221375,"1":-0.2135123610496521,"2":-0.27351143956184387,"BYTES_PER_ELEMENT":4,"buffer":{"0":78,"1":25,"2":70,"3":190,"4":252,"5":162,"6":90,"7":190,"8":177,"9":9,"10":140,"11":190,"byteLength":12},"length":3,"byteOffset":0,"byteLength":12},{"0":-0.1049601212143898,"1":-0.12512874603271484,"2":-0.26089856028556824,"BYTES_PER_ELEMENT":4,"buffer":{"0":85,"1":245,"2":214,"3":189,"4":192,"5":33,"6":0,"7":190,"8":127,"9":148,"10":133,"11":190,"byteLength":12},"length":3,"byteOffset":0,"byteLength":12},{"0":-0.07579822838306427,"1":-0.20485347509384155,"2":-0.19980135560035706,"BYTES_PER_ELEMENT":4,"buffer":{"0":26,"1":60,"2":155,"3":189,"4":28,"5":197,"6":81,"7":190,"8":186,"9":152,"10":76,"11":190,"byteLength":12},"length":3,"byteOffset":0,"byteLength":12}],"roughness":0.0874294159787724}