{"vertices":[-50,-15.470228791236877,-50,-50,-13.965947329998016,0,-50,-19.30247724056244,50,0,-15.217971205711365,-50,0,-18.190782070159912,0,0,-18.808903694152832,50,50,-13.996027112007141,-50,50,-14.824702143669128,0,50,-16.967414021492004,50],"normals":[0.005042805842015551,-0.9995350251827282,0.030071640164825927,0.014713057660148484,-0.9981290994703218,-0.05934498062055235,0.02442823421891687,-0.9995643149624251,-0.016566279806993604,-0.08413590398094103,-0.9957301191113213,-0.037982621761326156,-0.008532637539282614,-0.9993202108151387,-0.03586516907823067,0.06714006862961756,-0.9973035414463948,-0.029628658472656895,0.009815248906515804,-0.9943045953247182,-0.10612272426324025,0.023338251121133677,-0.9996512406238518,-0.01235812096561905,0.03677113660053805,-0.998407353200256,-0.042785985892157756],"colors":[],"uvs":[],"faces":[0,1,3,1,4,3,3,4,6,4,7,6,1,2,4,2,5,4,4,5,7,5,8,7],"heightMap":[{"0":-0.27351143956184387,"1":-0.19829736649990082,"2":-0.46512386202812195,"BYTES_PER_ELEMENT":4,"buffer":{"0":177,"1":9,"2":140,"3":190,"4":119,"5":14,"6":75,"7":190,"8":183,"9":36,"10":238,"11":190,"byteLength":12},"length":3,"byteOffset":0,"byteLength":12},{"0":-0.26089856028556824,"1":-0.4095391035079956,"2":-0.4404451847076416,"BYTES_PER_ELEMENT":4,"buffer":{"0":127,"1":148,"2":133,"3":190,"4":28,"5":175,"6":209,"7":190,"8":8,"9":130,"10":225,"11":190,"byteLength":12},"length":3,"byteOffset":0,"byteLength":12},{"0":-0.19980135560035706,"1":-0.24123510718345642,"2":-0.3483707010746002,"BYTES_PER_ELEMENT":4,"buffer":{"0":186,"1":152,"2":76,"3":190,"4":86,"5":6,"6":119,"7":190,"8":165,"9":93,"10":178,"11":190,"byteLength":12},"length":3,"byteOffset":0,"byteLength":12}],"roughness":0.09345818057258842}