{"vertices":[-50,-19.30247724056244,-50,-50,-19.015576243400574,0,-50,-17.694087624549866,50,0,-18.808903694152832,-50,0,-16.355407238006592,0,0,-16.007937788963318,50,50,-16.967414021492004,-50,50,-18.308372497558594,0,50,-17.58799433708191,50],"normals":[0.009870827515267055,-0.9999348209674358,0.005737645944648572,0.023312009133933186,-0.9985268056220649,0.04899763957921524,0.03679162902693159,-0.9989637621418255,-0.02679137848254898,0.05312139111844834,-0.9984589514939642,0.016057396651210414,0.007054098796566211,-0.9995834357507962,0.027985615283608604,-0.039028794479210094,-0.9992188618901253,-0.006198325943523389,0.0336920853751363,-0.9990833751561616,0.026405546191036394,0.0010597761371403233,-0.9999752923216493,0.006949217277597805,-0.031582089396817885,-0.999397440377162,0.014398881793680141],"colors":[],"uvs":[],"faces":[0,1,3,1,4,3,3,4,6,4,7,6,1,2,4,2,5,4,4,5,7,5,8,7],"heightMap":[{"0":-0.46512386202812195,"1":-0.4507788121700287,"2":-0.3847043812274933,"BYTES_PER_ELEMENT":4,"buffer":{"0":183,"1":36,"2":238,"3":190,"4":123,"5":204,"6":230,"7":190,"8":249,"9":247,"10":196,"11":190,"byteLength":12},"length":3,"byteOffset":0,"byteLength":12},{"0":-0.4404451847076416,"1":-0.3177703619003296,"2":-0.3003968894481659,"BYTES_PER_ELEMENT":4,"buffer":{"0":8,"1":130,"2":225,"3":190,"4":204,"5":178,"6":162,"7":190,"8":159,"9":205,"10":153,"11":190,"byteLength":12},"length":3,"byteOffset":0,"byteLength":12},{"0":-0.3483707010746002,"1":-0.4154186248779297,"2":-0.37939971685409546,"BYTES_PER_ELEMENT":4,"buffer":{"0":165,"1":93,"2":178,"3":190,"4":192,"5":177,"6":212,"7":190,"8":174,"9":64,"10":194,"11":190,"byteLength":12},"length":3,"byteOffset":0,"byteLength":12}],"roughness":0.09655914782078287}