{"vertices":[-50,-17.694087624549866,-50,-50,-16.325203776359558,0,-50,-18.8194078207016,50,0,-16.007937788963318,-50,0,-18.620800375938416,0,0,-18.381240367889404,50,50,-17.58799433708191,-50,50,-16.77130877971649,0,50,-17.58892834186554,50],"normals":[0.033691227761240124,-0.9990579440266714,0.027351885659686534,0.001058360638935611,-0.9986368206883118,-0.05218601573504499,-0.031581155541551,-0.999367889052939,0.016323386429686004,-0.04586073038262717,-0.9988847864437643,-0.011223939592109837,-0.004452113178504468,-0.9997090390296713,-0.023706876019769535,0.03696455223593334,-0.9993165773622121,-0.000009331175728230853,0.008752130685261232,-0.9987198534589158,-0.04982022195323836,0.01230356791553251,-0.9999128315105276,0.004790782519299433,0.01584213394751584,-0.9997408487548738,-0.016348153500429542],"colors":[],"uvs":[],"faces":[0,1,3,1,4,3,3,4,6,4,7,6,1,2,4,2,5,4,4,5,7,5,8,7],"heightMap":[{"0":-0.3847043812274933,"1":-0.3162601888179779,"2":-0.44097039103507996,"BYTES_PER_ELEMENT":4,"buffer":{"0":249,"1":247,"2":196,"3":190,"4":219,"5":236,"6":161,"7":190,"8":223,"9":198,"10":225,"11":190,"byteLength":12},"length":3,"byteOffset":0,"byteLength":12},{"0":-0.3003968894481659,"1":-0.4310400187969208,"2":-0.4190620183944702,"BYTES_PER_ELEMENT":4,"buffer":{"0":159,"1":205,"2":153,"3":190,"4":71,"5":177,"6":220,"7":190,"8":76,"9":143,"10":214,"11":190,"byteLength":12},"length":3,"byteOffset":0,"byteLength":12},{"0":-0.37939971685409546,"1":-0.3385654389858246,"2":-0.379446417093277,"BYTES_PER_ELEMENT":4,"buffer":{"0":174,"1":64,"2":194,"3":190,"4":115,"5":88,"6":173,"7":190,"8":205,"9":70,"10":194,"11":190,"byteLength":12},"length":3,"byteOffset":0,"byteLength":12}],"roughness":0.04745683690634919}