{"vertices":[-50,-2.8033506870269775,-50,-50,-4.35045599937439,0,-50,-5.4425546526908875,50,0,-1.4906960725784302,-50,0,-6.021129488945007,0,0,-4.848000407218933,50,50,-5.386042892932892,-50,50,-5.352240800857544,0,50,-1.9741499423980713,50],"normals":[0.02623150426596349,-0.9991776959921583,-0.03091666242897031,-0.025644149425697604,-0.9955926154756557,-0.0902093210847742,-0.07767156188244993,-0.9969787731940916,0.0006739993657734815,-0.033383222089110896,-0.9990947452482403,-0.02636760323394904,-0.010006289469424204,-0.9993905015224368,-0.03344397760115276,0.013368816513092878,-0.9993304380223561,0.034058044381395876,0.011887409476423682,-0.9996909085215188,-0.021835221898581933,0.03463573733840378,-0.9991250351503664,0.02344205270030962,0.0572522145115956,-0.9960889616983666,0.0672975803145128],"colors":[],"uvs":[],"faces":[0,1,3,1,4,3,3,4,6,4,7,6,1,2,4,2,5,4,4,5,7,5,8,7],"heightMap":[{"0":0.3598324656486511,"1":0.2824772000312805,"2":0.22787226736545563,"BYTES_PER_ELEMENT":4,"buffer":{"0":246,"1":59,"2":184,"3":62,"4":218,"5":160,"6":144,"7":62,"8":89,"9":87,"10":105,"11":62,"byteLength":12},"length":3,"byteOffset":0,"byteLength":12},{"0":0.4254651963710785,"1":0.19894352555274963,"2":0.25759997963905334,"BYTES_PER_ELEMENT":4,"buffer":{"0":147,"1":214,"2":217,"3":62,"4":218,"5":183,"6":75,"7":62,"8":37,"9":228,"10":131,"11":62,"byteLength":12},"length":3,"byteOffset":0,"byteLength":12},{"0":0.2306978553533554,"1":0.2323879599571228,"2":0.40129250288009644,"BYTES_PER_ELEMENT":4,"buffer":{"0":15,"1":60,"2":108,"3":62,"4":28,"5":247,"6":109,"7":62,"8":54,"9":118,"10":205,"11":62,"byteLength":12},"length":3,"byteOffset":0,"byteLength":12}],"roughness":0.12927847931009145}