{"vertices":[-50,-11.1575448513031,-50,-50,-6.113696396350861,0,-50,-6.758300960063934,50,0,-10.283637046813965,-50,0,-9.329805970191956,0,0,-8.182298243045807,50,50,-10.690764412283897,-50,50,-9.573821350932121,0,50,-8.8204625248909,50],"normals":[0.01738726999881701,-0.9948000183486837,0.10035241071068937,0.004666139025343076,-0.9998072063982658,0.019072943681866027,-0.008140246688776736,-0.9997174568922355,0.022332549535760516,-0.06412816736616851,-0.9969835587656664,0.0437191228320493,-0.0345425058012317,-0.9991826547924251,0.020996134285462945,-0.004879396201699307,-0.9998132467918124,0.01869927892516722,-0.02846603893707226,-0.999511701225438,-0.012885796081890711,-0.020610536148592082,-0.9995243854496346,0.022939239115489223,-0.012760798026094235,-0.9998050963616744,0.015064239873301228],"colors":[],"uvs":[],"faces":[0,1,3,1,4,3,3,4,6,4,7,6,1,2,4,2,5,4,4,5,7,5,8,7],"heightMap":[{"0":-0.05787724256515503,"1":0.19431518018245697,"2":0.16208495199680328,"BYTES_PER_ELEMENT":4,"buffer":{"0":176,"1":16,"2":109,"3":189,"4":143,"5":250,"6":70,"7":62,"8":153,"9":249,"10":37,"11":62,"byteLength":12},"length":3,"byteOffset":0,"byteLength":12},{"0":-0.014181852340698242,"1":0.03350970149040222,"2":0.09088508784770966,"BYTES_PER_ELEMENT":4,"buffer":{"0":0,"1":91,"2":104,"3":188,"4":120,"5":65,"6":9,"7":61,"8":246,"9":33,"10":186,"11":61,"byteLength":12},"length":3,"byteOffset":0,"byteLength":12},{"0":-0.03453822061419487,"1":0.021308932453393936,"2":0.05897687375545502,"BYTES_PER_ELEMENT":4,"buffer":{"0":243,"1":119,"2":13,"3":189,"4":18,"5":144,"6":174,"7":60,"8":188,"9":145,"10":113,"11":61,"byteLength":12},"length":3,"byteOffset":0,"byteLength":12}],"roughness":0.02}