{"vertices":[-50,-5.4425546526908875,-50,-50,-8.862094581127167,0,-50,-8.497470021247864,50,0,-4.848000407218933,-50,0,-5.364346504211426,0,0,-7.503597587347031,50,50,-1.9741499423980713,-50,50,-4.613139629364014,0,50,-5.326395034790039,50],"normals":[0.011862538255571077,-0.997599323015064,-0.06822661435262026,0.03464340498527373,-0.9993464506989895,-0.010320172787234476,0.057302806718062226,-0.996969178102907,-0.05261982758472966,0.06975212793847504,-0.997100511595183,-0.030417271815186147,0.04240447889683604,-0.9987486038298735,-0.026515778649060025,0.015014016599975208,-0.9993263575379892,-0.03348746684045639,0.019872994711009607,-0.9997759286375628,0.007290857159147857,0.03166146090029406,-0.9985850841673151,-0.04272448445815975,0.043498410848354464,-0.9989518613522714,-0.01425015629739794],"colors":[],"uvs":[],"faces":[0,1,3,1,4,3,3,4,6,4,7,6,1,2,4,2,5,4,4,5,7,5,8,7],"heightMap":[{"0":0.22787226736545563,"1":0.05689527094364166,"2":0.07512649893760681,"BYTES_PER_ELEMENT":4,"buffer":{"0":89,"1":87,"2":105,"3":62,"4":4,"5":11,"6":105,"7":61,"8":236,"9":219,"10":153,"11":61,"byteLength":12},"length":3,"byteOffset":0,"byteLength":12},{"0":0.25759997963905334,"1":0.2317826747894287,"2":0.12482012063264847,"BYTES_PER_ELEMENT":4,"buffer":{"0":37,"1":228,"2":131,"3":62,"4":112,"5":88,"6":109,"7":62,"8":177,"9":161,"10":255,"11":61,"byteLength":12},"length":3,"byteOffset":0,"byteLength":12},{"0":0.40129250288009644,"1":0.2693430185317993,"2":0.23368024826049805,"BYTES_PER_ELEMENT":4,"buffer":{"0":54,"1":118,"2":205,"3":62,"4":84,"5":231,"6":137,"7":62,"8":224,"9":73,"10":111,"11":62,"byteLength":12},"length":3,"byteOffset":0,"byteLength":12}],"roughness":0.0889263064303455}