{"vertices":[-50,-7.028866410255432,-50,-50,-11.098749861121178,0,-50,-10.930996760725975,50,0,-8.407614678144455,-50,0,-8.404413014650345,0,0,-10.088304802775383,50,50,-8.465636968612671,-50,50,-8.169764131307602,0,50,-9.386342316865921,50],"normals":[-0.02747369222812956,-0.9963273524250387,-0.08109872406559096,-0.014363718360038616,-0.9998968344261621,0.00006402666385317003,-0.001160424711335525,-0.9999818190314242,0.005917349161006231,0.053768013473392606,-0.9977967963400797,-0.03886584542498386,0.02925551384485602,-0.9994309003960605,-0.01679256511654005,0.00469272718724009,-0.9999466267192066,-0.009204456769735737,0.0168513511704469,-0.9998523785268468,0.003354566728707926,0.015435922371948657,-0.9993143101946139,-0.03365474321385095,0.014033713629321437,-0.9996056706035628,-0.024321969060333785],"colors":[],"uvs":[],"faces":[0,1,3,1,4,3,3,4,6,4,7,6,1,2,4,2,5,4,4,5,7,5,8,7],"heightMap":[{"0":0.1485566794872284,"1":-0.054937493056058884,"2":-0.04654983803629875,"BYTES_PER_ELEMENT":4,"buffer":{"0":62,"1":31,"2":24,"3":62,"4":35,"5":6,"6":97,"7":189,"8":11,"9":171,"10":62,"11":189,"byteLength":12},"length":3,"byteOffset":0,"byteLength":12},{"0":0.07961926609277725,"1":0.07977934926748276,"2":-0.00441524013876915,"BYTES_PER_ELEMENT":4,"buffer":{"0":109,"1":15,"2":163,"3":61,"4":91,"5":99,"6":163,"7":61,"8":184,"9":173,"10":144,"11":187,"byteLength":12},"length":3,"byteOffset":0,"byteLength":12},{"0":0.07671815156936646,"1":0.0915117934346199,"2":0.03068288415670395,"BYTES_PER_ELEMENT":4,"buffer":{"0":104,"1":30,"2":157,"3":61,"4":137,"5":106,"6":187,"7":61,"8":172,"9":90,"10":251,"11":60,"byteLength":12},"length":3,"byteOffset":0,"byteLength":12}],"roughness":0.041955375995463826}