{"vertices":[-50,-4.4882142543792725,-50,-50,-5.474458038806915,0,-50,-2.8033506870269775,50,0,-5.673710405826569,-50,0,-7.1110644936561584,0,0,-1.4906960725784302,50,50,-6.171717047691345,-50,50,-5.434613525867462,0,50,-5.386042892932892,50],"normals":[-0.023698654258789836,-0.999524723461045,-0.019715500917904288,-0.01682489972764444,-0.999445568374951,-0.028731143465338074,-0.009958556856622548,-0.9998417711190474,0.014739737815169572,-0.032709983562471366,-0.9993234312852709,0.016814775037903993,0.00039766679431483875,-0.9991347913349422,0.0415873851690876,0.03350915569308612,-0.9994075680389867,0.007851715171516635,0.0262067061868646,-0.998233118537208,0.05332775643429901,-0.025588388414287615,-0.9934161512362131,0.11166729530793179,-0.07767154309859514,-0.9969785320877709,0.000968477566513637],"colors":[],"uvs":[],"faces":[0,1,3,1,4,3,3,4,6,4,7,6,1,2,4,2,5,4,4,5,7,5,8,7],"heightMap":[{"0":0.2755892872810364,"1":0.22627709805965424,"2":0.3598324656486511,"BYTES_PER_ELEMENT":4,"buffer":{"0":10,"1":26,"2":141,"3":62,"4":47,"5":181,"6":103,"7":62,"8":246,"9":59,"10":184,"11":62,"byteLength":12},"length":3,"byteOffset":0,"byteLength":12},{"0":0.21631447970867157,"1":0.14444677531719208,"2":0.4254651963710785,"BYTES_PER_ELEMENT":4,"buffer":{"0":139,"1":129,"2":93,"3":62,"4":219,"5":233,"6":19,"7":62,"8":147,"9":214,"10":217,"11":62,"byteLength":12},"length":3,"byteOffset":0,"byteLength":12},{"0":0.19141414761543274,"1":0.2282693237066269,"2":0.2306978553533554,"BYTES_PER_ELEMENT":4,"buffer":{"0":18,"1":2,"2":68,"3":62,"4":111,"5":191,"6":105,"7":62,"8":15,"9":60,"10":108,"11":62,"byteLength":12},"length":3,"byteOffset":0,"byteLength":12}],"roughness":0.14358457717498407}