{"vertices":[-50,-6.705323755741119,-50,-50,-6.080475449562073,0,-50,-4.4882142543792725,50,0,-10.46421930193901,-50,0,-5.3098443150520325,0,0,-5.673710405826569,50,50,-4.114130139350891,-50,50,-5.539086163043976,0,50,-6.171717047691345,50],"normals":[-0.07496054468607535,-0.9971086422166966,0.01246083292331184,0.025509181166800083,-0.9944047656030013,0.10251070101330638,0.12593945252392746,-0.9916353085709907,-0.02826073412509968,0.015407007747612741,-0.9996356919454316,0.022160945400490302,0.0054071120522350335,-0.9988468364727947,0.04770493064185988,-0.004583818699709816,-0.999777907014367,-0.020570008558575083,-0.02369125836783548,-0.9992127911555151,0.031820155061744446,-0.01683140215462693,-0.9998318670134767,-0.007276098257639993,-0.009958841792093949,-0.9998703787165618,-0.012650977644403176],"colors":[],"uvs":[],"faces":[0,1,3,1,4,3,3,4,6,4,7,6,1,2,4,2,5,4,4,5,7,5,8,7],"heightMap":[{"0":0.16473381221294403,"1":0.19597622752189636,"2":0.2755892872810364,"BYTES_PER_ELEMENT":4,"buffer":{"0":251,"1":175,"2":40,"3":62,"4":254,"5":173,"6":72,"7":62,"8":10,"9":26,"10":141,"11":62,"byteLength":12},"length":3,"byteOffset":0,"byteLength":12},{"0":-0.02321096509695053,"1":0.23450778424739838,"2":0.21631447970867157,"BYTES_PER_ELEMENT":4,"buffer":{"0":236,"1":36,"2":190,"3":188,"4":207,"5":34,"6":112,"7":62,"8":139,"9":129,"10":93,"11":62,"byteLength":12},"length":3,"byteOffset":0,"byteLength":12},{"0":0.29429349303245544,"1":0.2230456918478012,"2":0.19141414761543274,"BYTES_PER_ELEMENT":4,"buffer":{"0":163,"1":173,"2":150,"3":62,"4":23,"5":102,"6":100,"7":62,"8":18,"9":2,"10":68,"11":62,"byteLength":12},"length":3,"byteOffset":0,"byteLength":12}],"roughness":0.02}