{"vertices":[-50,-6.758300960063934,-50,-50,-7.761808931827545,0,-50,-6.705323755741119,50,0,-8.182298243045807,-50,0,-5.109357833862305,0,0,-10.46421930193901,50,50,-8.8204625248909,-50,50,-5.502648055553436,0,50,-4.114130139350891,50],"normals":[-0.028462675213788292,-0.9993935927387095,-0.02005798874485541,-0.02057715637582357,-0.9979054074849515,0.06133007702406473,-0.01273424609126578,-0.9977247594026953,0.06620531286325004,0.05297452648877093,-0.9985957239590387,0.000528804324932164,0.02255930481096359,-0.999488964869049,-0.022647005794213988,-0.00785687160116436,-0.9988643459504457,0.04699242447066457,-0.07494972969684946,-0.9969647836139106,0.021065570299366156,0.025498770666329502,-0.993990660917571,-0.10645364579551199,0.12594199178646134,-0.9916553024834291,0.027538623083909915],"colors":[],"uvs":[],"faces":[0,1,3,1,4,3,3,4,6,4,7,6,1,2,4,2,5,4,4,5,7,5,8,7],"heightMap":[{"0":0.16208495199680328,"1":0.11190955340862274,"2":0.16473381221294403,"BYTES_PER_ELEMENT":4,"buffer":{"0":153,"1":249,"2":37,"3":62,"4":214,"5":48,"6":229,"7":61,"8":251,"9":175,"10":40,"11":62,"byteLength":12},"length":3,"byteOffset":0,"byteLength":12},{"0":0.09088508784770966,"1":0.24453210830688477,"2":-0.02321096509695053,"BYTES_PER_ELEMENT":4,"buffer":{"0":246,"1":33,"2":186,"3":61,"4":160,"5":102,"6":122,"7":62,"8":236,"9":36,"10":190,"11":188,"byteLength":12},"length":3,"byteOffset":0,"byteLength":12},{"0":0.05897687375545502,"1":0.22486759722232819,"2":0.29429349303245544,"BYTES_PER_ELEMENT":4,"buffer":{"0":188,"1":145,"2":113,"3":61,"4":177,"5":67,"6":102,"7":62,"8":163,"9":173,"10":150,"11":62,"byteLength":12},"length":3,"byteOffset":0,"byteLength":12}],"roughness":0.255848540950674}