{"vertices":[-50,-10.930996760725975,-50,-50,-11.391945630311966,0,-50,-11.1575448513031,50,0,-10.088304802775383,-50,0,-12.508229613304138,0,0,-10.283637046813965,50,50,-9.386342316865921,-50,50,-10.595732927322388,0,50,-10.690764412283897,50],"normals":[0.016850730136979717,-0.9998155303368691,-0.009217276770065957,0.015426618632554704,-0.9987119881283678,-0.04833615837288673,0.014033762531691085,-0.9996091538644658,-0.024178358496200366,-0.022320060534375036,-0.9997483111128519,-0.0022648012588565836,0.00795457905076563,-0.9999664623627658,-0.0019490566488385304,0.0382187376619622,-0.9991844153796064,-0.013031966622129064,0.017475295063949615,-0.9998363084859523,0.004687248191809108,0.004662376944979615,-0.9990008464105435,0.044447397136845736,-0.008142262687454473,-0.9999650450978835,-0.001900563262905098],"colors":[],"uvs":[],"faces":[0,1,3,1,4,3,3,4,6,4,7,6,1,2,4,2,5,4,4,5,7,5,8,7],"heightMap":[{"0":-0.04654983803629875,"1":-0.0695972815155983,"2":-0.05787724256515503,"BYTES_PER_ELEMENT":4,"buffer":{"0":11,"1":171,"2":62,"3":189,"4":5,"5":137,"6":142,"7":189,"8":176,"9":16,"10":109,"11":189,"byteLength":12},"length":3,"byteOffset":0,"byteLength":12},{"0":-0.00441524013876915,"1":-0.1254114806652069,"2":-0.014181852340698242,"BYTES_PER_ELEMENT":4,"buffer":{"0":184,"1":173,"2":144,"3":187,"4":222,"5":107,"6":0,"7":190,"8":0,"9":91,"10":104,"11":188,"byteLength":12},"length":3,"byteOffset":0,"byteLength":12},{"0":0.03068288415670395,"1":-0.029786646366119385,"2":-0.03453822061419487,"BYTES_PER_ELEMENT":4,"buffer":{"0":172,"1":90,"2":251,"3":60,"4":32,"5":3,"6":244,"7":188,"8":243,"9":119,"10":13,"11":189,"byteLength":12},"length":3,"byteOffset":0,"byteLength":12}],"roughness":0.192837583450158}