{"vertices":[-50,-9.64361809194088,-50,-50,-9.383785724639893,0,-50,-9.137869477272034,50,0,-7.255067229270935,-50,0,-7.7244482934474945,0,0,-10.754287764430046,50,50,-9.222050085663795,-50,50,-11.283323466777802,0,50,-9.900550125166774,50],"normals":[0.04771595914865303,-0.9988474579795148,0.005190657991587814,0.004207475982613289,-0.9999470881192777,-0.00938712456683357,-0.039275941416068105,-0.998380369417506,-0.04115869759414146,0.03316806470257105,-0.9994370065748626,0.00505463871746302,-0.018928944367578547,-0.9992100724349265,-0.034941754531191534,-0.07099626250886643,-0.9974536763877262,-0.006759746325233566,-0.03231109501945119,-0.9994657718287936,0.0049156974396151526,-0.007607996996202969,-0.9981401671591846,-0.06048408952064039,0.017065741278647933,-0.9994722320884616,0.027640871164247894],"colors":[],"uvs":[],"faces":[0,1,3,1,4,3,3,4,6,4,7,6,1,2,4,2,5,4,4,5,7,5,8,7],"heightMap":[{"0":0.01781909540295601,"1":0.03081071376800537,"2":0.043106526136398315,"BYTES_PER_ELEMENT":4,"buffer":{"0":90,"1":249,"2":145,"3":60,"4":192,"5":102,"6":252,"7":60,"8":120,"9":144,"10":48,"11":61,"byteLength":12},"length":3,"byteOffset":0,"byteLength":12},{"0":0.13724663853645325,"1":0.11377758532762527,"2":-0.037714388221502304,"BYTES_PER_ELEMENT":4,"buffer":{"0":98,"1":138,"2":12,"3":62,"4":57,"5":4,"6":233,"7":61,"8":103,"9":122,"10":26,"11":189,"byteLength":12},"length":3,"byteOffset":0,"byteLength":12},{"0":0.038897495716810226,"1":-0.06416617333889008,"2":0.00497249374166131,"BYTES_PER_ELEMENT":4,"buffer":{"0":251,"1":82,"2":31,"3":61,"4":142,"5":105,"6":131,"7":189,"8":77,"9":240,"10":162,"11":59,"byteLength":12},"length":3,"byteOffset":0,"byteLength":12}],"roughness":0.16862970620393752}