{"vertices":[-50,-9.137869477272034,-50,-50,-8.219291120767593,0,-50,-7.028866410255432,50,0,-10.754287764430046,-50,0,-8.236982375383377,0,0,-8.407614678144455,50,50,-9.900550125166774,-50,50,-10.783411040902138,0,50,-8.465636968612671,50],"normals":[-0.032306039683337076,-0.9993093972024273,0.018358879674432973,-0.007612305400554546,-0.9987061015944102,0.05028096503234797,0.017069604306105306,-0.9996984741609507,-0.017651894207139657,-0.0003537464087601986,-0.9997776201937508,0.021085184922082525,-0.02560940033441659,-0.9993972819856086,0.023435685914635126,-0.050857443048139675,-0.9986033329109368,0.014314467708368054,-0.027556684487210076,-0.9993370482851678,0.023792710328178972,-0.01436363479558048,-0.9998910152515267,-0.003412274128849601,-0.0011592002355427806,-0.9989266419754483,0.046305725417797546],"colors":[],"uvs":[],"faces":[0,1,3,1,4,3,3,4,6,4,7,6,1,2,4,2,5,4,4,5,7,5,8,7],"heightMap":[{"0":0.043106526136398315,"1":0.08903544396162033,"2":0.1485566794872284,"BYTES_PER_ELEMENT":4,"buffer":{"0":120,"1":144,"2":48,"3":61,"4":55,"5":88,"6":182,"7":61,"8":62,"9":31,"10":24,"11":62,"byteLength":12},"length":3,"byteOffset":0,"byteLength":12},{"0":-0.037714388221502304,"1":0.08815088123083115,"2":0.07961926609277725,"BYTES_PER_ELEMENT":4,"buffer":{"0":103,"1":122,"2":26,"3":189,"4":115,"5":136,"6":180,"7":61,"8":109,"9":15,"10":163,"11":61,"byteLength":12},"length":3,"byteOffset":0,"byteLength":12},{"0":0.00497249374166131,"1":-0.03917055204510689,"2":0.07671815156936646,"BYTES_PER_ELEMENT":4,"buffer":{"0":77,"1":240,"2":162,"3":59,"4":77,"5":113,"6":32,"7":189,"8":104,"9":30,"10":157,"11":61,"byteLength":12},"length":3,"byteOffset":0,"byteLength":12}],"roughness":0.12101143061183395}