{"vertices":[-50,-8.497470021247864,-50,-50,-9.161211550235748,0,-50,-9.159336760640144,50,0,-7.503597587347031,-50,0,-7.941570580005646,0,0,-10.598357990384102,50,50,-5.326395034790039,-50,50,-6.358494758605957,0,50,-10.516750924289227,50],"normals":[0.019871772777972804,-0.9997144553038069,-0.01327104002229278,0.0316891754205467,-0.9994594293695866,-0.008754724746437393,0.04349358045330137,-0.9988409301243197,-0.020618068962346903,0.024385031916274176,-0.9996807466902985,-0.00661626141937841,0.02800241465301683,-0.999129979248913,-0.03090549044534628,0.03160324332531369,-0.9981594974197583,-0.051757634432579885,-0.02876851237681749,-0.9995860999888174,0.00003748027240338714,-0.013550650971061458,-0.9984995935317328,-0.05305602298726227,0.0016265239795365224,-0.9965582990359844,-0.08287889382858427],"colors":[],"uvs":[],"faces":[0,1,3,1,4,3,3,4,6,4,7,6,1,2,4,2,5,4,4,5,7,5,8,7],"heightMap":[{"0":0.07512649893760681,"1":0.041939422488212585,"2":0.04203316196799278,"BYTES_PER_ELEMENT":4,"buffer":{"0":236,"1":219,"2":153,"3":61,"4":172,"5":200,"6":43,"7":61,"8":247,"9":42,"10":44,"11":61,"byteLength":12},"length":3,"byteOffset":0,"byteLength":12},{"0":0.12482012063264847,"1":0.10292147099971771,"2":-0.029917899519205093,"BYTES_PER_ELEMENT":4,"buffer":{"0":177,"1":161,"2":255,"3":61,"4":126,"5":200,"6":210,"7":61,"8":98,"9":22,"10":245,"11":188,"byteLength":12},"length":3,"byteOffset":0,"byteLength":12},{"0":0.23368024826049805,"1":0.18207526206970215,"2":-0.025837546214461327,"BYTES_PER_ELEMENT":4,"buffer":{"0":224,"1":73,"2":111,"3":62,"4":240,"5":113,"6":58,"7":62,"8":67,"9":169,"10":211,"11":188,"byteLength":12},"length":3,"byteOffset":0,"byteLength":12}],"roughness":0.1716494889705898}