{"vertices":[-50,-9.159336760640144,-50,-50,-10.758108869194984,0,-50,-11.093837693333626,50,0,-10.598357990384102,-50,0,-9.997021451126784,0,0,-11.229778602719307,50,50,-10.516750924289227,-50,50,-10.855905711650848,0,50,-10.667604580521584,50],"normals":[-0.028753828938885246,-0.9990759116181129,-0.031945894036480786,-0.013568774009654979,-0.9998356333234587,0.012024753991377545,0.0016321016017012042,-0.999975663751803,-0.006782930672130788,0.015217139698543844,-0.9996972317035631,-0.019336069497898702,-0.0009776919956471393,-0.9999796014651375,-0.006311954688242007,-0.01717513190106138,-0.9998513589352337,-0.0015082703827642016,-0.002718746852117364,-0.9999737622778229,-0.006714400307580535,0.004260790029727194,-0.9996871260089956,-0.024647429078851295,0.011242690117482263,-0.9999297080226941,0.003765757901408577],"colors":[],"uvs":[],"faces":[0,1,3,1,4,3,3,4,6,4,7,6,1,2,4,2,5,4,4,5,7,5,8,7],"heightMap":[{"0":0.04203316196799278,"1":-0.03790544345974922,"2":-0.05469188466668129,"BYTES_PER_ELEMENT":4,"buffer":{"0":247,"1":42,"2":44,"3":61,"4":189,"5":66,"6":27,"7":189,"8":153,"9":4,"10":96,"11":189,"byteLength":12},"length":3,"byteOffset":0,"byteLength":12},{"0":-0.029917899519205093,"1":0.0001489274436607957,"2":-0.06148893013596535,"BYTES_PER_ELEMENT":4,"buffer":{"0":98,"1":22,"2":245,"3":188,"4":104,"5":41,"6":28,"7":57,"8":209,"9":219,"10":123,"11":189,"byteLength":12},"length":3,"byteOffset":0,"byteLength":12},{"0":-0.025837546214461327,"1":-0.04279528558254242,"2":-0.03338022902607918,"BYTES_PER_ELEMENT":4,"buffer":{"0":67,"1":169,"2":211,"3":188,"4":28,"5":74,"6":47,"7":189,"8":181,"9":185,"10":8,"11":189,"byteLength":12},"length":3,"byteOffset":0,"byteLength":12}],"roughness":0.02}