{"vertices":[-50,-13.720823526382446,-50,-50,-10.72652854025364,0,-50,-13.329696357250214,50,0,-12.953490018844604,-50,0,-12.53330796957016,0,0,-14.897426068782806,50,50,-12.494071125984192,-50,50,-12.139995098114014,0,50,-13.63485962152481,50],"normals":[0.015317427675514278,-0.9980945394046202,0.05977178950043591,0.01226605171936945,-0.9998894630933141,0.008402712073009458,0.009187759660206157,-0.9999327196800455,0.007081044110434698,-0.03611174494801319,-0.9993401618944091,0.003896498641828826,-0.0141237629474434,-0.9997116747983699,-0.01941871756946621,0.007865502656586225,-0.9999040493470368,-0.011402892938098068,-0.031296846868113404,-0.9981582487684689,-0.05196746858927478,-0.0030457786853301675,-0.9988794266708966,-0.047229378630476354,0.025232015204042994,-0.9992351396174489,-0.029874423215191185],"colors":[],"uvs":[],"faces":[0,1,3,1,4,3,3,4,6,4,7,6,1,2,4,2,5,4,4,5,7,5,8,7],"heightMap":[{"0":-0.18604117631912231,"1":-0.03632642701268196,"2":-0.16648481786251068,"BYTES_PER_ELEMENT":4,"buffer":{"0":148,"1":129,"2":62,"3":190,"4":5,"5":203,"6":20,"7":189,"8":255,"9":122,"10":42,"11":190,"byteLength":12},"length":3,"byteOffset":0,"byteLength":12},{"0":-0.14767450094223022,"1":-0.126665398478508,"2":-0.24487130343914032,"BYTES_PER_ELEMENT":4,"buffer":{"0":252,"1":55,"2":23,"3":190,"4":147,"5":180,"6":1,"7":190,"8":139,"9":191,"10":122,"11":190,"byteLength":12},"length":3,"byteOffset":0,"byteLength":12},{"0":-0.1247035562992096,"1":-0.10699975490570068,"2":-0.18174298107624054,"BYTES_PER_ELEMENT":4,"buffer":{"0":148,"1":100,"2":255,"3":189,"4":176,"5":34,"6":219,"7":189,"8":213,"9":26,"10":58,"11":190,"byteLength":12},"length":3,"byteOffset":0,"byteLength":12}],"roughness":0.09100790837899383}