{"vertices":[-50,-11.093837693333626,-50,-50,-11.302034854888916,0,-50,-11.647922992706299,50,0,-11.229778602719307,-50,0,-12.665816247463226,0,0,-7.813609689474106,50,50,-10.667604580521584,-50,50,-6.47808313369751,0,50,-8.150458037853241,50],"normals":[-0.0027187845696125313,-0.9999876350315576,-0.004163891744079155,0.004260328131510969,-0.9995787426640642,-0.02870865406702782,0.011203514558385053,-0.9964454169001641,0.08349258889385586,-0.027265069305573115,-0.9996128944869545,-0.005538697606405319,0.04788524679385605,-0.9982750452065551,0.03396965200501697,0.12277969942334176,-0.9921218091177558,0.024888979135854084,0.07645994929382421,-0.9970487965781397,-0.006897347031229506,0.03473032510207827,-0.9947237594491317,0.09653210297973339,-0.006733049062708674,-0.9994184467739147,-0.033428046582699905],"colors":[],"uvs":[],"faces":[0,1,3,1,4,3,3,4,6,4,7,6,1,2,4,2,5,4,4,5,7,5,8,7],"heightMap":[{"0":-0.05469188466668129,"1":-0.0651017427444458,"2":-0.08239614963531494,"BYTES_PER_ELEMENT":4,"buffer":{"0":153,"1":4,"2":96,"3":189,"4":16,"5":84,"6":133,"7":189,"8":80,"9":191,"10":168,"11":189,"byteLength":12},"length":3,"byteOffset":0,"byteLength":12},{"0":-0.06148893013596535,"1":-0.13329081237316132,"2":0.10931951552629471,"BYTES_PER_ELEMENT":4,"buffer":{"0":209,"1":219,"2":123,"3":189,"4":99,"5":125,"6":8,"7":190,"8":233,"9":226,"10":223,"11":61,"byteLength":12},"length":3,"byteOffset":0,"byteLength":12},{"0":-0.03338022902607918,"1":0.1760958433151245,"2":0.09247709810733795,"BYTES_PER_ELEMENT":4,"buffer":{"0":181,"1":185,"2":8,"3":189,"4":120,"5":82,"6":52,"7":62,"8":162,"9":100,"10":189,"11":61,"byteLength":12},"length":3,"byteOffset":0,"byteLength":12}],"roughness":0.19050777160562576}