{"vertices":[-50,-11.647922992706299,-50,-50,-11.426236480474472,0,-50,-10.773336291313171,50,0,-7.813609689474106,-50,0,-9.992291545495391,0,0,-10.498536117374897,50,50,-8.150458037853241,-50,50,-8.768504112958908,0,50,-9.901283532381058,50],"normals":[0.07646102095187073,-0.9970627711540518,0.004420707364266836,0.034859794742693295,-0.9984448076060031,-0.04350587173139723,-0.006736299503749423,-0.9999009251735252,-0.012359696845960453,0.02866601669857822,-0.9995508195367492,0.008741776138167694,0.02655826620351726,-0.9992873483462065,-0.026822638413670843,0.024464673736269902,-0.9995475147821711,-0.017499869478463267,0.005495451989698283,-0.9998996563467735,0.01305669349542256,0.00871965848033004,-0.9999107322310509,-0.010123987611120636,0.011941135888503011,-0.999672181295472,-0.022648161462807178],"colors":[],"uvs":[],"faces":[0,1,3,1,4,3,3,4,6,4,7,6,1,2,4,2,5,4,4,5,7,5,8,7],"heightMap":[{"0":-0.08239614963531494,"1":-0.0713118240237236,"2":-0.03866681456565857,"BYTES_PER_ELEMENT":4,"buffer":{"0":80,"1":191,"2":168,"3":189,"4":239,"5":11,"6":146,"7":189,"8":24,"9":97,"10":30,"11":189,"byteLength":12},"length":3,"byteOffset":0,"byteLength":12},{"0":0.10931951552629471,"1":0.0003854227252304554,"2":-0.02492680586874485,"BYTES_PER_ELEMENT":4,"buffer":{"0":233,"1":226,"2":223,"3":61,"4":144,"5":18,"6":202,"7":57,"8":77,"9":51,"10":204,"11":188,"byteLength":12},"length":3,"byteOffset":0,"byteLength":12},{"0":0.09247709810733795,"1":0.061574794352054596,"2":0.004935823380947113,"BYTES_PER_ELEMENT":4,"buffer":{"0":162,"1":100,"2":189,"3":61,"4":218,"5":53,"6":124,"7":61,"8":176,"9":188,"10":161,"11":59,"byteLength":12},"length":3,"byteOffset":0,"byteLength":12}],"roughness":0.02}