{"vertices":[-50,-10.773336291313171,-50,-50,-11.532304137945175,0,-50,-12.488023489713669,50,0,-10.498536117374897,-50,0,-6.672637462615967,0,0,-14.46195513010025,50,50,-9.901283532381058,-50,50,-13.667321503162384,0,50,-12.001122534275055,50],"normals":[0.005495287437446838,-0.9998697159997412,-0.015177379305297537,0.008694691263766206,-0.9970476035101787,0.07629206170000415,0.011910466864046343,-0.9971046725707517,-0.07510268115489867,0.09672340515181281,-0.9951650145352869,-0.017063901688081785,-0.02103798101888541,-0.9990147391559044,-0.03907626266557784,-0.13851479808511363,-0.9901433523099705,-0.020731439598199158,-0.039440710608654825,-0.9990394247120589,-0.019096026227539555,0.004801704696802034,-0.9880704171230699,-0.1539278871363059,0.049129946114718645,-0.9982382832149499,0.03326527196393214],"colors":[],"uvs":[],"faces":[0,1,3,1,4,3,3,4,6,4,7,6,1,2,4,2,5,4,4,5,7,5,8,7],"heightMap":[{"0":-0.03866681456565857,"1":-0.07661520689725876,"2":-0.12440117448568344,"BYTES_PER_ELEMENT":4,"buffer":{"0":24,"1":97,"2":30,"3":189,"4":111,"5":232,"6":156,"7":189,"8":11,"9":198,"10":254,"11":189,"byteLength":12},"length":3,"byteOffset":0,"byteLength":12},{"0":-0.02492680586874485,"1":0.16636812686920166,"2":-0.2230977565050125,"BYTES_PER_ELEMENT":4,"buffer":{"0":77,"1":51,"2":204,"3":188,"4":104,"5":92,"6":42,"7":62,"8":189,"9":115,"10":100,"11":190,"byteLength":12},"length":3,"byteOffset":0,"byteLength":12},{"0":0.004935823380947113,"1":-0.1833660751581192,"2":-0.10005612671375275,"BYTES_PER_ELEMENT":4,"buffer":{"0":176,"1":188,"2":161,"3":59,"4":81,"5":196,"6":59,"7":190,"8":58,"9":234,"10":204,"11":189,"byteLength":12},"length":3,"byteOffset":0,"byteLength":12}],"roughness":0.23771851986646653}