{"vertices":[-50,-12.488023489713669,-50,-50,-11.928590089082718,0,-50,-16.267439126968384,50,0,-14.46195513010025,-50,0,-12.867640852928162,0,0,-14.602775573730469,50,50,-12.001122534275055,-50,50,-12.560659348964691,0,50,-13.150129914283752,50],"normals":[-0.039445438670666126,-0.9991591872690435,0.011179260438111563,0.004856936518542637,-0.9994802307312758,0.031869712032122535,0.04915408144936232,-0.9987286728230166,-0.011176509206611972,-0.018764375771989254,-0.9991140252710365,-0.03767044874426442,-0.006319580081176294,-0.9999790419499435,-0.0014066159642017178,0.006139109146300233,-0.9999151523850051,-0.011489097865446633,0.033150391060743196,-0.9957084419930623,-0.08640457231112467,0.03113909091727045,-0.9989137574735569,-0.03466499887358928,0.02903864330197427,-0.9995088311155836,-0.011783620714381944],"colors":[],"uvs":[],"faces":[0,1,3,1,4,3,3,4,6,4,7,6,1,2,4,2,5,4,4,5,7,5,8,7],"heightMap":[{"0":-0.12440117448568344,"1":-0.0964295044541359,"2":-0.3133719563484192,"BYTES_PER_ELEMENT":4,"buffer":{"0":11,"1":198,"2":254,"3":189,"4":213,"5":124,"6":197,"7":189,"8":74,"9":114,"10":160,"11":190,"byteLength":12},"length":3,"byteOffset":0,"byteLength":12},{"0":-0.2230977565050125,"1":-0.14338204264640808,"2":-0.23013877868652344,"BYTES_PER_ELEMENT":4,"buffer":{"0":189,"1":115,"2":100,"3":190,"4":190,"5":210,"6":18,"7":190,"8":128,"9":169,"10":107,"11":190,"byteLength":12},"length":3,"byteOffset":0,"byteLength":12},{"0":-0.10005612671375275,"1":-0.12803296744823456,"2":-0.15750649571418762,"BYTES_PER_ELEMENT":4,"buffer":{"0":58,"1":234,"2":204,"3":189,"4":19,"5":27,"6":3,"7":190,"8":98,"9":73,"10":33,"11":190,"byteLength":12},"length":3,"byteOffset":0,"byteLength":12}],"roughness":0.03589805519432954}