{"vertices":[-50,-16.267439126968384,-50,-50,-14.21228677034378,0,-50,-16.760494709014893,50,0,-14.602775573730469,-50,0,-15.489124655723572,0,0,-14.852008521556854,50,50,-13.150129914283752,-50,50,-13.830852806568146,0,50,-14.128689765930176,50],"normals":[0.03324679291184647,-0.9986039775778885,0.041045666357078,0.03115292730141248,-0.9993576200956756,-0.017715594183092286,0.029037970823600934,-0.999485684439415,-0.0136074557181689,-0.025528126400173864,-0.9996620045692256,-0.004918473658982071,0.0038110177849750154,-0.9999896336691712,-0.002491725835499096,0.03314562676787155,-0.9994026849322968,-0.009779610231560315,0.038092582986620264,-0.9979790065275964,-0.05086116054121462,0.02630311670575786,-0.9995728677483986,0.012736880026355988,0.014464605051505961,-0.9998776430851655,-0.005956010339011175],"colors":[],"uvs":[],"faces":[0,1,3,1,4,3,3,4,6,4,7,6,1,2,4,2,5,4,4,5,7,5,8,7],"heightMap":[{"0":-0.3133719563484192,"1":-0.21061433851718903,"2":-0.33802473545074463,"BYTES_PER_ELEMENT":4,"buffer":{"0":74,"1":114,"2":160,"3":190,"4":73,"5":171,"6":87,"7":190,"8":148,"9":17,"10":173,"11":190,"byteLength":12},"length":3,"byteOffset":0,"byteLength":12},{"0":-0.23013877868652344,"1":-0.2744562327861786,"2":-0.2426004260778427,"BYTES_PER_ELEMENT":4,"buffer":{"0":128,"1":169,"2":107,"3":190,"4":135,"5":133,"6":140,"7":190,"8":63,"9":108,"10":120,"11":190,"byteLength":12},"length":3,"byteOffset":0,"byteLength":12},{"0":-0.15750649571418762,"1":-0.1915426403284073,"2":-0.2064344882965088,"BYTES_PER_ELEMENT":4,"buffer":{"0":98,"1":73,"2":33,"3":190,"4":193,"5":35,"6":68,"7":190,"8":144,"9":99,"10":83,"11":190,"byteLength":12},"length":3,"byteOffset":0,"byteLength":12}],"roughness":0.04613352558608229}