{"vertices":[-50,-16.760494709014893,-50,-50,-16.876394152641296,0,-50,-13.963461816310883,50,0,-14.852008521556854,-50,0,-16.29423975944519,0,0,-14.368549287319183,50,50,-14.128689765930176,-50,50,-15.653210282325745,0,50,-16.152953505516052,50],"normals":[0.03814184650874212,-0.9992696504538033,-0.0023162959304069363,0.026294324222925648,-0.9992386414532929,-0.028822663656180837,0.014458143968143227,-0.9994310154184229,-0.030473061754548836,0.011637756265690826,-0.9995420803919366,0.027931919999519984,0.0122307769306579,-0.9999135421473931,0.004828698160572676,0.01281691132258765,-0.9997131005723953,-0.020234706028917863,-0.008087770836389906,-0.9982746215599662,0.05815812851360064,-0.02186931135037648,-0.9990201824949995,0.03847607293784411,-0.03566360013706203,-0.9993139383267069,-0.009988007370367775],"colors":[],"uvs":[],"faces":[0,1,3,1,4,3,3,4,6,4,7,6,1,2,4,2,5,4,4,5,7,5,8,7],"heightMap":[{"0":-0.33802473545074463,"1":-0.3438197076320648,"2":-0.19817309081554413,"BYTES_PER_ELEMENT":4,"buffer":{"0":148,"1":17,"2":173,"3":190,"4":35,"5":9,"6":176,"7":190,"8":227,"9":237,"10":74,"11":190,"byteLength":12},"length":3,"byteOffset":0,"byteLength":12},{"0":-0.2426004260778427,"1":-0.3147119879722595,"2":-0.21842746436595917,"BYTES_PER_ELEMENT":4,"buffer":{"0":63,"1":108,"2":120,"3":190,"4":238,"5":33,"6":161,"7":190,"8":115,"9":171,"10":95,"11":190,"byteLength":12},"length":3,"byteOffset":0,"byteLength":12},{"0":-0.2064344882965088,"1":-0.28266051411628723,"2":-0.3076476752758026,"BYTES_PER_ELEMENT":4,"buffer":{"0":144,"1":99,"2":83,"3":190,"4":225,"5":184,"6":144,"7":190,"8":255,"9":131,"10":157,"11":190,"byteLength":12},"length":3,"byteOffset":0,"byteLength":12}],"roughness":0.06012365864854573}