{"vertices":[-50,-13.963461816310883,-50,-50,-13.810516893863678,0,-50,-14.366556406021118,50,0,-14.368549287319183,-50,0,-16.630067229270935,0,0,-10.3159811347723,50,50,-16.152953505516052,-50,50,-12.065444439649582,0,50,-10.599772073328495,50],"normals":[-0.008101445641079608,-0.9999625045072794,0.0030587837540395667,-0.021863177871958343,-0.998739890397761,-0.04517336362954926,-0.03554694580617913,-0.9960452190059024,0.0814268772539916,-0.056301103903521665,-0.9984057244253721,-0.004024317817072806,0.017340311726059734,-0.9990414421223995,0.04019341377936502,0.09077587197126816,-0.9943414401915809,0.055180081420642846,0.08074201297943942,-0.9966734052882587,-0.01108379588113556,0.03727623499820156,-0.9914310552220668,0.12519962078863517,-0.005673290484788538,-0.9995545512573073,0.029300389688166194],"colors":[],"uvs":[],"faces":[0,1,3,1,4,3,3,4,6,4,7,6,1,2,4,2,5,4,4,5,7,5,8,7],"heightMap":[{"0":-0.19817309081554413,"1":-0.1905258446931839,"2":-0.2183278203010559,"BYTES_PER_ELEMENT":4,"buffer":{"0":227,"1":237,"2":74,"3":190,"4":53,"5":25,"6":67,"7":190,"8":84,"9":145,"10":95,"11":190,"byteLength":12},"length":3,"byteOffset":0,"byteLength":12},{"0":-0.21842746436595917,"1":-0.33150336146354675,"2":-0.015799056738615036,"BYTES_PER_ELEMENT":4,"buffer":{"0":115,"1":171,"2":95,"3":190,"4":207,"5":186,"6":169,"7":190,"8":6,"9":109,"10":129,"11":188,"byteLength":12},"length":3,"byteOffset":0,"byteLength":12},{"0":-0.3076476752758026,"1":-0.1032722219824791,"2":-0.02998860366642475,"BYTES_PER_ELEMENT":4,"buffer":{"0":255,"1":131,"2":157,"3":190,"4":99,"5":128,"6":211,"7":189,"8":169,"9":170,"10":245,"11":188,"byteLength":12},"length":3,"byteOffset":0,"byteLength":12}],"roughness":0.22299329880753915}