{"vertices":[-50,-14.366556406021118,-50,-50,-14.850302636623383,0,-50,-13.720823526382446,50,0,-10.3159811347723,-50,0,-13.145212233066559,0,0,-12.953490018844604,50,50,-10.599772073328495,-50,50,-11.790626049041748,0,50,-12.494071125984192,50],"normals":[0.08074321881152016,-0.9966882899898134,-0.009642884067359777,0.037511070008392586,-0.9977002605747017,-0.056454492079884615,-0.005674118299202011,-0.9997004005958529,-0.023809943931434062,0.03408128694119693,-0.9993982392400795,0.006451765979993768,0.030571477412751083,-0.9991857363439839,-0.026329623155912446,0.02707693313630441,-0.9994540567308954,-0.018932199451941512,0.01534095050361926,-0.9996273037029277,0.02258116315117858,0.012266394599316416,-0.9999174141042738,0.0038341276134232446,0.009187080915391645,-0.999858849751636,-0.01406691570990246],"colors":[],"uvs":[],"faces":[0,1,3,1,4,3,3,4,6,4,7,6,1,2,4,2,5,4,4,5,7,5,8,7],"heightMap":[{"0":-0.2183278203010559,"1":-0.24251513183116913,"2":-0.18604117631912231,"BYTES_PER_ELEMENT":4,"buffer":{"0":84,"1":145,"2":95,"3":190,"4":227,"5":85,"6":120,"7":190,"8":148,"9":129,"10":62,"11":190,"byteLength":12},"length":3,"byteOffset":0,"byteLength":12},{"0":-0.015799056738615036,"1":-0.15726061165332794,"2":-0.14767450094223022,"BYTES_PER_ELEMENT":4,"buffer":{"0":6,"1":109,"2":129,"3":188,"4":237,"5":8,"6":33,"7":190,"8":252,"9":55,"10":23,"11":190,"byteLength":12},"length":3,"byteOffset":0,"byteLength":12},{"0":-0.02998860366642475,"1":-0.0895313024520874,"2":-0.1247035562992096,"BYTES_PER_ELEMENT":4,"buffer":{"0":169,"1":170,"2":245,"3":188,"4":48,"5":92,"6":183,"7":189,"8":148,"9":100,"10":255,"11":189,"byteLength":12},"length":3,"byteOffset":0,"byteLength":12}],"roughness":0.02}