{"vertices":[-50,-7.407881915569305,-50,-50,-5.625968277454376,0,-50,-5.2149540185928345,50,0,-6.192910075187683,-50,0,-6.556491553783417,0,0,-4.64475154876709,50,50,-9.23907034099102,-50,50,-9.822467677295208,0,50,-8.786030039191246,50],"normals":[0.024276863154476466,-0.9990710215494011,0.03560516557488584,-0.018275172219866017,-0.9998065622601121,-0.007270222964324979,-0.06080633299984484,-0.9980816453169926,-0.011645563465840692,-0.01860277429129607,-0.9995867252609153,0.021916100721309218,-0.04190032510287095,-0.9990022062994982,0.015458155291252553,-0.06517995365398102,-0.9978632909277864,0.004519542060087693,0.011402922698421534,-0.999901201928001,0.008219473028904042,-0.03558331473707505,-0.998637026211445,0.038182687069979154,-0.08252532126318367,-0.9963749293123643,0.02065360956805018],"colors":[],"uvs":[],"faces":[0,1,3,1,4,3,3,4,6,4,7,6,1,2,4,2,5,4,4,5,7,5,8,7],"heightMap":[{"0":0.12960590422153473,"1":0.2187015861272812,"2":0.23925229907035828,"BYTES_PER_ELEMENT":4,"buffer":{"0":105,"1":183,"2":4,"3":62,"4":79,"5":243,"6":95,"7":62,"8":142,"9":254,"10":116,"11":62,"byteLength":12},"length":3,"byteOffset":0,"byteLength":12},{"0":0.19035449624061584,"1":0.17217542231082916,"2":0.2677624225616455,"BYTES_PER_ELEMENT":4,"buffer":{"0":74,"1":236,"2":66,"3":62,"4":193,"5":78,"6":48,"7":62,"8":40,"9":24,"10":137,"11":62,"byteLength":12},"length":3,"byteOffset":0,"byteLength":12},{"0":0.03804648295044899,"1":0.008876616135239601,"2":0.0606984980404377,"BYTES_PER_ELEMENT":4,"buffer":{"0":161,"1":214,"2":27,"3":61,"4":58,"5":111,"6":17,"7":60,"8":253,"9":158,"10":120,"11":61,"byteLength":12},"length":3,"byteOffset":0,"byteLength":12}],"roughness":0.19100799827836457}