{"vertices":[-50,-14.311309158802032,-50,-50,-13.737464845180511,0,-50,-12.579113841056824,50,0,-14.290153980255127,-50,0,-14.004087448120117,0,0,-13.643020689487457,50,50,-13.253545761108398,-50,50,-15.014848709106445,0,50,-15.507677793502808,50],"normals":[0.00042307567045441315,-0.9999340575556115,0.011476129458495648,0.010575778954978313,-0.9999277093908682,0.005720917044222989,0.020714867461930422,-0.9991656963216834,-0.035196669729398035,-0.0053315765135763275,-0.9998358081411453,0.017318517564238065,-0.012771822239701958,-0.9998975002662649,0.0064706659589526,-0.020205966914539627,-0.9995420132555386,-0.02252737530458087,-0.021267617735944138,-0.999505631875382,0.023155567046202592,-0.029270453111868613,-0.9995454668437435,0.007218052836384785,-0.03726542819917937,-0.9992568638741149,-0.009849256905997212],"colors":[],"uvs":[],"faces":[0,1,3,1,4,3,3,4,6,4,7,6,1,2,4,2,5,4,4,5,7,5,8,7],"heightMap":[{"0":-0.21556545794010162,"1":-0.18687324225902557,"2":-0.1289556920528412,"BYTES_PER_ELEMENT":4,"buffer":{"0":49,"1":189,"2":92,"3":190,"4":179,"5":91,"6":63,"7":190,"8":246,"9":12,"10":4,"11":190,"byteLength":12},"length":3,"byteOffset":0,"byteLength":12},{"0":-0.21450769901275635,"1":-0.20020437240600586,"2":-0.18215103447437286,"BYTES_PER_ELEMENT":4,"buffer":{"0":232,"1":167,"2":91,"3":190,"4":96,"5":2,"6":77,"7":190,"8":205,"9":133,"10":58,"11":190,"byteLength":12},"length":3,"byteOffset":0,"byteLength":12},{"0":-0.16267728805541992,"1":-0.25074243545532227,"2":-0.2753838896751404,"BYTES_PER_ELEMENT":4,"buffer":{"0":224,"1":148,"2":38,"3":190,"4":80,"5":97,"6":128,"7":190,"8":30,"9":255,"10":140,"11":190,"byteLength":12},"length":3,"byteOffset":0,"byteLength":12}],"roughness":0.12434578853594985}