{"vertices":[-50,-13.733217418193817,-50,-50,-15.225640535354614,0,-50,-14.311309158802032,50,0,-9.792631827294827,-50,0,-14.354919493198395,0,0,-14.290153980255127,50,50,-12.2509104013443,-50,50,-11.568693667650223,0,50,-13.253545761108398,50],"normals":[0.07853332489171659,-0.9964676959827218,-0.029743028499771423,0.014700469053950917,-0.9957553110371555,-0.0908584434760557,-0.049101696825735563,-0.9987008255303491,0.013626608302617853,0.017411490366866563,-0.9998317212909793,-0.005776599650484554,0.03649504114142046,-0.9983289383347589,-0.04480449592930619,0.055635414381082604,-0.9984010246214823,-0.010004733950458252,0.0004230328077483001,-0.9998327520856102,0.018283569130735845,0.010575943120823786,-0.9999432342832864,0.0012952367296501456,0.02071595724137509,-0.9992182609948425,-0.033670699577175965],"colors":[],"uvs":[],"faces":[0,1,3,1,4,3,3,4,6,4,7,6,1,2,4,2,5,4,4,5,7,5,8,7],"heightMap":[{"0":-0.18666087090969086,"1":-0.2612820267677307,"2":-0.21556545794010162,"BYTES_PER_ELEMENT":4,"buffer":{"0":7,"1":36,"2":63,"3":190,"4":194,"5":198,"6":133,"7":190,"8":49,"9":189,"10":92,"11":190,"byteLength":12},"length":3,"byteOffset":0,"byteLength":12},{"0":0.010368408635258675,"1":-0.21774597465991974,"2":-0.21450769901275635,"BYTES_PER_ELEMENT":4,"buffer":{"0":66,"1":224,"2":41,"3":60,"4":205,"5":248,"6":94,"7":190,"8":232,"9":167,"10":91,"11":190,"byteLength":12},"length":3,"byteOffset":0,"byteLength":12},{"0":-0.11254552006721497,"1":-0.07843468338251114,"2":-0.16267728805541992,"BYTES_PER_ELEMENT":4,"buffer":{"0":68,"1":126,"2":230,"3":189,"4":93,"5":162,"6":160,"7":189,"8":224,"9":148,"10":38,"11":190,"byteLength":12},"length":3,"byteOffset":0,"byteLength":12}],"roughness":0.07042425092438409}