{"vertices":[-50,-12.750475406646729,-50,-50,-13.313191533088684,0,-50,-13.733217418193817,50,0,-13.537428975105286,-50,0,-16.335119009017944,0,0,-9.792631827294827,50,50,-13.671916127204895,-50,50,-11.990596503019333,0,50,-12.2509104013443,50],"normals":[-0.015736126013995773,-0.999812863471657,-0.011252216433992213,-0.009199236970440658,-0.9983960045198176,-0.05586405103486623,-0.0026882139248491964,-0.999431500660428,0.033607275901792064,-0.06032556311280114,-0.9981305572902719,-0.009809028419505412,0.013145093563172141,-0.9992251883716107,0.037097566482649495,0.08655562006061883,-0.9961465263571416,0.014150005742839946,0.07856533015466578,-0.9968737937848241,-0.008374255951451652,0.014637292931865385,-0.9914413331910173,0.12972984427665418,-0.049105592269244616,-0.9987800566547257,-0.005199926602340451],"colors":[],"uvs":[],"faces":[0,1,3,1,4,3,3,4,6,4,7,6,1,2,4,2,5,4,4,5,7,5,8,7],"heightMap":[{"0":-0.13752377033233643,"1":-0.1656595766544342,"2":-0.18666087090969086,"BYTES_PER_ELEMENT":4,"buffer":{"0":8,"1":211,"2":12,"3":190,"4":170,"5":162,"6":41,"7":190,"8":7,"9":36,"10":63,"11":190,"byteLength":12},"length":3,"byteOffset":0,"byteLength":12},{"0":-0.17687144875526428,"1":-0.3167559504508972,"2":0.010368408635258675,"BYTES_PER_ELEMENT":4,"buffer":{"0":202,"1":29,"2":53,"3":190,"4":214,"5":45,"6":162,"7":190,"8":66,"9":224,"10":41,"11":60,"byteLength":12},"length":3,"byteOffset":0,"byteLength":12},{"0":-0.18359580636024475,"1":-0.09952982515096664,"2":-0.11254552006721497,"BYTES_PER_ELEMENT":4,"buffer":{"0":138,"1":0,"2":60,"3":190,"4":75,"5":214,"6":203,"7":189,"8":68,"9":126,"10":230,"11":189,"byteLength":12},"length":3,"byteOffset":0,"byteLength":12}],"roughness":0.168559935864514}