{"vertices":[-50,-15.089635848999023,-50,-50,-15.517069101333618,0,-50,-12.750475406646729,50,0,-12.041089832782745,-50,0,-13.423379063606262,0,0,-13.537428975105286,50,50,-14.274725019931793,-50,50,-13.312721848487854,0,50,-13.671916127204895,50],"normals":[0.060855691667900384,-0.9981101046890511,-0.00853250896470528,0.008123081419186965,-0.999585094039566,-0.02763431421565209,-0.04461995330097647,-0.9988191795529551,0.019217344368579525,0.04182573984639554,-0.9988522439500224,0.023340999171127367,0.022027003850460185,-0.9996455064740033,-0.014955684126956737,0.0022130986873536477,-0.9999793890464044,0.006026912690580684,-0.015713092902985726,-0.9983494282746376,0.05524054466717747,-0.00921359992080646,-0.9999549525315244,-0.0022808954767846103,-0.00268966390930427,-0.9999705798335817,-0.007183674223231694],"colors":[],"uvs":[],"faces":[0,1,3,1,4,3,3,4,6,4,7,6,1,2,4,2,5,4,4,5,7,5,8,7],"heightMap":[{"0":-0.25448179244995117,"1":-0.2758534550666809,"2":-0.13752377033233643,"BYTES_PER_ELEMENT":4,"buffer":{"0":112,"1":75,"2":130,"3":190,"4":170,"5":60,"6":141,"7":190,"8":8,"9":211,"10":12,"11":190,"byteLength":12},"length":3,"byteOffset":0,"byteLength":12},{"0":-0.10205449163913727,"1":-0.1711689531803131,"2":-0.17687144875526428,"BYTES_PER_ELEMENT":4,"buffer":{"0":242,"1":1,"2":209,"3":189,"4":234,"5":70,"6":47,"7":190,"8":202,"9":29,"10":53,"11":190,"byteLength":12},"length":3,"byteOffset":0,"byteLength":12},{"0":-0.21373625099658966,"1":-0.1656360924243927,"2":-0.18359580636024475,"BYTES_PER_ELEMENT":4,"buffer":{"0":173,"1":221,"2":90,"3":190,"4":130,"5":156,"6":41,"7":190,"8":138,"9":0,"10":60,"11":190,"byteLength":12},"length":3,"byteOffset":0,"byteLength":12}],"roughness":0.04367441484753731}