{"vertices":[-50,-9.820479936897755,-50,-50,-14.35310274362564,0,-50,-15.089635848999023,50,0,-9.100354090332985,-50,0,-9.83327902853489,0,0,-12.041089832782745,50,50,-8.747684955596924,-50,50,-8.385940194129944,0,50,-14.274725019931793,50],"normals":[0.014342224883787945,-0.9958137839521339,-0.09027296536790877,0.010726035587818782,-0.9998350621225657,-0.014656081022365573,0.0070530226685567,-0.9999489569501465,0.007234525938221725,0.0899060249666582,-0.9945744638942517,-0.05233108487463566,0.05948433810813741,-0.9977980745320647,-0.029336257088135254,0.028890939769987394,-0.998071048852411,-0.05494993213694544,0.06085132971838834,-0.9980385632150363,-0.014701768844943192,0.008118301500172719,-0.9989936157081893,-0.04411177796270343,-0.04432246054579576,-0.9921597940612621,-0.11685231080077296],"colors":[],"uvs":[],"faces":[0,1,3,1,4,3,3,4,6,4,7,6,1,2,4,2,5,4,4,5,7,5,8,7],"heightMap":[{"0":0.008976003155112267,"1":-0.21765513718128204,"2":-0.25448179244995117,"BYTES_PER_ELEMENT":4,"buffer":{"0":22,"1":16,"2":19,"3":60,"4":253,"5":224,"6":94,"7":190,"8":112,"9":75,"10":130,"11":190,"byteLength":12},"length":3,"byteOffset":0,"byteLength":12},{"0":0.044982295483350754,"1":0.008336048573255539,"2":-0.10205449163913727,"BYTES_PER_ELEMENT":4,"buffer":{"0":91,"1":63,"2":56,"3":61,"4":236,"5":147,"6":8,"7":60,"8":242,"9":1,"10":209,"11":189,"byteLength":12},"length":3,"byteOffset":0,"byteLength":12},{"0":0.06261575222015381,"1":0.08070299029350281,"2":-0.21373625099658966,"BYTES_PER_ELEMENT":4,"buffer":{"0":176,"1":60,"2":128,"3":61,"4":156,"5":71,"6":165,"7":61,"8":173,"9":221,"10":90,"11":190,"byteLength":12},"length":3,"byteOffset":0,"byteLength":12}],"roughness":0.16727383381356048}