{"vertices":[-50,-6.980323493480682,-50,-50,-8.412800878286362,0,-50,-9.820479936897755,50,0,-9.024781435728073,-50,0,-8.452197164297104,0,0,-9.100354090332985,50,50,-7.18059629201889,-50,50,-8.073233962059021,0,50,-8.747684955596924,50],"normals":[-0.0408382913142414,-0.998755965342811,-0.028613906665866832,-0.0019995694255141843,-0.9999324368890925,0.011450911717126694,0.03685277558148713,-0.9991614916538606,-0.017837783718074474,-0.0007876078784033242,-0.9995966094222272,-0.028390105766222844,0.0033955891951525626,-0.9999939494959406,-0.0007556093752612846,0.0075781159729145136,-0.9998485246271452,-0.015668438314712003,0.014395320662103615,-0.9995003464168027,-0.028139514134515323,0.01072628664977046,-0.9998584656733811,-0.012961303791636222,0.007052565688681949,-0.9998841681963629,-0.013487457413257131],"colors":[],"uvs":[],"faces":[0,1,3,1,4,3,3,4,6,4,7,6,1,2,4,2,5,4,4,5,7,5,8,7],"heightMap":[{"0":0.15098382532596588,"1":0.07935995608568192,"2":0.008976003155112267,"BYTES_PER_ELEMENT":4,"buffer":{"0":129,"1":155,"2":26,"3":62,"4":121,"5":135,"6":162,"7":61,"8":22,"9":16,"10":19,"11":60,"byteLength":12},"length":3,"byteOffset":0,"byteLength":12},{"0":0.048760928213596344,"1":0.0773901417851448,"2":0.044982295483350754,"BYTES_PER_ELEMENT":4,"buffer":{"0":138,"1":185,"2":71,"3":61,"4":185,"5":126,"6":158,"7":61,"8":91,"9":63,"10":56,"11":61,"byteLength":12},"length":3,"byteOffset":0,"byteLength":12},{"0":0.14097018539905548,"1":0.09633830189704895,"2":0.06261575222015381,"BYTES_PER_ELEMENT":4,"buffer":{"0":125,"1":90,"2":16,"3":62,"4":4,"5":77,"6":197,"7":61,"8":176,"9":60,"10":128,"11":61,"byteLength":12},"length":3,"byteOffset":0,"byteLength":12}],"roughness":0.025680840413187987}