{"vertices":[-50,-10.006157210445963,-50,-50,-8.840809762477875,0,-50,-6.980323493480682,50,0,-8.526900708675385,-50,0,-9.980952228652313,0,0,-9.024781435728073,50,50,-8.235302120447159,-50,50,-7.952546328306198,0,50,-7.18059629201889,50],"normals":[0.029564169170818524,-0.9992915067614052,0.023290436143611776,0.01769580268540853,-0.9994208980479531,-0.02906418951806667,0.005831779341677667,-0.9999670055180965,0.005654929255201876,-0.022786500763465875,-0.9992830474915232,0.030235184454714546,0.008873272283350185,-0.9999482525725394,-0.004975662379081397,0.04053252566187231,-0.9991226522994259,0.01053755311400016,-0.04082681313704226,-0.9984752509059437,0.0371529898848807,-0.001999335692730243,-0.9998151993119958,0.01911988183807716,0.03685425389708839,-0.9992015721090771,0.015426673796958739],"colors":[],"uvs":[],"faces":[0,1,3,1,4,3,3,4,6,4,7,6,1,2,4,2,5,4,4,5,7,5,8,7],"heightMap":[{"0":-0.0003078605222981423,"1":0.05795951187610626,"2":0.15098382532596588,"BYTES_PER_ELEMENT":4,"buffer":{"0":87,"1":104,"2":161,"3":185,"4":244,"5":102,"6":109,"7":61,"8":129,"9":155,"10":26,"11":62,"byteLength":12},"length":3,"byteOffset":0,"byteLength":12},{"0":0.07365496456623077,"1":0.0009523885673843324,"2":0.048760928213596344,"BYTES_PER_ELEMENT":4,"buffer":{"0":106,"1":216,"2":150,"3":61,"4":183,"5":169,"6":121,"7":58,"8":138,"9":185,"10":71,"11":61,"byteLength":12},"length":3,"byteOffset":0,"byteLength":12},{"0":0.08823489397764206,"1":0.1023726835846901,"2":0.14097018539905548,"BYTES_PER_ELEMENT":4,"buffer":{"0":127,"1":180,"2":180,"3":61,"4":197,"5":168,"6":209,"7":61,"8":125,"9":90,"10":16,"11":62,"byteLength":12},"length":3,"byteOffset":0,"byteLength":12}],"roughness":0.15315719383375836}