{"vertices":[-50,-6.949463784694672,-50,-50,-8.57142060995102,0,-50,-10.006157210445963,50,0,-7.653622776269913,-50,0,-8.22967916727066,0,0,-8.526900708675385,50,50,-7.426446378231049,-50,50,-9.243822917342186,0,50,-8.235302120447159,50],"normals":[-0.014074381634672511,-0.999375269155292,-0.03241887077597651,-0.004769041568061404,-0.999922267224513,-0.011520232250772764,0.00454048280234075,-0.9993297810725892,-0.03632316997912786,0.006831478678301587,-0.999509837718347,-0.0305518445156996,-0.006722379075187243,-0.9999392774721215,-0.008732181176612628,-0.020278042149222377,-0.999761727456892,-0.00808018062951798,0.029560034352417778,-0.9991517467402121,-0.028670391609932733,0.01770296678892937,-0.9998256253124459,-0.005943394269826147,0.005830686655000409,-0.9997796440696243,0.020165971267130482],"colors":[],"uvs":[],"faces":[0,1,3,1,4,3,3,4,6,4,7,6,1,2,4,2,5,4,4,5,7,5,8,7],"heightMap":[{"0":0.15252681076526642,"1":0.07142896950244904,"2":-0.0003078605222981423,"BYTES_PER_ELEMENT":4,"buffer":{"0":253,"1":47,"2":28,"3":62,"4":90,"5":73,"6":146,"7":61,"8":87,"9":104,"10":161,"11":185,"byteLength":12},"length":3,"byteOffset":0,"byteLength":12},{"0":0.11731886118650436,"1":0.08851604163646698,"2":0.07365496456623077,"BYTES_PER_ELEMENT":4,"buffer":{"0":223,"1":68,"2":240,"3":61,"4":230,"5":71,"6":181,"7":61,"8":106,"9":216,"10":150,"11":61,"byteLength":12},"length":3,"byteOffset":0,"byteLength":12},{"0":0.12867768108844757,"1":0.0378088541328907,"2":0.08823489397764206,"BYTES_PER_ELEMENT":4,"buffer":{"0":21,"1":196,"2":3,"3":62,"4":117,"5":221,"6":26,"7":61,"8":127,"9":180,"10":180,"11":61,"byteLength":12},"length":3,"byteOffset":0,"byteLength":12}],"roughness":0.09400268043467806}