{"vertices":[-50,-5.2149540185928345,-50,-50,-6.193544268608093,0,-50,-6.949463784694672,50,0,-4.64475154876709,-50,0,-8.395506739616394,0,0,-7.653622776269913,50,50,-8.786030039191246,-50,50,-11.153490394353867,0,50,-7.426446378231049,50],"normals":[0.01140112476807201,-0.9997435447408904,-0.01956678570798258,-0.03550996138766896,-0.9965692759670275,-0.07475774769748522,-0.08245118353591854,-0.9954798225544325,-0.04713518028523879,-0.0439900014788398,-0.9988817261425973,-0.01732561537946247,-0.04951478011724103,-0.9983233986392354,-0.02997796322880376,-0.055070913171761965,-0.9983908548037438,0.013523888740973947,-0.014080174727068184,-0.9997866174775447,-0.015115164321469253,-0.004768833194655196,-0.9998785701113413,0.014835877529188288,0.004530911112297297,-0.9972231163560775,0.07433388897108535],"colors":[],"uvs":[],"faces":[0,1,3,1,4,3,3,4,6,4,7,6,1,2,4,2,5,4,4,5,7,5,8,7],"heightMap":[{"0":0.23925229907035828,"1":0.19032278656959534,"2":0.15252681076526642,"BYTES_PER_ELEMENT":4,"buffer":{"0":142,"1":254,"2":116,"3":62,"4":250,"5":227,"6":66,"7":62,"8":253,"9":47,"10":28,"11":62,"byteLength":12},"length":3,"byteOffset":0,"byteLength":12},{"0":0.2677624225616455,"1":0.0802246630191803,"2":0.11731886118650436,"BYTES_PER_ELEMENT":4,"buffer":{"0":40,"1":24,"2":137,"3":62,"4":212,"5":76,"6":164,"7":61,"8":223,"9":68,"10":240,"11":61,"byteLength":12},"length":3,"byteOffset":0,"byteLength":12},{"0":0.0606984980404377,"1":-0.05767451971769333,"2":0.12867768108844757,"BYTES_PER_ELEMENT":4,"buffer":{"0":253,"1":158,"2":120,"3":61,"4":30,"5":60,"6":108,"7":189,"8":21,"9":196,"10":3,"11":62,"byteLength":12},"length":3,"byteOffset":0,"byteLength":12}],"roughness":0.1548704968936363}