{"vertices":[-50,-12.579113841056824,-50,-50,-13.695878982543945,0,-50,-13.712067306041718,50,0,-13.643020689487457,-50,0,-15.942186713218689,0,0,-12.754852771759033,50,50,-15.507677793502808,-50,50,-17.58754849433899,0,50,-15.657234191894531,50],"normals":[-0.021268019786747853,-0.9995245268944483,-0.022324682993942534,-0.02924034841904718,-0.9985173017246662,-0.04591514108466278,-0.03723507971254633,-0.998443081904023,-0.04153265025009514,-0.044878010922399236,-0.9989283816629795,-0.01131602597337493,-0.03888434077413207,-0.9992045438864271,0.008848023467326094,-0.032889396060592324,-0.9994578833051072,-0.001492355870523358,0.019140782418574913,-0.9998167460400398,-0.0003237071384677227,-0.01937987930916189,-0.9977869249445015,0.06360560264440535,-0.05790708553315365,-0.9975788352870976,0.038512813871411374],"colors":[],"uvs":[],"faces":[0,1,3,1,4,3,3,4,6,4,7,6,1,2,4,2,5,4,4,5,7,5,8,7],"heightMap":[{"0":-0.1289556920528412,"1":-0.18479394912719727,"2":-0.18560336530208588,"BYTES_PER_ELEMENT":4,"buffer":{"0":246,"1":12,"2":4,"3":190,"4":160,"5":58,"6":61,"7":190,"8":207,"9":14,"10":62,"11":190,"byteLength":12},"length":3,"byteOffset":0,"byteLength":12},{"0":-0.18215103447437286,"1":-0.29710933566093445,"2":-0.13774263858795166,"BYTES_PER_ELEMENT":4,"buffer":{"0":205,"1":133,"2":58,"3":190,"4":183,"5":30,"6":152,"7":190,"8":104,"9":12,"10":13,"11":190,"byteLength":12},"length":3,"byteOffset":0,"byteLength":12},{"0":-0.2753838896751404,"1":-0.37937742471694946,"2":-0.28286170959472656,"BYTES_PER_ELEMENT":4,"buffer":{"0":30,"1":255,"2":140,"3":190,"4":194,"5":61,"6":194,"7":190,"8":64,"9":211,"10":144,"11":190,"byteLength":12},"length":3,"byteOffset":0,"byteLength":12}],"roughness":0.15356162318060684}