{"vertices":[-50,-13.712067306041718,-50,-50,-13.732717633247375,0,-50,-12.592171728610992,50,0,-12.754852771759033,-50,0,-17.33473300933838,0,0,-13.37015688419342,50,50,-15.657234191894531,-50,50,-15.229033827781677,0,50,-16.053903698921204,50],"normals":[0.019140781789555403,-0.9998167131832721,-0.0004129308454584009,-0.01933839844225362,-0.9956449292592758,-0.09119869070321286,-0.057947960485397056,-0.9982829975994635,0.008549302861195233,-0.07184961344647361,-0.9973529530632739,0.011167813732302724,-0.014912999796245538,-0.9998701401362103,-0.00610780656801436,0.04207635647788408,-0.9991065401558894,-0.003962529908308784,-0.015553774813157421,-0.9996189966833814,0.02280222705727922,-0.03447606488682966,-0.9962785568539058,0.07899644360993738,-0.05359051298341203,-0.9984271371896869,-0.016471449279917262],"colors":[],"uvs":[],"faces":[0,1,3,1,4,3,3,4,6,4,7,6,1,2,4,2,5,4,4,5,7,5,8,7],"heightMap":[{"0":-0.18560336530208588,"1":-0.18663588166236877,"2":-0.12960858643054962,"BYTES_PER_ELEMENT":4,"buffer":{"0":207,"1":14,"2":62,"3":190,"4":122,"5":29,"6":63,"7":190,"8":29,"9":184,"10":4,"11":190,"byteLength":12},"length":3,"byteOffset":0,"byteLength":12},{"0":-0.13774263858795166,"1":-0.36673665046691895,"2":-0.16850784420967102,"BYTES_PER_ELEMENT":4,"buffer":{"0":104,"1":12,"2":13,"3":190,"4":232,"5":196,"6":187,"7":190,"8":82,"9":141,"10":44,"11":190,"byteLength":12},"length":3,"byteOffset":0,"byteLength":12},{"0":-0.28286170959472656,"1":-0.26145169138908386,"2":-0.3026951849460602,"BYTES_PER_ELEMENT":4,"buffer":{"0":64,"1":211,"2":144,"3":190,"4":255,"5":220,"6":133,"7":190,"8":221,"9":250,"10":154,"11":190,"byteLength":12},"length":3,"byteOffset":0,"byteLength":12}],"roughness":0.16315273662314497}