{"vertices":[-50,-17.58892834186554,-50,-50,-14.104305505752563,0,-50,-16.5597403049469,50,0,-16.0385000705719,-50,0,-16.09696626663208,0,0,-15.870769023895264,50,50,-15.630964636802673,-50,50,-15.533979535102844,0,50,-15.842334032058716,50],"normals":[0.030918744459628583,-0.997103349832196,0.0694905820558003,0.019573316992900953,-0.9998077407527767,-0.0011690991078667624,0.008150422614850748,-0.9999649035997766,0.001939633957437683,-0.039819513118010345,-0.999154344275713,0.010247082024391159,-0.014285932602274506,-0.9998965443419211,0.0016771233609000357,0.011258995787848655,-0.9999343818695285,-0.002113520535289323,0.013761536677548574,-0.9987017642116494,-0.0490449413172412,0.007173491769263566,-0.9999640375587421,0.004523782162635235,0.0005686889304004256,-0.9999808223427772,-0.006166971668780517],"colors":[],"uvs":[],"faces":[0,1,3,1,4,3,3,4,6,4,7,6,1,2,4,2,5,4,4,5,7,5,8,7],"heightMap":[{"0":-0.379446417093277,"1":-0.20521527528762817,"2":-0.32798701524734497,"BYTES_PER_ELEMENT":4,"buffer":{"0":205,"1":70,"2":194,"3":190,"4":244,"5":35,"6":82,"7":190,"8":234,"9":237,"10":167,"11":190,"byteLength":12},"length":3,"byteOffset":0,"byteLength":12},{"0":-0.30192500352859497,"1":-0.304848313331604,"2":-0.2935384511947632,"BYTES_PER_ELEMENT":4,"buffer":{"0":234,"1":149,"2":154,"3":190,"4":20,"5":21,"6":156,"7":190,"8":172,"9":74,"10":150,"11":190,"byteLength":12},"length":3,"byteOffset":0,"byteLength":12},{"0":-0.28154823184013367,"1":-0.2766989767551422,"2":-0.2921167016029358,"BYTES_PER_ELEMENT":4,"buffer":{"0":23,"1":39,"2":144,"3":190,"4":125,"5":171,"6":141,"7":190,"8":82,"9":144,"10":149,"11":190,"byteLength":12},"length":3,"byteOffset":0,"byteLength":12}],"roughness":0.021127848025210137}