{"vertices":[-50,-12.592171728610992,-50,-50,-15.110200047492981,0,-50,-12.490795701742172,50,0,-13.37015688419342,-50,0,-14.20678824186325,0,0,-13.901202082633972,50,50,-16.053903698921204,-50,50,-14.853011965751648,0,50,-14.146183133125305,50],"normals":[-0.015538133354941095,-0.9986137423990232,-0.050290753659709274,-0.03457923457041567,-0.9992620821277584,-0.016720279848770562,-0.05358237619214349,-0.9982755433205505,0.023976416947979917,0.018065278314768736,-0.9998362984738834,0.0010109270267107476,0.0025712187187023256,-0.9999825979837463,-0.005309667030767228,-0.012921044627838768,-0.9997346236448471,0.01907167772958634,-0.02815832845417414,-0.998234581027974,0.05229559999246826,-0.016549051206652354,-0.999844381575778,0.006110772087854304,-0.004899072714035422,-0.9998880942444041,0.014134994688235012],"colors":[],"uvs":[],"faces":[0,1,3,1,4,3,3,4,6,4,7,6,1,2,4,2,5,4,4,5,7,5,8,7],"heightMap":[{"0":-0.12960858643054962,"1":-0.25551000237464905,"2":-0.12453978508710861,"BYTES_PER_ELEMENT":4,"buffer":{"0":29,"1":184,"2":4,"3":190,"4":53,"5":210,"6":130,"7":190,"8":183,"9":14,"10":255,"11":189,"byteLength":12},"length":3,"byteOffset":0,"byteLength":12},{"0":-0.16850784420967102,"1":-0.21033941209316254,"2":-0.1950601041316986,"BYTES_PER_ELEMENT":4,"buffer":{"0":82,"1":141,"2":44,"3":190,"4":55,"5":99,"6":87,"7":190,"8":214,"9":189,"10":71,"11":190,"byteLength":12},"length":3,"byteOffset":0,"byteLength":12},{"0":-0.3026951849460602,"1":-0.2426505982875824,"2":-0.20730915665626526,"BYTES_PER_ELEMENT":4,"buffer":{"0":221,"1":250,"2":154,"3":190,"4":102,"5":121,"6":120,"7":190,"8":218,"9":72,"10":84,"11":190,"byteLength":12},"length":3,"byteOffset":0,"byteLength":12}],"roughness":0.05223779265311208}