{"vertices":[-50,-12.490795701742172,-50,-50,-12.297150641679764,0,-50,-13.279122412204742,50,0,-13.901202082633972,-50,0,-13.552181422710419,0,0,-13.043305575847626,50,50,-14.146183133125305,-50,50,-15.077823400497437,0,50,-13.551952838897705,50],"normals":[-0.0281967004314755,-0.9995948973815165,0.0038713322788304157,-0.016548957156031104,-0.9998386977741146,0.006979287242284556,-0.0048987119233215625,-0.999814457791067,-0.018629348175579846,-0.025091933185575656,-0.9996540947374092,-0.007879451994999717,-0.027794758307679707,-0.9995768681873151,0.008575313140441899,-0.030498107925836758,-0.9995171989851456,0.005935852578436859,0.00471537500364028,-0.9997960867601926,-0.019635430669597033,-0.0027280016486223055,-0.9999444922868775,0.010176952006565407,-0.010167685854479878,-0.9994830006073196,0.030501633748921512],"colors":[],"uvs":[],"faces":[0,1,3,1,4,3,3,4,6,4,7,6,1,2,4,2,5,4,4,5,7,5,8,7],"heightMap":[{"0":-0.12453978508710861,"1":-0.11485753208398819,"2":-0.16395612061023712,"BYTES_PER_ELEMENT":4,"buffer":{"0":183,"1":14,"2":255,"3":189,"4":109,"5":58,"6":235,"7":189,"8":29,"9":228,"10":39,"11":190,"byteLength":12},"length":3,"byteOffset":0,"byteLength":12},{"0":-0.1950601041316986,"1":-0.17760907113552094,"2":-0.1521652787923813,"BYTES_PER_ELEMENT":4,"buffer":{"0":214,"1":189,"2":71,"3":190,"4":39,"5":223,"6":53,"7":190,"8":55,"9":209,"10":27,"11":190,"byteLength":12},"length":3,"byteOffset":0,"byteLength":12},{"0":-0.20730915665626526,"1":-0.2538911700248718,"2":-0.17759764194488525,"BYTES_PER_ELEMENT":4,"buffer":{"0":218,"1":72,"2":84,"3":190,"4":6,"5":254,"6":129,"7":190,"8":40,"9":220,"10":53,"11":190,"byteLength":12},"length":3,"byteOffset":0,"byteLength":12}],"roughness":0.08032544874232897}