{"vertices":[-50,-13.279122412204742,-50,-50,-16.123453974723816,0,-50,-14.152615666389465,50,0,-13.043305575847626,-50,0,-13.623262345790863,0,0,-13.638703525066376,50,50,-13.551952838897705,-50,50,-13.998159766197205,0,50,-13.900193572044373,50],"normals":[0.004708671756366455,-0.9983748041712613,-0.05679417933456236,-0.0027279594321076807,-0.9999290161781367,-0.011598312047903825,-0.010172013907945747,-0.9999084480421407,-0.008923321523633898,0.049939543571409395,-0.9987143184045236,-0.008703574074313089,0.021230235256914653,-0.9997568938139249,-0.005952342603417954,-0.007497692195094992,-0.999965828915072,-0.0034821852248808813,0.010269725958063159,-0.9991713692172454,0.039384104220884654,0.0025240610244863693,-0.9999967668670507,-0.0003088225870425441,-0.005229719383328867,-0.9999844054808181,0.0019592933283427627],"colors":[],"uvs":[],"faces":[0,1,3,1,4,3,3,4,6,4,7,6,1,2,4,2,5,4,4,5,7,5,8,7],"heightMap":[{"0":-0.16395612061023712,"1":-0.3061726987361908,"2":-0.20763078331947327,"BYTES_PER_ELEMENT":4,"buffer":{"0":29,"1":228,"2":39,"3":190,"4":171,"5":194,"6":156,"7":190,"8":42,"9":157,"10":84,"11":190,"byteLength":12},"length":3,"byteOffset":0,"byteLength":12},{"0":-0.1521652787923813,"1":-0.18116311728954315,"2":-0.1819351762533188,"BYTES_PER_ELEMENT":4,"buffer":{"0":55,"1":209,"2":27,"3":190,"4":211,"5":130,"6":57,"7":190,"8":55,"9":77,"10":58,"11":190,"byteLength":12},"length":3,"byteOffset":0,"byteLength":12},{"0":-0.17759764194488525,"1":-0.19990798830986023,"2":-0.19500967860221863,"BYTES_PER_ELEMENT":4,"buffer":{"0":40,"1":220,"2":53,"3":190,"4":174,"5":180,"6":76,"7":190,"8":158,"9":176,"10":71,"11":190,"byteLength":12},"length":3,"byteOffset":0,"byteLength":12}],"roughness":0.02}