{"vertices":[-50,-14.152615666389465,-50,-50,-12.89877861738205,0,-50,-11.515964567661285,50,0,-13.638703525066376,-50,0,-15.63023030757904,0,0,-10.84748201072216,50,50,-13.900193572044373,-50,50,-17.508780360221863,0,50,-15.362874865531921,50],"normals":[0.010274470295795769,-0.999632959570063,0.025067536802357546,0.00252206160125609,-0.9992045289207407,-0.03979885161107211,-0.0052161625680821905,-0.9973921815313119,-0.07198352497810835,-0.05452880594823872,-0.9981653005971,0.02631809274549417,-0.04603006464299568,-0.9985546816212085,0.027744926767403054,-0.037540528331553774,-0.9991889297477116,-0.014566791074579116,0.013363347681413569,-0.9995285249178532,0.027643241747061568,-0.03816492808085918,-0.9947309854206666,0.09515095852702919,-0.08985978878331059,-0.995038434890473,0.042705168897182906],"colors":[],"uvs":[],"faces":[0,1,3,1,4,3,3,4,6,4,7,6,1,2,4,2,5,4,4,5,7,5,8,7],"heightMap":[{"0":-0.20763078331947327,"1":-0.14493893086910248,"2":-0.07579822838306427,"BYTES_PER_ELEMENT":4,"buffer":{"0":42,"1":157,"2":84,"3":190,"4":223,"5":106,"6":20,"7":190,"8":26,"9":60,"10":155,"11":189,"byteLength":12},"length":3,"byteOffset":0,"byteLength":12},{"0":-0.1819351762533188,"1":-0.281511515378952,"2":-0.04237410053610802,"BYTES_PER_ELEMENT":4,"buffer":{"0":55,"1":77,"2":58,"3":190,"4":71,"5":34,"6":144,"7":190,"8":119,"9":144,"10":45,"11":189,"byteLength":12},"length":3,"byteOffset":0,"byteLength":12},{"0":-0.19500967860221863,"1":-0.37543901801109314,"2":-0.26814374327659607,"BYTES_PER_ELEMENT":4,"buffer":{"0":158,"1":176,"2":71,"3":190,"4":139,"5":57,"6":192,"7":190,"8":35,"9":74,"10":137,"11":190,"byteLength":12},"length":3,"byteOffset":0,"byteLength":12}],"roughness":0.1663501660336624}