{"vertices":[-50,-11.515964567661285,-50,-50,-14.097069501876831,0,-50,-13.996027112007141,50,0,-10.84748201072216,-50,0,-15.32899260520935,0,0,-14.497214555740356,50,50,-15.362874865531921,-50,50,-14.20371562242508,0,50,-13.583035171031952,50],"normals":[0.01335068268898405,-0.9985812307590115,-0.05154885883854234,-0.038185911564393264,-0.9952808177441643,-0.08920723058420692,-0.08991787612545575,-0.9956816496008308,0.02308307174653342,-0.024623431071334086,-0.999389937761714,-0.024767699588632456,-0.0010651655842289147,-0.9993378005677155,-0.0363706719591363,0.022496281372693366,-0.9995886220400089,0.01779055964709639,-0.010023224877335304,-0.9999477244157295,0.002020742156394469,0.004128486074673196,-0.9998531367124766,0.016633117836203186,0.018279124593170642,-0.9997558957753749,0.012410578813456004],"colors":[],"uvs":[],"faces":[0,1,3,1,4,3,3,4,6,4,7,6,1,2,4,2,5,4,4,5,7,5,8,7],"heightMap":[{"0":-0.07579822838306427,"1":-0.20485347509384155,"2":-0.19980135560035706,"BYTES_PER_ELEMENT":4,"buffer":{"0":26,"1":60,"2":155,"3":189,"4":28,"5":197,"6":81,"7":190,"8":186,"9":152,"10":76,"11":190,"byteLength":12},"length":3,"byteOffset":0,"byteLength":12},{"0":-0.04237410053610802,"1":-0.26644963026046753,"2":-0.22486072778701782,"BYTES_PER_ELEMENT":4,"buffer":{"0":119,"1":144,"2":45,"3":189,"4":22,"5":108,"6":136,"7":190,"8":228,"9":65,"10":102,"11":190,"byteLength":12},"length":3,"byteOffset":0,"byteLength":12},{"0":-0.26814374327659607,"1":-0.21018578112125397,"2":-0.1791517585515976,"BYTES_PER_ELEMENT":4,"buffer":{"0":35,"1":74,"2":137,"3":190,"4":241,"5":58,"6":87,"7":190,"8":143,"9":115,"10":55,"11":190,"byteLength":12},"length":3,"byteOffset":0,"byteLength":12}],"roughness":0.09335604529642068}