{"vertices":[-50,-13.996027112007141,-50,-50,-14.824702143669128,0,-50,-16.967414021492004,50,0,-14.497214555740356,-50,0,-14.451825022697449,0,0,-15.205806493759155,50,50,-13.583035171031952,-50,50,-14.344278275966644,0,50,-14.414021670818329,50],"normals":[-0.01002186916644065,-0.999812474529524,-0.016570392679736062,0.0041290553585140236,-0.9999910633764141,0.0009077825482747236,0.018278414848714616,-0.9997170771109039,-0.015220554636722797,0.007454046455050389,-0.9995312176335605,-0.029694817181083407,0.004804028833428546,-0.999963359902784,-0.0070852070472965465,0.002150855705246331,-0.9999631651481026,-0.00830916161377127,0.03517805680732799,-0.9984646481558065,-0.04278844122379371,0.025520307282985582,-0.9995606627189806,-0.015073004377845426,0.01583369587946015,-0.9998736664748796,-0.001394691678455182],"colors":[],"uvs":[],"faces":[0,1,3,1,4,3,3,4,6,4,7,6,1,2,4,2,5,4,4,5,7,5,8,7],"heightMap":[{"0":-0.19980135560035706,"1":-0.24123510718345642,"2":-0.3483707010746002,"BYTES_PER_ELEMENT":4,"buffer":{"0":186,"1":152,"2":76,"3":190,"4":86,"5":6,"6":119,"7":190,"8":165,"9":93,"10":178,"11":190,"byteLength":12},"length":3,"byteOffset":0,"byteLength":12},{"0":-0.22486072778701782,"1":-0.22259125113487244,"2":-0.26029032468795776,"BYTES_PER_ELEMENT":4,"buffer":{"0":228,"1":65,"2":102,"3":190,"4":246,"5":238,"6":99,"7":190,"8":198,"9":68,"10":133,"11":190,"byteLength":12},"length":3,"byteOffset":0,"byteLength":12},{"0":-0.1791517585515976,"1":-0.21721391379833221,"2":-0.22070108354091644,"BYTES_PER_ELEMENT":4,"buffer":{"0":143,"1":115,"2":55,"3":190,"4":83,"5":109,"6":94,"7":190,"8":119,"9":255,"10":97,"11":190,"byteLength":12},"length":3,"byteOffset":0,"byteLength":12}],"roughness":0.02880057323084316}