{"vertices":[-50,-16.967414021492004,-50,-50,-18.308372497558594,0,-50,-17.58799433708191,50,0,-15.205806493759155,-50,0,-14.994107484817505,0,0,-18.079667687416077,50,50,-14.414021670818329,-50,50,-12.182391732931137,0,50,-15.631875395774841,50],"normals":[0.035197663667919765,-0.9990211529471154,-0.026792917656285012,0.02552297770445517,-0.9996652754896869,0.004232562961890974,0.015817967822986494,-0.9988804637752345,0.04458263094662912,0.06613889123128759,-0.9977912293831156,-0.006189477589149346,0.061118568266780686,-0.99771947565026,-0.028642076062831746,0.05614148701556485,-0.9983492637529198,-0.012119447169081345,-0.009831971309156315,-0.999847897234412,0.014405371779324138,0.019503552935932474,-0.9979114338278354,-0.061582316118744936,0.04878161029950817,-0.9964409657242668,-0.06874413664508125],"colors":[],"uvs":[],"faces":[0,1,3,1,4,3,3,4,6,4,7,6,1,2,4,2,5,4,4,5,7,5,8,7],"heightMap":[{"0":-0.3483707010746002,"1":-0.4154186248779297,"2":-0.37939971685409546,"BYTES_PER_ELEMENT":4,"buffer":{"0":165,"1":93,"2":178,"3":190,"4":192,"5":177,"6":212,"7":190,"8":174,"9":64,"10":194,"11":190,"byteLength":12},"length":3,"byteOffset":0,"byteLength":12},{"0":-0.26029032468795776,"1":-0.24970537424087524,"2":-0.40398338437080383,"BYTES_PER_ELEMENT":4,"buffer":{"0":198,"1":68,"2":133,"3":190,"4":196,"5":178,"6":127,"7":190,"8":233,"9":214,"10":206,"11":190,"byteLength":12},"length":3,"byteOffset":0,"byteLength":12},{"0":-0.22070108354091644,"1":-0.10911958664655685,"2":-0.28159376978874207,"BYTES_PER_ELEMENT":4,"buffer":{"0":119,"1":255,"2":97,"3":190,"4":23,"5":122,"6":223,"7":189,"8":15,"9":45,"10":144,"11":190,"byteLength":12},"length":3,"byteOffset":0,"byteLength":12}],"roughness":0.22594076719223333}