{"vertices":[-50,-17.58799433708191,-50,-50,-16.77130877971649,0,-50,-17.58892834186554,50,0,-18.079667687416077,-50,0,-15.95707654953003,0,0,-16.0385000705719,50,50,-15.631875395774841,-50,50,-17.146212458610535,0,50,-15.630964636802673,50],"normals":[-0.009831680324084864,-0.9998183059344917,0.016330743408925156,0.01952303014636628,-0.9989097164513965,0.042405538233759976,0.048874928001256444,-0.9983471262687488,-0.03023668109768544,0.016282485772784332,-0.9998674314977423,-0.000009336316614780763,-0.0037467281198548274,-0.9997849312072491,0.020397386090184308,-0.02377599506953507,-0.9997173110313256,0.00000909667055229516,0.030989529263172905,-0.999386099858589,-0.016342352507684482,0.01957330442910998,-0.9998070988249836,-0.0016281562869797435,0.008146698128865504,-0.9995079511882041,0.030290044918351293],"colors":[],"uvs":[],"faces":[0,1,3,1,4,3,3,4,6,4,7,6,1,2,4,2,5,4,4,5,7,5,8,7],"heightMap":[{"0":-0.37939971685409546,"1":-0.3385654389858246,"2":-0.379446417093277,"BYTES_PER_ELEMENT":4,"buffer":{"0":174,"1":64,"2":194,"3":190,"4":115,"5":88,"6":173,"7":190,"8":205,"9":70,"10":194,"11":190,"byteLength":12},"length":3,"byteOffset":0,"byteLength":12},{"0":-0.40398338437080383,"1":-0.29785382747650146,"2":-0.30192500352859497,"BYTES_PER_ELEMENT":4,"buffer":{"0":233,"1":214,"2":206,"3":190,"4":76,"5":128,"6":152,"7":190,"8":234,"9":149,"10":154,"11":190,"byteLength":12},"length":3,"byteOffset":0,"byteLength":12},{"0":-0.28159376978874207,"1":-0.35731062293052673,"2":-0.28154823184013367,"BYTES_PER_ELEMENT":4,"buffer":{"0":15,"1":45,"2":144,"3":190,"4":107,"5":241,"6":182,"7":190,"8":23,"9":39,"10":144,"11":190,"byteLength":12},"length":3,"byteOffset":0,"byteLength":12}],"roughness":0.07727152146303942}