{"vertices":[-50,-13.253545761108398,-50,-50,-15.014848709106445,0,-50,-15.507677793502808,50,0,-12.169494777917862,-50,0,-14.301610291004181,0,0,-14.97875988483429,50,50,-14.439889788627625,-50,50,-14.058870375156403,0,50,-14.499564170837402,50],"normals":[0.021662495948298124,-0.9991456252611807,-0.03519596270503739,-0.011838543260231963,-0.9990220403516095,-0.04260060780297626,-0.04535984541870494,-0.9989417084854477,0.0076123236771813135,0.014259696865971625,-0.9996444739974074,-0.022529683791327283,0.009555367326132649,-0.9995601659847909,-0.028074357191572,0.004854740242177115,-0.9999880376537478,-0.00059669639491316,0.010577252623380372,-0.9998954894538573,-0.009855551571191942,0.010079697269403123,-0.999857509517917,-0.013541062129160827,0.009583101974831858,-0.9999152428661026,-0.008813128874759029],"colors":[],"uvs":[],"faces":[0,1,3,1,4,3,3,4,6,4,7,6,1,2,4,2,5,4,4,5,7,5,8,7],"heightMap":[{"0":-0.16267728805541992,"1":-0.25074243545532227,"2":-0.2753838896751404,"BYTES_PER_ELEMENT":4,"buffer":{"0":224,"1":148,"2":38,"3":190,"4":80,"5":97,"6":128,"7":190,"8":30,"9":255,"10":140,"11":190,"byteLength":12},"length":3,"byteOffset":0,"byteLength":12},{"0":-0.1084747388958931,"1":-0.21508051455020905,"2":-0.24893799424171448,"BYTES_PER_ELEMENT":4,"buffer":{"0":1,"1":40,"2":222,"3":189,"4":17,"5":62,"6":92,"7":190,"8":154,"9":233,"10":126,"11":190,"byteLength":12},"length":3,"byteOffset":0,"byteLength":12},{"0":-0.22199448943138123,"1":-0.20294351875782013,"2":-0.22497820854187012,"BYTES_PER_ELEMENT":4,"buffer":{"0":134,"1":82,"2":99,"3":190,"4":109,"5":208,"6":79,"7":190,"8":176,"9":96,"10":102,"11":190,"byteLength":12},"length":3,"byteOffset":0,"byteLength":12}],"roughness":0.02114304546351834}