{"vertices":[-50,-9.23907034099102,-50,-50,-9.822467677295208,0,-50,-8.786030039191246,50,0,-9.33148480951786,-50,0,-8.935993388295174,0,0,-9.27166573703289,50,50,-9.223797991871834,-50,50,-9.66649480164051,0,50,-9.483847431838512,50],"normals":[-0.0018481604130318242,-0.9999302287255255,-0.011667132638570176,0.00015271810058003693,-0.9999687071139373,0.007909580903094073,0.0021536469452981466,-0.999958487201897,-0.00885356864370784,0.017726518179794683,-0.9998326178072602,0.004528456900836249,0.0015593189030807702,-0.9999986053648573,0.0005981579214897507,-0.014608419859092479,-0.9998899106979895,-0.002600106456887467,-0.00971017013805636,-0.9997380939263903,0.020723323775832497,-0.006977794623769389,-0.9999531210199369,-0.006713132255207449,-0.00424356737350985,-0.9999843241419453,0.003652890132955101],"colors":[],"uvs":[],"faces":[0,1,3,1,4,3,3,4,6,4,7,6,1,2,4,2,5,4,4,5,7,5,8,7],"heightMap":[{"0":0.03804648295044899,"1":0.008876616135239601,"2":0.0606984980404377,"BYTES_PER_ELEMENT":4,"buffer":{"0":161,"1":214,"2":27,"3":61,"4":58,"5":111,"6":17,"7":60,"8":253,"9":158,"10":120,"11":61,"byteLength":12},"length":3,"byteOffset":0,"byteLength":12},{"0":0.03342575952410698,"1":0.05320033058524132,"2":0.036416713148355484,"BYTES_PER_ELEMENT":4,"buffer":{"0":115,"1":233,"2":8,"3":61,"4":151,"5":232,"6":89,"7":61,"8":177,"9":41,"10":21,"11":61,"byteLength":12},"length":3,"byteOffset":0,"byteLength":12},{"0":0.03881010040640831,"1":0.016675259917974472,"2":0.02580762840807438,"BYTES_PER_ELEMENT":4,"buffer":{"0":87,"1":247,"2":30,"3":61,"4":142,"5":154,"6":136,"7":60,"8":133,"9":106,"10":211,"11":60,"byteLength":12},"length":3,"byteOffset":0,"byteLength":12}],"roughness":0.02}