{"vertices":[-50,-12.2509104013443,-50,-50,-11.568693667650223,0,-50,-13.253545761108398,50,0,-13.38806927204132,-50,0,-11.849993616342545,0,0,-12.169494777917862,50,50,-13.782310783863068,-50,50,-12.516176402568817,0,50,-14.439889788627625,50],"normals":[-0.02273518262867513,-0.9996484754473929,0.013639538355239672,-0.015304127036459657,-0.9994101405383023,0.030743368144409113,-0.00788205856806327,-0.9996484809071907,0.025313786217703266,-0.005625627505987371,-0.9999339729955887,-0.01002007806462333,-0.00947355903516159,-0.9998809414274933,0.01218009233450089,-0.013322185882423345,-0.9998896817710924,-0.006568382678987784,0.021663635535328685,-0.9991981867665077,-0.03367002313506328,-0.011849034772311336,-0.999909383583283,-0.00638944419049837,-0.045327692510536186,-0.9982336178664788,-0.03840630746207315],"colors":[],"uvs":[],"faces":[0,1,3,1,4,3,3,4,6,4,7,6,1,2,4,2,5,4,4,5,7,5,8,7],"heightMap":[{"0":-0.11254552006721497,"1":-0.07843468338251114,"2":-0.16267728805541992,"BYTES_PER_ELEMENT":4,"buffer":{"0":68,"1":126,"2":230,"3":189,"4":93,"5":162,"6":160,"7":189,"8":224,"9":148,"10":38,"11":190,"byteLength":12},"length":3,"byteOffset":0,"byteLength":12},{"0":-0.16940346360206604,"1":-0.09249968081712723,"2":-0.1084747388958931,"BYTES_PER_ELEMENT":4,"buffer":{"0":26,"1":120,"2":45,"3":190,"4":121,"5":112,"6":189,"7":189,"8":1,"9":40,"10":222,"11":189,"byteLength":12},"length":3,"byteOffset":0,"byteLength":12},{"0":-0.18911553919315338,"1":-0.12580882012844086,"2":-0.22199448943138123,"BYTES_PER_ELEMENT":4,"buffer":{"0":129,"1":167,"2":65,"3":190,"4":7,"5":212,"6":0,"7":190,"8":134,"9":82,"10":99,"11":190,"byteLength":12},"length":3,"byteOffset":0,"byteLength":12}],"roughness":0.10243824805027314}