{"vertices":[-50,-13.671916127204895,-50,-50,-11.990596503019333,0,-50,-12.2509104013443,50,0,-12.24050059914589,-50,0,-13.988570868968964,0,0,-13.38806927204132,50,50,-16.49980664253235,-50,50,-14.827079474925995,0,50,-13.782310783863068,50],"normals":[0.028600434226574826,-0.9990262668645531,0.03359364935112431,-0.028159422463183356,-0.998993096720643,-0.03492620264271686,-0.08483159200484346,-0.9958381851494773,0.03331531173678674,-0.03992360146066381,-0.9991019439753483,0.014191955153886287,-0.02834776048939452,-0.9995323812108167,-0.011464003937124975,-0.016761628724730776,-0.9994905601237034,0.027160044663071495,-0.022736989731038056,-0.9997279323469297,-0.005204861506671752,-0.015310259990520892,-0.9998106869203057,0.012007758282419342,-0.007882864545572162,-0.999750699659494,0.020890164597449908],"colors":[],"uvs":[],"faces":[0,1,3,1,4,3,3,4,6,4,7,6,1,2,4,2,5,4,4,5,7,5,8,7],"heightMap":[{"0":-0.18359580636024475,"1":-0.09952982515096664,"2":-0.11254552006721497,"BYTES_PER_ELEMENT":4,"buffer":{"0":138,"1":0,"2":60,"3":190,"4":75,"5":214,"6":203,"7":189,"8":68,"9":126,"10":230,"11":189,"byteLength":12},"length":3,"byteOffset":0,"byteLength":12},{"0":-0.11202502995729446,"1":-0.19942854344844818,"2":-0.16940346360206604,"BYTES_PER_ELEMENT":4,"buffer":{"0":97,"1":109,"2":229,"3":189,"4":255,"5":54,"6":76,"7":190,"8":26,"9":120,"10":45,"11":190,"byteLength":12},"length":3,"byteOffset":0,"byteLength":12},{"0":-0.32499033212661743,"1":-0.24135397374629974,"2":-0.18911553919315338,"BYTES_PER_ELEMENT":4,"buffer":{"0":34,"1":101,"2":166,"3":190,"4":127,"5":37,"6":119,"7":190,"8":129,"9":167,"10":65,"11":190,"byteLength":12},"length":3,"byteOffset":0,"byteLength":12}],"roughness":0.04004764979787981}