{"vertices":[-50,-14.274725019931793,-50,-50,-13.312721848487854,0,-50,-13.671916127204895,50,0,-12.104354798793793,-50,0,-12.04946905374527,0,0,-12.24050059914589,50,50,-9.374851658940315,-50,50,-13.513902127742767,0,50,-16.49980664253235,50],"normals":[0.043358558542296505,-0.9988747108675796,0.01921841279459519,0.04893846731892452,-0.9988011935945059,0.0010963989533157692,0.05432364017072112,-0.9951195764815509,-0.08237700299100921,0.025256537692065033,-0.9996628464697604,0.0060250055423684825,-0.0020103011623910857,-0.9999970525729911,-0.001361445763506576,-0.02920216163836848,-0.9970466440864604,-0.07102973512250693,0.028615848377556725,-0.9995646902182105,-0.007180758358679053,-0.02817629825009929,-0.9995956736591457,-0.0038190861262975984,-0.08472884779258563,-0.994632070688445,-0.05939752780846275],"colors":[],"uvs":[],"faces":[0,1,3,1,4,3,3,4,6,4,7,6,1,2,4,2,5,4,4,5,7,5,8,7],"heightMap":[{"0":-0.21373625099658966,"1":-0.1656360924243927,"2":-0.18359580636024475,"BYTES_PER_ELEMENT":4,"buffer":{"0":173,"1":221,"2":90,"3":190,"4":130,"5":156,"6":41,"7":190,"8":138,"9":0,"10":60,"11":190,"byteLength":12},"length":3,"byteOffset":0,"byteLength":12},{"0":-0.10521773993968964,"1":-0.10247345268726349,"2":-0.11202502995729446,"BYTES_PER_ELEMENT":4,"buffer":{"0":102,"1":124,"2":215,"3":189,"4":154,"5":221,"6":209,"7":189,"8":97,"9":109,"10":229,"11":189,"byteLength":12},"length":3,"byteOffset":0,"byteLength":12},{"0":0.03125741705298424,"1":-0.17569510638713837,"2":-0.32499033212661743,"BYTES_PER_ELEMENT":4,"buffer":{"0":199,"1":7,"2":0,"3":61,"4":107,"5":233,"6":51,"7":190,"8":34,"9":101,"10":166,"11":190,"byteLength":12},"length":3,"byteOffset":0,"byteLength":12}],"roughness":0.2611468008065003}