{"vertices":[-50,-8.747684955596924,-50,-50,-8.385940194129944,0,-50,-14.274725019931793,50,0,-10.155866984277964,-50,0,-9.615205228328705,0,0,-12.104354798793793,50,50,-6.530950963497162,-50,50,-7.675191760063171,0,50,-9.374851658940315,50],"normals":[-0.028151741456029368,-0.9995775007296971,0.007231838491384485,0.022104666322620137,-0.999697218395862,0.01080996107030993,0.0722897142036268,-0.9971226062784166,-0.022818967305639818,-0.024540730902135377,-0.9981871370046371,-0.05495627393914771,0.00709883820410329,-0.9997853788461445,-0.01946285543344469,0.03875545157445329,-0.9988449103165904,-0.028405283098443083,0.04306944400748847,-0.9922142219797334,-0.11685872108678085,0.04887811440296514,-0.997569354490642,-0.049661986604790334,0.05447753004882003,-0.9979385854772167,-0.03392312390555613],"colors":[],"uvs":[],"faces":[0,1,3,1,4,3,3,4,6,4,7,6,1,2,4,2,5,4,4,5,7,5,8,7],"heightMap":[{"0":0.06261575222015381,"1":0.08070299029350281,"2":-0.21373625099658966,"BYTES_PER_ELEMENT":4,"buffer":{"0":176,"1":60,"2":128,"3":61,"4":156,"5":71,"6":165,"7":61,"8":173,"9":221,"10":90,"11":190,"byteLength":12},"length":3,"byteOffset":0,"byteLength":12},{"0":-0.007793349213898182,"1":0.01923973858356476,"2":-0.10521773993968964,"BYTES_PER_ELEMENT":4,"buffer":{"0":90,"1":95,"2":255,"3":187,"4":168,"5":156,"6":157,"7":60,"8":102,"9":124,"10":215,"11":189,"byteLength":12},"length":3,"byteOffset":0,"byteLength":12},{"0":0.1734524518251419,"1":0.11624041199684143,"2":0.03125741705298424,"BYTES_PER_ELEMENT":4,"buffer":{"0":133,"1":157,"2":49,"3":62,"4":116,"5":15,"6":238,"7":61,"8":199,"9":7,"10":0,"11":61,"byteLength":12},"length":3,"byteOffset":0,"byteLength":12}],"roughness":0.02}