{"vertices":[-50,-7.18059629201889,-50,-50,-8.073233962059021,0,-50,-8.747684955596924,50,0,-8.751047626137733,-50,0,-6.538962721824646,0,0,-10.155866984277964,50,50,-8.016560971736908,-50,50,-6.143656373023987,0,50,-6.530950963497162,50],"normals":[-0.03138854844619858,-0.9993480143022143,-0.017841113660919197,-0.008346761135477495,-0.9989879696346313,0.044196924144382976,0.014677856924015492,-0.9991915330299156,0.03742780834413486,0.030667226603866705,-0.9994069431680798,-0.015661518440480658,0.01928780360609912,-0.999715996456528,-0.013996680355859013,0.00790500855453573,-0.9998585373747667,0.014846416353617931,-0.028149918801445715,-0.9995127841466656,-0.013482447806431081,0.02204865708394156,-0.9971513568321415,-0.07213201985674564,0.07230638459848052,-0.9973525480861459,-0.0077253849333680305],"colors":[],"uvs":[],"faces":[0,1,3,1,4,3,3,4,6,4,7,6,1,2,4,2,5,4,4,5,7,5,8,7],"heightMap":[{"0":0.14097018539905548,"1":0.09633830189704895,"2":0.06261575222015381,"BYTES_PER_ELEMENT":4,"buffer":{"0":125,"1":90,"2":16,"3":62,"4":4,"5":77,"6":197,"7":61,"8":176,"9":60,"10":128,"11":61,"byteLength":12},"length":3,"byteOffset":0,"byteLength":12},{"0":0.06244761869311333,"1":0.1730518639087677,"2":-0.007793349213898182,"BYTES_PER_ELEMENT":4,"buffer":{"0":19,"1":201,"2":127,"3":61,"4":130,"5":52,"6":49,"7":62,"8":90,"9":95,"10":255,"11":187,"byteLength":12},"length":3,"byteOffset":0,"byteLength":12},{"0":0.0991719514131546,"1":0.19281718134880066,"2":0.1734524518251419,"BYTES_PER_ELEMENT":4,"buffer":{"0":170,"1":26,"2":203,"3":61,"4":222,"5":113,"6":69,"7":62,"8":133,"9":157,"10":49,"11":62,"byteLength":12},"length":3,"byteOffset":0,"byteLength":12}],"roughness":0.1391295549601182}