{"vertices":[-50,-8.235302120447159,-50,-50,-7.952546328306198,0,-50,-7.18059629201889,50,0,-10.2774572186172,-50,0,-9.696483798325062,0,0,-8.751047626137733,50,50,-7.911685407161713,-50,50,-6.187604367733002,0,50,-8.016560971736908,50],"normals":[-0.04080842669007818,-0.9991510127376285,0.005650314721501425,0.0032296575638551903,-0.999927285806251,0.011618623505565858,0.04723455177406991,-0.9982905271199826,0.0344226753929771,-0.03485561708955243,-0.9993367792359954,0.01053981136139787,0.01759610739427684,-0.9997287216743981,0.015259753072803571,0.07000537749658836,-0.9975460667905626,-0.0010448694840008458,-0.03138980803947044,-0.999388117209082,0.015429553866893101,-0.008353425063755616,-0.9997863937844799,0.01890468442289143,0.014678333761616038,-0.9992239936333648,-0.036550746440697994],"colors":[],"uvs":[],"faces":[0,1,3,1,4,3,3,4,6,4,7,6,1,2,4,2,5,4,4,5,7,5,8,7],"heightMap":[{"0":0.08823489397764206,"1":0.1023726835846901,"2":0.14097018539905548,"BYTES_PER_ELEMENT":4,"buffer":{"0":127,"1":180,"2":180,"3":61,"4":197,"5":168,"6":209,"7":61,"8":125,"9":90,"10":16,"11":62,"byteLength":12},"length":3,"byteOffset":0,"byteLength":12},{"0":-0.013872860930860043,"1":0.01517581008374691,"2":0.06244761869311333,"BYTES_PER_ELEMENT":4,"buffer":{"0":255,"1":74,"2":99,"3":188,"4":246,"5":163,"6":120,"7":60,"8":19,"9":201,"10":127,"11":61,"byteLength":12},"length":3,"byteOffset":0,"byteLength":12},{"0":0.10441572964191437,"1":0.19061978161334991,"2":0.0991719514131546,"BYTES_PER_ELEMENT":4,"buffer":{"0":234,"1":215,"2":213,"3":61,"4":213,"5":49,"6":67,"7":62,"8":170,"9":26,"10":203,"11":61,"byteLength":12},"length":3,"byteOffset":0,"byteLength":12}],"roughness":0.15119213512401986}