{"vertices":[-50,-7.426446378231049,-50,-50,-9.243822917342186,0,-50,-8.235302120447159,50,0,-9.03398759663105,-50,0,-9.159527122974396,0,0,-10.2774572186172,50,50,-8.952277526259422,-50,50,-6.995939314365387,0,50,-7.911685407161713,50],"normals":[-0.03211303641471755,-0.9988246661158683,-0.03630481029768988,-0.015252137271445537,-0.999880527736097,-0.0025104905570384815,0.001632949762232094,-0.9992340936712149,0.03909679680152602,0.0016858584319924283,-0.9999659203855857,-0.008081828305267167,0.022461723956106728,-0.9996704364855128,-0.012429375438211975,0.043228968780104036,-0.9990111935391324,0.010387080519895389,-0.040800792982134806,-0.9989641095011845,0.02014952159567332,0.003229070851106011,-0.9997449279761499,-0.022352898859015733,0.047254654164961954,-0.998715386161643,-0.01829139425386197],"colors":[],"uvs":[],"faces":[0,1,3,1,4,3,3,4,6,4,7,6,1,2,4,2,5,4,4,5,7,5,8,7],"heightMap":[{"0":0.12867768108844757,"1":0.0378088541328907,"2":0.08823489397764206,"BYTES_PER_ELEMENT":4,"buffer":{"0":21,"1":196,"2":3,"3":62,"4":117,"5":221,"6":26,"7":61,"8":127,"9":180,"10":180,"11":61,"byteLength":12},"length":3,"byteOffset":0,"byteLength":12},{"0":0.048300620168447495,"1":0.04202364385128021,"2":-0.013872860930860043,"BYTES_PER_ELEMENT":4,"buffer":{"0":223,"1":214,"2":69,"3":61,"4":252,"5":32,"6":44,"7":61,"8":255,"9":74,"10":99,"11":188,"byteLength":12},"length":3,"byteOffset":0,"byteLength":12},{"0":0.052386123687028885,"1":0.15020303428173065,"2":0.10441572964191437,"BYTES_PER_ELEMENT":4,"buffer":{"0":213,"1":146,"2":86,"3":61,"4":211,"5":206,"6":25,"7":62,"8":234,"9":215,"10":213,"11":61,"byteLength":12},"length":3,"byteOffset":0,"byteLength":12}],"roughness":0.1121485630508323}