{"vertices":[-50,-8.786030039191246,-50,-50,-11.153490394353867,0,-50,-7.426446378231049,50,0,-9.27166573703289,-50,0,-8.389106839895248,0,0,-9.03398759663105,50,50,-9.483847431838512,-50,50,-9.315198510885239,0,50,-8.952277526259422,50],"normals":[-0.00970138796831678,-0.9988339007442777,-0.04729399322809027,-0.006976865141396778,-0.9998199195220838,0.01764799931019313,-0.00424357154702122,-0.9999853076177756,0.0033729288619773075,0.055198316283981155,-0.9983838204172664,0.01352379415833611,0.01835478600119119,-0.9998287139834042,0.0023758209407348033,-0.018518395662104958,-0.9998143943087637,0.005314692380720658,-0.03204540784420457,-0.9967211875319629,0.07429647475467663,-0.015250917895542879,-0.9998005437981281,-0.012895042625388058,0.0016341561784796723,-0.9999723235136878,0.00725821880496306],"colors":[],"uvs":[],"faces":[0,1,3,1,4,3,3,4,6,4,7,6,1,2,4,2,5,4,4,5,7,5,8,7],"heightMap":[{"0":0.0606984980404377,"1":-0.05767451971769333,"2":0.12867768108844757,"BYTES_PER_ELEMENT":4,"buffer":{"0":253,"1":158,"2":120,"3":61,"4":30,"5":60,"6":108,"7":189,"8":21,"9":196,"10":3,"11":62,"byteLength":12},"length":3,"byteOffset":0,"byteLength":12},{"0":0.036416713148355484,"1":0.08054465800523758,"2":0.048300620168447495,"BYTES_PER_ELEMENT":4,"buffer":{"0":177,"1":41,"2":21,"3":61,"4":153,"5":244,"6":164,"7":61,"8":223,"9":214,"10":69,"11":61,"byteLength":12},"length":3,"byteOffset":0,"byteLength":12},{"0":0.02580762840807438,"1":0.03424007445573807,"2":0.052386123687028885,"BYTES_PER_ELEMENT":4,"buffer":{"0":133,"1":106,"2":211,"3":60,"4":82,"5":63,"6":12,"7":61,"8":213,"9":146,"10":86,"11":61,"byteLength":12},"length":3,"byteOffset":0,"byteLength":12}],"roughness":0.10237983740011261}