{"vertices":[-50,-15.507677793502808,-50,-50,-17.58754849433899,0,-50,-15.657234191894531,50,0,-14.97875988483429,-50,0,-15.442760586738586,0,0,-14.441633522510529,50,50,-14.499564170837402,-50,50,-14.558627009391785,0,50,-14.677300155162811,50],"normals":[0.010568627644096348,-0.9990801474941065,-0.04155915053120165,0.0100801875120685,-0.9999061392574499,-0.009279143009077447,0.009583467476609209,-0.9999533798701152,-0.0011812017007435513,0.04285629975894472,-0.9990801329836971,-0.0014917936350829753,0.03027009336312032,-0.9995273435969146,0.005367573929022613,0.017679879797165864,-0.9998421194578683,-0.0017770786014527425,0.024286749857983448,-0.9989608622990719,0.03856616880156294,0.009794844740066672,-0.999751648141623,0.020017568649223706,-0.004713267024014383,-0.9999860758753727,-0.0023734298670270992],"colors":[],"uvs":[],"faces":[0,1,3,1,4,3,3,4,6,4,7,6,1,2,4,2,5,4,4,5,7,5,8,7],"heightMap":[{"0":-0.2753838896751404,"1":-0.37937742471694946,"2":-0.28286170959472656,"BYTES_PER_ELEMENT":4,"buffer":{"0":30,"1":255,"2":140,"3":190,"4":194,"5":61,"6":194,"7":190,"8":64,"9":211,"10":144,"11":190,"byteLength":12},"length":3,"byteOffset":0,"byteLength":12},{"0":-0.24893799424171448,"1":-0.2721380293369293,"2":-0.22208167612552643,"BYTES_PER_ELEMENT":4,"buffer":{"0":154,"1":233,"2":126,"3":190,"4":173,"5":85,"6":139,"7":190,"8":97,"9":105,"10":99,"11":190,"byteLength":12},"length":3,"byteOffset":0,"byteLength":12},{"0":-0.22497820854187012,"1":-0.22793135046958923,"2":-0.23386500775814056,"BYTES_PER_ELEMENT":4,"buffer":{"0":176,"1":96,"2":102,"3":190,"4":214,"5":102,"6":105,"7":190,"8":79,"9":122,"10":111,"11":190,"byteLength":12},"length":3,"byteOffset":0,"byteLength":12}],"roughness":0.04969946929660693}