{"vertices":[-50,-15.657234191894531,-50,-50,-15.229033827781677,0,-50,-16.053903698921204,50,0,-14.441633522510529,-50,0,-15.804996490478516,0,0,-16.124736070632935,50,50,-14.677300155162811,-50,50,-15.42889952659607,0,50,-15.200809836387634,50],"normals":[0.0243039407621794,-0.9996679573438889,0.008561163666532125,0.009793168846295594,-0.9995805190434686,-0.02725582126332168,-0.004712747893508405,-0.9998759350166232,-0.015030122485394704,-0.011518398488449407,-0.9999257967970219,-0.00396577812066055,-0.0019981889795175293,-0.9998564231021599,-0.016826776939052282,0.007521623449244526,-0.9999580123698502,-0.005234374654739129,-0.0014164532723287637,-0.9998629426763758,-0.016495136333652995,0.008529609923923554,-0.9999431769066386,-0.00639442823124809,0.01847517852492016,-0.9998189162802278,0.004560967737577809],"colors":[],"uvs":[],"faces":[0,1,3,1,4,3,3,4,6,4,7,6,1,2,4,2,5,4,4,5,7,5,8,7],"heightMap":[{"0":-0.28286170959472656,"1":-0.26145169138908386,"2":-0.3026951849460602,"BYTES_PER_ELEMENT":4,"buffer":{"0":64,"1":211,"2":144,"3":190,"4":255,"5":220,"6":133,"7":190,"8":221,"9":250,"10":154,"11":190,"byteLength":12},"length":3,"byteOffset":0,"byteLength":12},{"0":-0.22208167612552643,"1":-0.2902498245239258,"2":-0.30623680353164673,"BYTES_PER_ELEMENT":4,"buffer":{"0":97,"1":105,"2":99,"3":190,"4":160,"5":155,"6":148,"7":190,"8":18,"9":203,"10":156,"11":190,"byteLength":12},"length":3,"byteOffset":0,"byteLength":12},{"0":-0.23386500775814056,"1":-0.27144497632980347,"2":-0.2600404918193817,"BYTES_PER_ELEMENT":4,"buffer":{"0":79,"1":122,"2":111,"3":190,"4":214,"5":250,"6":138,"7":190,"8":7,"9":36,"10":133,"11":190,"byteLength":12},"length":3,"byteOffset":0,"byteLength":12}],"roughness":0.03552238208861184}