{"vertices":[-50,-15.630964636802673,-50,-50,-15.533979535102844,0,-50,-15.842334032058716,50,0,-14.4777050614357,-50,0,-14.940420687198639,0,0,-15.409926772117615,50,50,-15.025489926338196,-50,50,-15.024031400680542,0,50,-15.503892302513123,50],"normals":[0.023059015222041398,-0.999732224842091,0.0019391826299781322,0.006052625803434899,-0.9999388650772126,-0.00925374675357772,-0.010955039861170178,-0.9999399913248912,0.000029168762669229612,0.01187031406273599,-0.9999273117272901,-0.0021135055919089046,0.005098959696642263,-0.9999435517517359,-0.009321690841017728,-0.0016721927970449217,-0.9999871591855605,-0.004783851507115842,0.008647657383467641,-0.9999435930661237,-0.006166742072483027,0.0033841549617656262,-0.9999501897061922,-0.00938965397365883,-0.0018792207472236237,-0.9999521842285387,-0.009596759138267307],"colors":[],"uvs":[],"faces":[0,1,3,1,4,3,3,4,6,4,7,6,1,2,4,2,5,4,4,5,7,5,8,7],"heightMap":[{"0":-0.28154823184013367,"1":-0.2766989767551422,"2":-0.2921167016029358,"BYTES_PER_ELEMENT":4,"buffer":{"0":23,"1":39,"2":144,"3":190,"4":125,"5":171,"6":141,"7":190,"8":82,"9":144,"10":149,"11":190,"byteLength":12},"length":3,"byteOffset":0,"byteLength":12},{"0":-0.22388525307178497,"1":-0.24702103435993195,"2":-0.27049633860588074,"BYTES_PER_ELEMENT":4,"buffer":{"0":45,"1":66,"2":101,"3":190,"4":21,"5":243,"6":124,"7":190,"8":127,"9":126,"10":138,"11":190,"byteLength":12},"length":3,"byteOffset":0,"byteLength":12},{"0":-0.2512744963169098,"1":-0.2512015700340271,"2":-0.27519461512565613,"BYTES_PER_ELEMENT":4,"buffer":{"0":13,"1":167,"2":128,"3":190,"4":126,"5":157,"6":128,"7":190,"8":79,"9":230,"10":140,"11":190,"byteLength":12},"length":3,"byteOffset":0,"byteLength":12}],"roughness":0.06504059368988252}