{"vertices":[-50,-16.053903698921204,-50,-50,-14.853011965751648,0,-50,-14.146183133125305,50,0,-16.124736070632935,-50,0,-16.113903522491455,0,0,-12.212703824043274,50,50,-15.200809836387634,-50,50,-13.499053120613098,0,50,-15.987242460250854,50],"normals":[-0.0014162375895746197,-0.9997106939594884,0.024010886158742986,0.0085297840770211,-0.9999635972621087,0.0002166430761413761,0.018464682780600553,-0.9992509194028482,0.03400963925675353,-0.025205233417629327,-0.9995004440667605,0.01906721056450275,0.013507811014630066,-0.999146810597424,0.03902806572952626,0.05222403392827271,-0.9986046217167528,-0.00783962793756691,0.0386368518450506,-0.9991534862453333,0.014124609845946589,-0.01829251800268092,-0.996803140672275,0.07777456223605758,-0.07518407244472272,-0.9959372481117712,-0.04956160887399745],"colors":[],"uvs":[],"faces":[0,1,3,1,4,3,3,4,6,4,7,6,1,2,4,2,5,4,4,5,7,5,8,7],"heightMap":[{"0":-0.3026951849460602,"1":-0.2426505982875824,"2":-0.20730915665626526,"BYTES_PER_ELEMENT":4,"buffer":{"0":221,"1":250,"2":154,"3":190,"4":102,"5":121,"6":120,"7":190,"8":218,"9":72,"10":84,"11":190,"byteLength":12},"length":3,"byteOffset":0,"byteLength":12},{"0":-0.30623680353164673,"1":-0.30569517612457275,"2":-0.1106351912021637,"BYTES_PER_ELEMENT":4,"buffer":{"0":18,"1":203,"2":156,"3":190,"4":20,"5":132,"6":156,"7":190,"8":180,"9":148,"10":226,"11":189,"byteLength":12},"length":3,"byteOffset":0,"byteLength":12},{"0":-0.2600404918193817,"1":-0.1749526560306549,"2":-0.2993621230125427,"BYTES_PER_ELEMENT":4,"buffer":{"0":7,"1":36,"2":133,"3":190,"4":202,"5":38,"6":51,"7":190,"8":254,"9":69,"10":153,"11":190,"byteLength":12},"length":3,"byteOffset":0,"byteLength":12}],"roughness":0.14554923116148571}