{"vertices":[-50,-14.146183133125305,-50,-50,-15.077823400497437,0,-50,-13.551952838897705,50,0,-12.212703824043274,-50,0,-15.091399550437927,0,0,-17.14391052722931,50,50,-15.987242460250854,-50,50,-18.031517267227173,0,50,-15.332338809967041,50],"normals":[0.03863401062487305,-0.999080011960809,-0.018615663389386406,-0.018317607506241142,-0.9981792271262419,-0.05746908550608461,-0.07521409956239213,-0.9963350068918957,-0.04073565107795358,-0.000271518200843492,-0.9999823294293908,0.0059386115242425555,-0.0294631399514021,-0.9983529318761947,-0.04922750042821823,-0.05869970741394186,-0.998254373944674,0.006522978602191893,-0.07162132017470028,-0.996967759494503,0.030424875101534066,-0.017734402493954256,-0.999001368563822,-0.04100922549613716,0.036155102152884824,-0.9978932053411638,0.053869836850062615],"colors":[],"uvs":[],"faces":[0,1,3,1,4,3,3,4,6,4,7,6,1,2,4,2,5,4,4,5,7,5,8,7],"heightMap":[{"0":-0.20730915665626526,"1":-0.2538911700248718,"2":-0.17759764194488525,"BYTES_PER_ELEMENT":4,"buffer":{"0":218,"1":72,"2":84,"3":190,"4":6,"5":254,"6":129,"7":190,"8":40,"9":220,"10":53,"11":190,"byteLength":12},"length":3,"byteOffset":0,"byteLength":12},{"0":-0.1106351912021637,"1":-0.25456997752189636,"2":-0.35719552636146545,"BYTES_PER_ELEMENT":4,"buffer":{"0":180,"1":148,"2":226,"3":189,"4":255,"5":86,"6":130,"7":190,"8":85,"9":226,"10":182,"11":190,"byteLength":12},"length":3,"byteOffset":0,"byteLength":12},{"0":-0.2993621230125427,"1":-0.40157586336135864,"2":-0.26661694049835205,"BYTES_PER_ELEMENT":4,"buffer":{"0":254,"1":69,"2":153,"3":190,"4":90,"5":155,"6":205,"7":190,"8":4,"9":130,"10":136,"11":190,"byteLength":12},"length":3,"byteOffset":0,"byteLength":12}],"roughness":0.15345537075989968}