{"vertices":[-50,-13.551952838897705,-50,-50,-13.998159766197205,0,-50,-13.900193572044373,50,0,-17.14391052722931,-50,0,-11.867928206920624,0,0,-10.333441458642483,50,50,-15.332338809967041,-50,50,-16.686413288116455,0,50,-14.38723474740982,50],"normals":[-0.07165165369605996,-0.9973900016809604,-0.008900846559386081,-0.01765184695737963,-0.9943239196781569,0.1049207084176398,0.03619442412910335,-0.9989785053556159,-0.027053825966437746,0.0425657591326094,-0.9990876096837231,-0.003479127179213199,-0.026683050584918953,-0.997340046652533,0.06782953747893367,-0.095921062987894,-0.9953446090580064,0.00939462050521266,0.0711540952619288,-0.9974634204963514,0.0019543539022538704,-0.0048399827478668115,-0.9995176952123774,0.030674933159458066,-0.08072595922941937,-0.9956842083327614,0.045785115302383175],"colors":[],"uvs":[],"faces":[0,1,3,1,4,3,3,4,6,4,7,6,1,2,4,2,5,4,4,5,7,5,8,7],"heightMap":[{"0":-0.17759764194488525,"1":-0.19990798830986023,"2":-0.19500967860221863,"BYTES_PER_ELEMENT":4,"buffer":{"0":40,"1":220,"2":53,"3":190,"4":174,"5":180,"6":76,"7":190,"8":158,"9":176,"10":71,"11":190,"byteLength":12},"length":3,"byteOffset":0,"byteLength":12},{"0":-0.35719552636146545,"1":-0.09339641034603119,"2":-0.016672072932124138,"BYTES_PER_ELEMENT":4,"buffer":{"0":85,"1":226,"2":182,"3":190,"4":158,"5":70,"6":191,"7":189,"8":223,"9":147,"10":136,"11":188,"byteLength":12},"length":3,"byteOffset":0,"byteLength":12},{"0":-0.26661694049835205,"1":-0.33432066440582275,"2":-0.21936173737049103,"BYTES_PER_ELEMENT":4,"buffer":{"0":4,"1":130,"2":136,"3":190,"4":20,"5":44,"6":171,"7":190,"8":93,"9":160,"10":96,"11":190,"byteLength":12},"length":3,"byteOffset":0,"byteLength":12}],"roughness":0.19927398209351538}