{"vertices":[-50,-13.900193572044373,-50,-50,-17.508780360221863,0,-50,-15.362874865531921,50,0,-10.333441458642483,-50,0,-14.357823729515076,0,0,-14.711045622825623,50,50,-14.38723474740982,-50,50,-14.108898341655731,0,50,-14.035431742668152,50],"normals":[0.07097057027992884,-0.9948907020095472,-0.0718029888590456,-0.004826806041384817,-0.9967649113886404,-0.08022726075240669,-0.08080946057257027,-0.9967141244779961,0.005548436539430788,0.06288771039758492,-0.9979145664007228,-0.01454833482591227,0.03391839313310618,-0.9984709190176064,-0.043650503816156615,0.004978415254184593,-0.9999814195323561,0.0035179499159099722,0.01302349034820855,-0.9989955570370653,0.04287500110033354,0.013272929946544065,-0.9998869607762498,-0.00706363930763831,0.013511029643040818,-0.9999076425051905,0.0014691962759308937],"colors":[],"uvs":[],"faces":[0,1,3,1,4,3,3,4,6,4,7,6,1,2,4,2,5,4,4,5,7,5,8,7],"heightMap":[{"0":-0.19500967860221863,"1":-0.37543901801109314,"2":-0.26814374327659607,"BYTES_PER_ELEMENT":4,"buffer":{"0":158,"1":176,"2":71,"3":190,"4":139,"5":57,"6":192,"7":190,"8":35,"9":74,"10":137,"11":190,"byteLength":12},"length":3,"byteOffset":0,"byteLength":12},{"0":-0.016672072932124138,"1":-0.21789118647575378,"2":-0.23555228114128113,"BYTES_PER_ELEMENT":4,"buffer":{"0":223,"1":147,"2":136,"3":188,"4":222,"5":30,"6":95,"7":190,"8":158,"9":52,"10":113,"11":190,"byteLength":12},"length":3,"byteOffset":0,"byteLength":12},{"0":-0.21936173737049103,"1":-0.20544491708278656,"2":-0.2017715871334076,"BYTES_PER_ELEMENT":4,"buffer":{"0":93,"1":160,"2":96,"3":190,"4":39,"5":96,"6":82,"7":190,"8":54,"9":157,"10":78,"11":190,"byteLength":12},"length":3,"byteOffset":0,"byteLength":12}],"roughness":0.02}