{"vertices":[-50,-15.362874865531921,-50,-50,-14.20371562242508,0,-50,-13.583035171031952,50,0,-14.711045622825623,-50,0,-14.228765666484833,0,0,-12.962321639060974,50,50,-14.035431742668152,-50,50,-15.299410820007324,0,50,-13.728634417057037,50],"normals":[0.013031976176933087,-0.9996464812491569,0.023174989171583813,0.013272643781177516,-0.9998654031358376,0.00964430085942036,0.01350672991518233,-0.9995894335411084,-0.025269202598505524,-0.0005009214875310094,-0.9998415298913854,0.017795060610104697,-0.010953423094591293,-0.9997871706960416,0.01748244359679381,-0.0214078951744778,-0.9997661271824958,0.0030647940733567482,0.01241235796916055,-0.999845929711494,0.012411696459538227,-0.001455244310151469,-0.9996783196394985,0.02532073274505124,-0.015316901095538226,-0.9993896444995017,0.03139635341865387],"colors":[],"uvs":[],"faces":[0,1,3,1,4,3,3,4,6,4,7,6,1,2,4,2,5,4,4,5,7,5,8,7],"heightMap":[{"0":-0.26814374327659607,"1":-0.21018578112125397,"2":-0.1791517585515976,"BYTES_PER_ELEMENT":4,"buffer":{"0":35,"1":74,"2":137,"3":190,"4":241,"5":58,"6":87,"7":190,"8":143,"9":115,"10":55,"11":190,"byteLength":12},"length":3,"byteOffset":0,"byteLength":12},{"0":-0.23555228114128113,"1":-0.21143828332424164,"2":-0.1481160819530487,"BYTES_PER_ELEMENT":4,"buffer":{"0":158,"1":52,"2":113,"3":190,"4":71,"5":131,"6":88,"7":190,"8":190,"9":171,"10":23,"11":190,"byteLength":12},"length":3,"byteOffset":0,"byteLength":12},{"0":-0.2017715871334076,"1":-0.2649705410003662,"2":-0.18643172085285187,"BYTES_PER_ELEMENT":4,"buffer":{"0":54,"1":157,"2":78,"3":190,"4":56,"5":170,"6":135,"7":190,"8":245,"9":231,"10":62,"11":190,"byteLength":12},"length":3,"byteOffset":0,"byteLength":12}],"roughness":0.12286204442474742}