{"vertices":[-50,-13.583035171031952,-50,-50,-14.344278275966644,0,-50,-14.414021670818329,50,0,-12.962321639060974,-50,0,-16.26951515674591,0,0,-14.345672130584717,50,50,-13.728634417057037,-50,50,-14.528486430644989,0,50,-16.852494478225708,50],"normals":[0.012411875933551971,-0.9998071005589342,-0.015221925231304707,-0.0014525381209650591,-0.9978185932765375,-0.06599958367019333,-0.015322495885229515,-0.9997546905911199,-0.01599311604726614,-0.03847489916482725,-0.9992250706638759,-0.008303029027322785,-0.0018394378963542705,-0.9999031597554775,-0.013794476403165128,0.034782545461615966,-0.9989078566070637,-0.03119725212085966,0.0013669881976093045,-0.9999980928453008,-0.001394865236804827,-0.024343366855077733,-0.9989644619656719,0.038437016270710535,-0.0500196855089245,-0.9976711264760104,-0.0463719145353834],"colors":[],"uvs":[],"faces":[0,1,3,1,4,3,3,4,6,4,7,6,1,2,4,2,5,4,4,5,7,5,8,7],"heightMap":[{"0":-0.1791517585515976,"1":-0.21721391379833221,"2":-0.22070108354091644,"BYTES_PER_ELEMENT":4,"buffer":{"0":143,"1":115,"2":55,"3":190,"4":83,"5":109,"6":94,"7":190,"8":119,"9":255,"10":97,"11":190,"byteLength":12},"length":3,"byteOffset":0,"byteLength":12},{"0":-0.1481160819530487,"1":-0.31347575783729553,"2":-0.21728360652923584,"BYTES_PER_ELEMENT":4,"buffer":{"0":190,"1":171,"2":23,"3":190,"4":229,"5":127,"6":160,"7":190,"8":152,"9":127,"10":94,"11":190,"byteLength":12},"length":3,"byteOffset":0,"byteLength":12},{"0":-0.18643172085285187,"1":-0.22642432153224945,"2":-0.3426247239112854,"BYTES_PER_ELEMENT":4,"buffer":{"0":245,"1":231,"2":62,"3":190,"4":199,"5":219,"6":103,"7":190,"8":130,"9":108,"10":175,"11":190,"byteLength":12},"length":3,"byteOffset":0,"byteLength":12}],"roughness":0.15482479882699976}