{"vertices":[-50,-14.414021670818329,-50,-50,-12.182391732931137,0,-50,-15.631875395774841,50,0,-14.345672130584717,-50,0,-15.880972146987915,0,0,-14.884254932403564,50,50,-16.852494478225708,-50,50,-15.10505735874176,0,50,-14.60320919752121,50],"normals":[0.001365629992227477,-0.9990045196792011,0.04458816788401439,-0.024349890922282597,-0.9992325410088423,-0.030682434732029702,-0.05004307666284871,-0.998137676368272,0.034883656520827484,-0.07376465061943747,-0.9972022014052807,-0.012105611568776094,-0.029155524624428105,-0.9995604087579081,-0.0053800211521857055,0.015512506111389775,-0.9996269143454265,0.02248097574362327,0.01491529288151764,-0.9975176986367836,-0.06881842009690071,0.010283851133221177,-0.9997485004635928,0.019929330813339072,0.005620542811804524,-0.9999338389101108,0.010036299167984906],"colors":[],"uvs":[],"faces":[0,1,3,1,4,3,3,4,6,4,7,6,1,2,4,2,5,4,4,5,7,5,8,7],"heightMap":[{"0":-0.22070108354091644,"1":-0.10911958664655685,"2":-0.28159376978874207,"BYTES_PER_ELEMENT":4,"buffer":{"0":119,"1":255,"2":97,"3":190,"4":23,"5":122,"6":223,"7":189,"8":15,"9":45,"10":144,"11":190,"byteLength":12},"length":3,"byteOffset":0,"byteLength":12},{"0":-0.21728360652923584,"1":-0.29404860734939575,"2":-0.24421274662017822,"BYTES_PER_ELEMENT":4,"buffer":{"0":152,"1":127,"2":94,"3":190,"4":138,"5":141,"6":150,"7":190,"8":232,"9":18,"10":122,"11":190,"byteLength":12},"length":3,"byteOffset":0,"byteLength":12},{"0":-0.3426247239112854,"1":-0.255252867937088,"2":-0.23016045987606049,"BYTES_PER_ELEMENT":4,"buffer":{"0":130,"1":108,"2":175,"3":190,"4":129,"5":176,"6":130,"7":190,"8":47,"9":175,"10":107,"11":190,"byteLength":12},"length":3,"byteOffset":0,"byteLength":12}],"roughness":0.04102733336673875}