{"vertices":[-50,-15.631875395774841,-50,-50,-17.146212458610535,0,-50,-15.630964636802673,50,0,-14.884254932403564,-50,0,-18.23094606399536,0,0,-14.4777050614357,50,50,-14.60320919752121,-50,50,-14.524171948432922,0,50,-15.025489926338196,50],"normals":[0.014943887246484886,-0.9994300570036417,-0.030269479540652088,0.010262933358926517,-0.9977148828530855,-0.06678087100603139,0.005620818881947283,-0.9999829537175058,0.0015807180359402363,-0.02168956851411941,-0.999764753597022,0.000009097101452391538,0.026151525752207656,-0.9996498115708166,0.0040437516321460846,0.0739319358349762,-0.9972543987045499,-0.004211072086738404,0.023048482879435638,-0.9992755911912319,0.030283003258765543,0.006035913773912344,-0.997176321881379,0.07485286116133646,-0.010954489329918379,-0.9998897406437323,-0.010025254058154883],"colors":[],"uvs":[],"faces":[0,1,3,1,4,3,3,4,6,4,7,6,1,2,4,2,5,4,4,5,7,5,8,7],"heightMap":[{"0":-0.28159376978874207,"1":-0.35731062293052673,"2":-0.28154823184013367,"BYTES_PER_ELEMENT":4,"buffer":{"0":15,"1":45,"2":144,"3":190,"4":107,"5":241,"6":182,"7":190,"8":23,"9":39,"10":144,"11":190,"byteLength":12},"length":3,"byteOffset":0,"byteLength":12},{"0":-0.24421274662017822,"1":-0.41154730319976807,"2":-0.22388525307178497,"BYTES_PER_ELEMENT":4,"buffer":{"0":232,"1":18,"2":122,"3":190,"4":84,"5":182,"6":210,"7":190,"8":45,"9":66,"10":101,"11":190,"byteLength":12},"length":3,"byteOffset":0,"byteLength":12},{"0":-0.23016045987606049,"1":-0.22620859742164612,"2":-0.2512744963169098,"BYTES_PER_ELEMENT":4,"buffer":{"0":47,"1":175,"2":107,"3":190,"4":58,"5":163,"6":103,"7":190,"8":13,"9":167,"10":128,"11":190,"byteLength":12},"length":3,"byteOffset":0,"byteLength":12}],"roughness":0.15709902524853256}