{"vertices":[-50,-9.223797991871834,-50,-50,-9.66649480164051,0,-50,-9.483847431838512,50,0,-10.945397391915321,-50,0,-10.651942193508148,0,0,-15.073727369308472,50,50,-6.097484529018402,-50,50,-5.061441957950592,0,50,-11.569354832172394,50],"normals":[-0.034410248382905316,-0.9993686214701317,-0.008848346010154953,0.031113315623672585,-0.999498649193833,0.005866161488137556,0.09648517995862456,-0.9951208147434488,0.020619750548597934,-0.0197050544572397,-0.9998024562170857,-0.002599879058670421,0.04576657063964288,-0.9981057186071493,-0.041114419558018374,0.1109554799803948,-0.9923573500156458,-0.053997882664462385,-0.11110468591897804,-0.9938020776995904,0.0036303067119118236,-0.020600604579630154,-0.9959009620156818,-0.08807320220812447,0.06933395302761969,-0.9892491778896649,-0.12875894921202968],"colors":[],"uvs":[],"faces":[0,1,3,1,4,3,3,4,6,4,7,6,1,2,4,2,5,4,4,5,7,5,8,7],"heightMap":[{"0":0.03881010040640831,"1":0.016675259917974472,"2":0.02580762840807438,"BYTES_PER_ELEMENT":4,"buffer":{"0":87,"1":247,"2":30,"3":61,"4":142,"5":154,"6":136,"7":60,"8":133,"9":106,"10":211,"11":60,"byteLength":12},"length":3,"byteOffset":0,"byteLength":12},{"0":-0.04726986959576607,"1":-0.03259710967540741,"2":-0.2536863684654236,"BYTES_PER_ELEMENT":4,"buffer":{"0":13,"1":158,"2":65,"3":189,"4":140,"5":132,"6":5,"7":189,"8":46,"9":227,"10":129,"11":190,"byteLength":12},"length":3,"byteOffset":0,"byteLength":12},{"0":0.1951257735490799,"1":0.2469279021024704,"2":-0.07846774160861969,"BYTES_PER_ELEMENT":4,"buffer":{"0":13,"1":207,"2":71,"3":62,"4":171,"5":218,"6":124,"7":62,"8":178,"9":179,"10":160,"11":189,"byteLength":12},"length":3,"byteOffset":0,"byteLength":12}],"roughness":0.23409309663809835}