{"vertices":[-50,-14.439889788627625,-50,-50,-14.058870375156403,0,-50,-14.499564170837402,50,0,-13.55481743812561,-50,0,-16.42410397529602,0,0,-14.571858048439026,50,50,-13.40522050857544,-50,50,-13.788292109966278,0,50,-13.034093081951141,50],"normals":[0.01769816066457273,-0.9998143459421318,0.007618973513419688,0.010328590496627774,-0.9983042408701912,-0.05728841836657932,0.002991837394955977,-0.9999661770974358,-0.007661172895947794,-0.04725182468345763,-0.9988828308685533,-0.0005960370030221059,0.0026988991690075114,-0.999944872774446,-0.010147283152275479,0.052642778927878525,-0.9986065322096284,0.003705624780124152,-0.0014458198830633114,-0.9999601149011006,-0.008813524371307493,0.014639307458897074,-0.9992074554788881,0.03701555878991825,0.030737270831046715,-0.9994138083808687,0.015075138457315144],"colors":[],"uvs":[],"faces":[0,1,3,1,4,3,3,4,6,4,7,6,1,2,4,2,5,4,4,5,7,5,8,7],"heightMap":[{"0":-0.22199448943138123,"1":-0.20294351875782013,"2":-0.22497820854187012,"BYTES_PER_ELEMENT":4,"buffer":{"0":134,"1":82,"2":99,"3":190,"4":109,"5":208,"6":79,"7":190,"8":176,"9":96,"10":102,"11":190,"byteLength":12},"length":3,"byteOffset":0,"byteLength":12},{"0":-0.17774087190628052,"1":-0.321205198764801,"2":-0.2285929024219513,"BYTES_PER_ELEMENT":4,"buffer":{"0":180,"1":1,"2":54,"3":190,"4":2,"5":117,"6":164,"7":190,"8":66,"9":20,"10":106,"11":190,"byteLength":12},"length":3,"byteOffset":0,"byteLength":12},{"0":-0.17026102542877197,"1":-0.1894146054983139,"2":-0.15170465409755707,"BYTES_PER_ELEMENT":4,"buffer":{"0":232,"1":88,"2":46,"3":190,"4":231,"5":245,"6":65,"7":190,"8":119,"9":88,"10":27,"11":190,"byteLength":12},"length":3,"byteOffset":0,"byteLength":12}],"roughness":0.1368556595496307}