{"vertices":[-50,-13.782310783863068,-50,-50,-12.516176402568817,0,-50,-14.439889788627625,50,0,-13.020186722278595,-50,0,-14.262269735336304,0,0,-13.55481743812561,50,50,-15.16869306564331,-50,50,-14.505479335784912,0,50,-13.40522050857544,50],"normals":[0.015235827890054402,-0.99956350009333,0.025311634275099675,-0.0138464974309211,-0.9995957509184759,-0.024831618042810068,-0.04292674185417584,-0.9989903447748141,0.013250882253012637,-0.0348998397665152,-0.9993692522495455,-0.006564970864819552,-0.019884324621081535,-0.9997880097514794,-0.005343144349463193,-0.00486337835593921,-0.9998327259632316,0.017631439076278368,0.017685593582374214,-0.9991043993376882,-0.0384398101415231,0.010344544328746774,-0.999846416401173,0.014146872882817787,0.0029912010824091786,-0.9997535014266479,0.021999752299564954],"colors":[],"uvs":[],"faces":[0,1,3,1,4,3,3,4,6,4,7,6,1,2,4,2,5,4,4,5,7,5,8,7],"heightMap":[{"0":-0.18911553919315338,"1":-0.12580882012844086,"2":-0.22199448943138123,"BYTES_PER_ELEMENT":4,"buffer":{"0":129,"1":167,"2":65,"3":190,"4":7,"5":212,"6":0,"7":190,"8":134,"9":82,"10":99,"11":190,"byteLength":12},"length":3,"byteOffset":0,"byteLength":12},{"0":-0.15100933611392975,"1":-0.21311348676681519,"2":-0.17774087190628052,"BYTES_PER_ELEMENT":4,"buffer":{"0":49,"1":162,"2":26,"3":190,"4":108,"5":58,"6":90,"7":190,"8":180,"9":1,"10":54,"11":190,"byteLength":12},"length":3,"byteOffset":0,"byteLength":12},{"0":-0.2584346532821655,"1":-0.2252739667892456,"2":-0.17026102542877197,"BYTES_PER_ELEMENT":4,"buffer":{"0":140,"1":81,"2":132,"3":190,"4":56,"5":174,"6":102,"7":190,"8":232,"9":88,"10":46,"11":190,"byteLength":12},"length":3,"byteOffset":0,"byteLength":12}],"roughness":0.02}