{"vertices":[-50,-16.49980664253235,-50,-50,-14.827079474925995,0,-50,-13.782310783863068,50,0,-13.142950534820557,-50,0,-15.786146521568298,0,0,-13.020186722278595,50,50,-12.549805641174316,-50,50,-14.539319276809692,0,50,-15.16869306564331,50],"normals":[0.06694903863239186,-0.9971985167697256,0.03336082100994961,0.03938437643823292,-0.997830841160046,-0.05274924949614713,0.011852685292592343,-0.9991391158853546,-0.039756017899011745,-0.01917073914783332,-0.9994472865557277,0.027158868844612244,0.0028761924729472,-0.9999951145942909,0.0012240524537511087,0.024920259406278126,-0.9993469228009553,-0.026166936377522824,0.015237385560103877,-0.9996656927761222,0.020888388346844467,-0.01382965623517972,-0.9983779079126046,0.05522946315570444,-0.042927116633606405,-0.9989990666348103,-0.012574876552183976],"colors":[],"uvs":[],"faces":[0,1,3,1,4,3,3,4,6,4,7,6,1,2,4,2,5,4,4,5,7,5,8,7],"heightMap":[{"0":-0.32499033212661743,"1":-0.24135397374629974,"2":-0.18911553919315338,"BYTES_PER_ELEMENT":4,"buffer":{"0":34,"1":101,"2":166,"3":190,"4":127,"5":37,"6":119,"7":190,"8":129,"9":167,"10":65,"11":190,"byteLength":12},"length":3,"byteOffset":0,"byteLength":12},{"0":-0.15714752674102783,"1":-0.2893073260784149,"2":-0.15100933611392975,"BYTES_PER_ELEMENT":4,"buffer":{"0":72,"1":235,"2":32,"3":190,"4":23,"5":32,"6":148,"7":190,"8":49,"9":162,"10":26,"11":190,"byteLength":12},"length":3,"byteOffset":0,"byteLength":12},{"0":-0.12749028205871582,"1":-0.22696596384048462,"2":-0.2584346532821655,"BYTES_PER_ELEMENT":4,"buffer":{"0":208,"1":140,"2":2,"3":190,"4":196,"5":105,"6":104,"7":190,"8":140,"9":81,"10":132,"11":190,"byteLength":12},"length":3,"byteOffset":0,"byteLength":12}],"roughness":0.0745051234394208}