{"vertices":[-50,-9.374851658940315,-50,-50,-13.513902127742767,0,-50,-16.49980664253235,50,0,-9.001013338565826,-50,0,-10.33022366464138,0,0,-13.142950534820557,50,50,-7.385232746601105,-50,50,-11.86466857790947,0,50,-12.549805641174316,50],"normals":[0.007451072477832372,-0.996563497071185,-0.08249653219487799,0.019882167553404717,-0.9994492271481507,-0.02656956466227107,0.03217004301449587,-0.995495402484642,-0.08918515551584895,0.06338489095696946,-0.995466277320338,-0.07091717927527168,0.016439471318720495,-0.9990086732959128,-0.041369245367798346,-0.030633784762565126,-0.9982041224706047,-0.05147913279971512,0.06686773168881878,-0.9959874588487991,-0.05947846900100864,0.039377135321639015,-0.9976471032099026,-0.056122176283098214,0.011860949910622904,-0.999835793722346,-0.013700491189160106],"colors":[],"uvs":[],"faces":[0,1,3,1,4,3,3,4,6,4,7,6,1,2,4,2,5,4,4,5,7,5,8,7],"heightMap":[{"0":0.03125741705298424,"1":-0.17569510638713837,"2":-0.32499033212661743,"BYTES_PER_ELEMENT":4,"buffer":{"0":199,"1":7,"2":0,"3":61,"4":107,"5":233,"6":51,"7":190,"8":34,"9":101,"10":166,"11":190,"byteLength":12},"length":3,"byteOffset":0,"byteLength":12},{"0":0.04994933307170868,"1":-0.016511183232069016,"2":-0.15714752674102783,"BYTES_PER_ELEMENT":4,"buffer":{"0":172,"1":151,"2":76,"3":61,"4":118,"5":66,"6":135,"7":188,"8":72,"9":235,"10":32,"11":190,"byteLength":12},"length":3,"byteOffset":0,"byteLength":12},{"0":0.13073836266994476,"1":-0.09323342889547348,"2":-0.12749028205871582,"BYTES_PER_ELEMENT":4,"buffer":{"0":71,"1":224,"2":5,"3":62,"4":43,"5":241,"6":190,"7":189,"8":208,"9":140,"10":2,"11":190,"byteLength":12},"length":3,"byteOffset":0,"byteLength":12}],"roughness":0.11015207914703865}