{"vertices":[-50,-6.530950963497162,-50,-50,-7.675191760063171,0,-50,-9.374851658940315,50,0,-6.44795835018158,-50,0,-8.103189915418625,0,0,-9.001013338565826,50,50,-7.061735987663269,-50,50,-6.9156113266944885,0,50,-7.385232746601105,50],"normals":[0.001659415507622885,-0.9997368689385044,-0.022878794225412048,-0.005304612267425565,-0.9994384298181876,-0.033086040730920266,-0.012274575547206285,-0.9999203944256171,0.0029222605726242517,-0.008556190657681761,-0.9995592913917847,-0.02842559750969043,0.007591131698337124,-0.9996454883909295,-0.025520036426278887,0.023744750870810447,-0.9997128230612677,-0.003233916039962334,0.007472241692892565,-0.9993948300173349,-0.03397262631451208,0.019885983481610206,-0.9996411077474016,-0.01795002402552865,0.03229732838608288,-0.9994342222792353,-0.009387114371400784],"colors":[],"uvs":[],"faces":[0,1,3,1,4,3,3,4,6,4,7,6,1,2,4,2,5,4,4,5,7,5,8,7],"heightMap":[{"0":0.1734524518251419,"1":0.11624041199684143,"2":0.03125741705298424,"BYTES_PER_ELEMENT":4,"buffer":{"0":133,"1":157,"2":49,"3":62,"4":116,"5":15,"6":238,"7":61,"8":199,"9":7,"10":0,"11":61,"byteLength":12},"length":3,"byteOffset":0,"byteLength":12},{"0":0.17760208249092102,"1":0.09484050422906876,"2":0.04994933307170868,"BYTES_PER_ELEMENT":4,"buffer":{"0":82,"1":221,"2":53,"3":62,"4":189,"5":59,"6":194,"7":61,"8":172,"9":151,"10":76,"11":61,"byteLength":12},"length":3,"byteOffset":0,"byteLength":12},{"0":0.14691320061683655,"1":0.15421943366527557,"2":0.13073836266994476,"BYTES_PER_ELEMENT":4,"buffer":{"0":106,"1":112,"2":22,"3":62,"4":179,"5":235,"6":29,"7":62,"8":71,"9":224,"10":5,"11":62,"byteLength":12},"length":3,"byteOffset":0,"byteLength":12}],"roughness":0.037357195568081356}