{"vertices":[-50,-8.016560971736908,-50,-50,-6.143656373023987,0,-50,-6.530950963497162,50,0,-7.203942537307739,-50,0,-7.400769889354706,0,0,-6.44795835018158,50,50,-6.550127565860748,-50,50,-7.638324052095413,0,50,-7.061735987663269,50],"normals":[0.01623883724069316,-0.9991674168763028,0.03742690499903477,0.014662607039332459,-0.9998847509207703,-0.003936093357517519,0.013072086593596967,-0.9996778266385113,-0.02175691796629469,-0.025131558870720393,-0.9995739662427123,0.014842195206250693,-0.014943028324710957,-0.9998597830772826,0.007557783348046917,-0.004750967492706038,-0.9999756345864931,-0.005114542132363935,0.0016598001876201162,-0.9999686245019597,-0.007745648778250212,-0.005306554511160006,-0.9998044021669548,0.019052503426015274,-0.012273812012567189,-0.9998581948119075,0.01153012602506431],"colors":[],"uvs":[],"faces":[0,1,3,1,4,3,3,4,6,4,7,6,1,2,4,2,5,4,4,5,7,5,8,7],"heightMap":[{"0":0.0991719514131546,"1":0.19281718134880066,"2":0.1734524518251419,"BYTES_PER_ELEMENT":4,"buffer":{"0":170,"1":26,"2":203,"3":61,"4":222,"5":113,"6":69,"7":62,"8":133,"9":157,"10":49,"11":62,"byteLength":12},"length":3,"byteOffset":0,"byteLength":12},{"0":0.13980287313461304,"1":0.1299615055322647,"2":0.17760208249092102,"BYTES_PER_ELEMENT":4,"buffer":{"0":124,"1":40,"2":15,"3":62,"4":161,"5":20,"6":5,"7":62,"8":82,"9":221,"10":53,"11":62,"byteLength":12},"length":3,"byteOffset":0,"byteLength":12},{"0":0.17249362170696259,"1":0.11808379739522934,"2":0.14691320061683655,"BYTES_PER_ELEMENT":4,"buffer":{"0":43,"1":162,"2":48,"3":62,"4":235,"5":213,"6":241,"7":61,"8":106,"9":112,"10":22,"11":62,"byteLength":12},"length":3,"byteOffset":0,"byteLength":12}],"roughness":0.13630661117137152}