{"vertices":[-50,-7.911685407161713,-50,-50,-6.187604367733002,0,-50,-8.016560971736908,50,0,-6.059749126434326,-50,0,-6.544418632984161,0,0,-7.203942537307739,50,50,-5.136309266090393,-50,50,-5.635941922664642,0,50,-6.550127565860748,50],"normals":[0.03699139120885479,-0.9987220293110098,0.03443755428789755,0.027739388794519457,-0.999568229596868,-0.009689204812032125,0.018464726648763172,-0.9997795980934819,-0.009990450731683633,-0.0071360996843372135,-0.999973989172511,-0.0010474061819602198,0.005515296644677943,-0.9999193395298746,-0.011440976228479406,0.0181647210719535,-0.9997350986336684,-0.01413419500033661,0.016239364764188788,-0.9991998751293575,-0.03654986420675434,0.014661445495812796,-0.9998055415751536,-0.013187913086879891,0.013072997059472615,-0.9997474538201614,-0.018279095382085074],"colors":[],"uvs":[],"faces":[0,1,3,1,4,3,3,4,6,4,7,6,1,2,4,2,5,4,4,5,7,5,8,7],"heightMap":[{"0":0.10441572964191437,"1":0.19061978161334991,"2":0.0991719514131546,"BYTES_PER_ELEMENT":4,"buffer":{"0":234,"1":215,"2":213,"3":61,"4":213,"5":49,"6":67,"7":62,"8":170,"9":26,"10":203,"11":61,"byteLength":12},"length":3,"byteOffset":0,"byteLength":12},{"0":0.1970125436782837,"1":0.17277906835079193,"2":0.13980287313461304,"BYTES_PER_ELEMENT":4,"buffer":{"0":168,"1":189,"2":73,"3":62,"4":255,"5":236,"6":48,"7":62,"8":124,"9":40,"10":15,"11":62,"byteLength":12},"length":3,"byteOffset":0,"byteLength":12},{"0":0.24318453669548035,"1":0.21820290386676788,"2":0.17249362170696259,"BYTES_PER_ELEMENT":4,"buffer":{"0":94,"1":5,"2":121,"3":62,"4":149,"5":112,"6":95,"7":62,"8":43,"9":162,"10":48,"11":62,"byteLength":12},"length":3,"byteOffset":0,"byteLength":12}],"roughness":0.02}