{"vertices":[-50,-8.952277526259422,-50,-50,-6.995939314365387,0,-50,-7.911685407161713,50,0,-8.87529730796814,-50,0,-6.733558773994446,0,0,-6.059749126434326,50,50,-10.081727197393775,-50,50,-8.26659843325615,0,50,-5.136309266090393,50],"normals":[0.0015384254036871915,-0.999234243442906,0.03909680266160767,-0.011281576569851837,-0.9990202710343814,0.042792804213903565,-0.024105707436643902,-0.9990513186025379,0.036268135704901804,0.005247254944838348,-0.9999321857901557,0.01039664063364887,-0.01269644813912276,-0.9995234690379127,0.028136009792921978,-0.03060903182066388,-0.9983118060822014,0.04936218196042938,0.03700714786938938,-0.9991474397503042,-0.018299307281575868,0.02773817451008909,-0.9995244662231066,0.013469784566270163,0.018429578583714367,-0.9978764928368108,0.06247283951392853],"colors":[],"uvs":[],"faces":[0,1,3,1,4,3,3,4,6,4,7,6,1,2,4,2,5,4,4,5,7,5,8,7],"heightMap":[{"0":0.052386123687028885,"1":0.15020303428173065,"2":0.10441572964191437,"BYTES_PER_ELEMENT":4,"buffer":{"0":213,"1":146,"2":86,"3":61,"4":211,"5":206,"6":25,"7":62,"8":234,"9":215,"10":213,"11":61,"byteLength":12},"length":3,"byteOffset":0,"byteLength":12},{"0":0.05623513460159302,"1":0.1633220613002777,"2":0.1970125436782837,"BYTES_PER_ELEMENT":4,"buffer":{"0":208,"1":86,"2":102,"3":61,"4":230,"5":61,"6":39,"7":62,"8":168,"9":189,"10":73,"11":62,"byteLength":12},"length":3,"byteOffset":0,"byteLength":12},{"0":-0.004086359869688749,"1":0.08667007833719254,"2":0.24318453669548035,"BYTES_PER_ELEMENT":4,"buffer":{"0":223,"1":230,"2":133,"3":187,"4":21,"5":128,"6":177,"7":61,"8":94,"9":5,"10":121,"11":62,"byteLength":12},"length":3,"byteOffset":0,"byteLength":12}],"roughness":0.1852542371308573}