{"vertices":[-50,-9.483847431838512,-50,-50,-9.315198510885239,0,-50,-8.952277526259422,50,0,-15.073727369308472,-50,0,-11.05926439166069,0,0,-8.87529730796814,50,50,-11.569354832172394,-50,50,-11.90344363451004,0,50,-10.081727197393775,50],"normals":[-0.11110479384254338,-0.9938030430473844,0.003352076217000425,-0.0206144321133897,-0.9965804991641163,0.0800147103628018,0.06991438574356913,-0.9975307277220323,-0.0066652769223930946,-0.03485962489761766,-0.9993780992412474,0.005312373193680121,-0.025822211175944926,-0.9977529539956298,0.06182439812064191,-0.016879313634868946,-0.9997470192406273,0.014865607646395388,0.0015395619860870985,-0.9999724736175765,0.00725821989448008,-0.011281165377522656,-0.9989838466441332,0.04363495676422709,-0.024105592149944875,-0.9990465405918123,0.03639959008880494],"colors":[],"uvs":[],"faces":[0,1,3,1,4,3,3,4,6,4,7,6,1,2,4,2,5,4,4,5,7,5,8,7],"heightMap":[{"0":0.02580762840807438,"1":0.03424007445573807,"2":0.052386123687028885,"BYTES_PER_ELEMENT":4,"buffer":{"0":133,"1":106,"2":211,"3":60,"4":82,"5":63,"6":12,"7":61,"8":213,"9":146,"10":86,"11":61,"byteLength":12},"length":3,"byteOffset":0,"byteLength":12},{"0":-0.2536863684654236,"1":-0.052963219583034515,"2":0.05623513460159302,"BYTES_PER_ELEMENT":4,"buffer":{"0":46,"1":227,"2":129,"3":190,"4":246,"5":239,"6":88,"7":189,"8":208,"9":86,"10":102,"11":61,"byteLength":12},"length":3,"byteOffset":0,"byteLength":12},{"0":-0.07846774160861969,"1":-0.09517218172550201,"2":-0.004086359869688749,"BYTES_PER_ELEMENT":4,"buffer":{"0":178,"1":179,"2":160,"3":189,"4":162,"5":233,"6":194,"7":189,"8":223,"9":230,"10":133,"11":187,"byteLength":12},"length":3,"byteOffset":0,"byteLength":12}],"roughness":0.09128017126544366}