{"vertices":[-50,-14.499564170837402,-50,-50,-14.558627009391785,0,-50,-14.677300155162811,50,0,-14.571858048439026,-50,0,-13.631779551506042,0,0,-14.5872300863266,50,50,-13.034093081951141,-50,50,-14.765969514846802,0,50,-14.381088614463806,50],"normals":[-0.0014458750319254862,-0.9999982570398296,-0.0011812547122041434,0.014646754930354958,-0.999716046817145,0.01879623117303291,0.030722357326486278,-0.9989288999297906,-0.03460042839853584,0.018533735895056927,-0.9998266563375356,-0.0017770511179529002,-0.0020725405076067126,-0.9999978404791461,-0.00015366485834537768,-0.022675911325545764,-0.9996522654262346,-0.013459244917633756,0.0018013933800207008,-0.9999955608429939,-0.0023734523792460025,0.0029615577642390406,-0.9998130882201598,-0.019105438997210882,0.004122672261216801,-0.9999618766574144,0.0076973245487315135],"colors":[],"uvs":[],"faces":[0,1,3,1,4,3,3,4,6,4,7,6,1,2,4,2,5,4,4,5,7,5,8,7],"heightMap":[{"0":-0.22497820854187012,"1":-0.22793135046958923,"2":-0.23386500775814056,"BYTES_PER_ELEMENT":4,"buffer":{"0":176,"1":96,"2":102,"3":190,"4":214,"5":102,"6":105,"7":190,"8":79,"9":122,"10":111,"11":190,"byteLength":12},"length":3,"byteOffset":0,"byteLength":12},{"0":-0.2285929024219513,"1":-0.18158897757530212,"2":-0.22936150431632996,"BYTES_PER_ELEMENT":4,"buffer":{"0":66,"1":20,"2":106,"3":190,"4":118,"5":242,"6":57,"7":190,"8":190,"9":221,"10":106,"11":190,"byteLength":12},"length":3,"byteOffset":0,"byteLength":12},{"0":-0.15170465409755707,"1":-0.2382984757423401,"2":-0.2190544307231903,"BYTES_PER_ELEMENT":4,"buffer":{"0":119,"1":88,"2":27,"3":190,"4":132,"5":4,"6":116,"7":190,"8":206,"9":79,"10":96,"11":190,"byteLength":12},"length":3,"byteOffset":0,"byteLength":12}],"roughness":0.0625582638085288}