{"vertices":[-50,-14.677300155162811,-50,-50,-15.42889952659607,0,-50,-15.200809836387634,50,0,-14.5872300863266,-50,0,-17.358198761940002,0,0,-14.908910095691681,50,50,-14.381088614463806,-50,50,-13.102701604366302,0,50,-16.152718663215637,50],"normals":[0.0018011949664809282,-0.9998854168504687,-0.015030265016201869,0.0029575601678518255,-0.9984635079481189,-0.05533422208534623,0.0041214475269510924,-0.9996648150679533,0.025559170280687896,-0.038556764369270004,-0.9992427214743739,-0.0052306311148331945,0.02316728648937142,-0.9997264578816684,-0.003207218123544088,0.08479019151349576,-0.996243075413537,-0.017616983671518406,0.005837834590482993,-0.9999725550567992,0.004561668605996851,-0.009505022157179596,-0.9987572323466947,0.048924895390406016,-0.024822366796460774,-0.9978371047031191,-0.06086840382594687],"colors":[],"uvs":[],"faces":[0,1,3,1,4,3,3,4,6,4,7,6,1,2,4,2,5,4,4,5,7,5,8,7],"heightMap":[{"0":-0.23386500775814056,"1":-0.27144497632980347,"2":-0.2600404918193817,"BYTES_PER_ELEMENT":4,"buffer":{"0":79,"1":122,"2":111,"3":190,"4":214,"5":250,"6":138,"7":190,"8":7,"9":36,"10":133,"11":190,"byteLength":12},"length":3,"byteOffset":0,"byteLength":12},{"0":-0.22936150431632996,"1":-0.3679099380970001,"2":-0.24544550478458405,"BYTES_PER_ELEMENT":4,"buffer":{"0":190,"1":221,"2":106,"3":190,"4":177,"5":94,"6":188,"7":190,"8":17,"9":86,"10":123,"11":190,"byteLength":12},"length":3,"byteOffset":0,"byteLength":12},{"0":-0.2190544307231903,"1":-0.15513508021831512,"2":-0.30763593316078186,"BYTES_PER_ELEMENT":4,"buffer":{"0":206,"1":79,"2":96,"3":190,"4":187,"5":219,"6":30,"7":190,"8":117,"9":130,"10":157,"11":190,"byteLength":12},"length":3,"byteOffset":0,"byteLength":12}],"roughness":0.1502330363147455}