{"vertices":[-50,-15.025489926338196,-50,-50,-15.024031400680542,0,-50,-15.503892302513123,50,0,-15.342305302619934,-50,0,-13.540917932987213,0,0,-12.490180730819702,50,50,-15.781386494636536,-50,50,-15.88937222957611,0,50,-14.865795969963074,50],"normals":[-0.006336180329219275,-0.9999799257824884,0.00002916992757785021,-0.007553837891008286,-0.9993231196843229,0.036003360919626144,-0.008781264776115051,-0.9999591118654695,-0.002159626392086352,0.029648889811938747,-0.999548937346357,-0.004781755189056283,-0.008636900797665258,-0.999556279353634,0.028506987728120145,-0.04691540076060018,-0.9988570105184557,0.009144271956049518,0.06016228065157948,-0.9981426427243331,-0.009579392573905075,0.006360959345720838,-0.9997590367340977,0.02100968026199343,-0.04744884873462985,-0.9986644291720307,0.02044418402040992],"colors":[],"uvs":[],"faces":[0,1,3,1,4,3,3,4,6,4,7,6,1,2,4,2,5,4,4,5,7,5,8,7],"heightMap":[{"0":-0.2512744963169098,"1":-0.2512015700340271,"2":-0.27519461512565613,"BYTES_PER_ELEMENT":4,"buffer":{"0":13,"1":167,"2":128,"3":190,"4":126,"5":157,"6":128,"7":190,"8":79,"9":230,"10":140,"11":190,"byteLength":12},"length":3,"byteOffset":0,"byteLength":12},{"0":-0.2671152651309967,"1":-0.17704589664936066,"2":-0.12450903654098511,"BYTES_PER_ELEMENT":4,"buffer":{"0":85,"1":195,"2":136,"3":190,"4":133,"5":75,"6":53,"7":190,"8":152,"9":254,"10":254,"11":189,"byteLength":12},"length":3,"byteOffset":0,"byteLength":12},{"0":-0.2890693247318268,"1":-0.29446861147880554,"2":-0.2432897984981537,"BYTES_PER_ELEMENT":4,"buffer":{"0":229,"1":0,"2":148,"3":190,"4":151,"5":196,"6":150,"7":190,"8":246,"9":32,"10":121,"11":190,"byteLength":12},"length":3,"byteOffset":0,"byteLength":12}],"roughness":0.1514463743275882}