{"vertices":[-50,-15.200809836387634,-50,-50,-13.499053120613098,0,-50,-15.987242460250854,50,0,-14.908910095691681,-50,0,-15.851665139198303,0,0,-15.559303164482117,50,50,-16.152718663215637,-50,50,-15.326204299926758,0,50,-15.091493129730225,50],"normals":[0.005834517099634115,-0.999404296441535,0.03401485946486615,-0.009514722864670741,-0.9997770320122199,-0.01885089678623204,-0.02486508307205498,-0.9995542610529601,0.016522919072937473,-0.0469987968225259,-0.9988641656857141,-0.00784165838437432,-0.01825297000902132,-0.9998122607449984,-0.006501718990012042,0.010508044911043778,-0.9998884907970731,0.010610700433952439,0.008547895622244119,-0.9987275890250891,-0.0497004668042869,0.008956979436514264,-0.9999427914743427,0.005846904982373095,0.009355688137940571,-0.9999452173896246,0.004693966242118912],"colors":[],"uvs":[],"faces":[0,1,3,1,4,3,3,4,6,4,7,6,1,2,4,2,5,4,4,5,7,5,8,7],"heightMap":[{"0":-0.2600404918193817,"1":-0.1749526560306549,"2":-0.2993621230125427,"BYTES_PER_ELEMENT":4,"buffer":{"0":7,"1":36,"2":133,"3":190,"4":202,"5":38,"6":51,"7":190,"8":254,"9":69,"10":153,"11":190,"byteLength":12},"length":3,"byteOffset":0,"byteLength":12},{"0":-0.24544550478458405,"1":-0.29258325695991516,"2":-0.27796515822410583,"BYTES_PER_ELEMENT":4,"buffer":{"0":17,"1":86,"2":123,"3":190,"4":121,"5":205,"6":149,"7":190,"8":115,"9":81,"10":142,"11":190,"byteLength":12},"length":3,"byteOffset":0,"byteLength":12},{"0":-0.30763593316078186,"1":-0.2663102149963379,"2":-0.25457465648651123,"BYTES_PER_ELEMENT":4,"buffer":{"0":117,"1":130,"2":157,"3":190,"4":208,"5":89,"6":136,"7":190,"8":156,"9":87,"10":130,"11":190,"byteLength":12},"length":3,"byteOffset":0,"byteLength":12}],"roughness":0.02}