{"vertices":[-50,-15.987242460250854,-50,-50,-18.031517267227173,0,-50,-15.332338809967041,50,0,-15.559303164482117,-50,0,-15.88134765625,0,0,-15.568662881851196,50,50,-15.091493129730225,-50,50,-15.303868651390076,0,50,-15.729600191116333,50],"normals":[0.008551328660268679,-0.9991287017598277,-0.04084987267869143,0.00895694677052081,-0.9999391446941646,-0.006440497873036884,0.009355706821075841,-0.9999472142616326,-0.004247286225222581,0.042962768868710505,-0.9990553454335519,0.0065281890122751,0.027259612772034106,-0.9996283833296764,-0.00009355862584807669,0.011548574776937834,-0.9999129561202926,-0.006380486141296982,-0.004719556873939255,-0.9985349432056068,0.053904480150440866,-0.00397250252938589,-0.9999725559548974,0.006253523861275045,-0.003218612842118337,-0.9999585729421577,-0.008514278058422716],"colors":[],"uvs":[],"faces":[0,1,3,1,4,3,3,4,6,4,7,6,1,2,4,2,5,4,4,5,7,5,8,7],"heightMap":[{"0":-0.2993621230125427,"1":-0.40157586336135864,"2":-0.26661694049835205,"BYTES_PER_ELEMENT":4,"buffer":{"0":254,"1":69,"2":153,"3":190,"4":90,"5":155,"6":205,"7":190,"8":4,"9":130,"10":136,"11":190,"byteLength":12},"length":3,"byteOffset":0,"byteLength":12},{"0":-0.27796515822410583,"1":-0.2940673828125,"2":-0.2784331440925598,"BYTES_PER_ELEMENT":4,"buffer":{"0":115,"1":81,"2":142,"3":190,"4":0,"5":144,"6":150,"7":190,"8":202,"9":142,"10":142,"11":190,"byteLength":12},"length":3,"byteOffset":0,"byteLength":12},{"0":-0.25457465648651123,"1":-0.2651934325695038,"2":-0.28648000955581665,"BYTES_PER_ELEMENT":4,"buffer":{"0":156,"1":87,"2":130,"3":190,"4":111,"5":199,"6":135,"7":190,"8":130,"9":173,"10":146,"11":190,"byteLength":12},"length":3,"byteOffset":0,"byteLength":12}],"roughness":0.02}