{"vertices":[-50,-15.332338809967041,-50,-50,-16.686413288116455,0,-50,-14.38723474740982,50,0,-15.568662881851196,-50,0,-15.636587142944336,0,0,-15.531895756721497,50,50,-15.729600191116333,-50,50,-15.012549757957458,0,50,-16.665210723876953,50],"normals":[-0.004724696437991748,-0.9996223406957391,-0.027071261986481573,-0.00397257654143577,-0.9999911865541888,-0.001358473248926905,-0.003218398577029374,-0.9998920050686358,0.014339459906931218,0.02099096168261651,-0.9997351361055615,0.009435950595111256,0.016735986485950236,-0.9998598759890708,0.0003676186366909042,0.01247923027039951,-0.9998784183949114,-0.009349718709610665,-0.022863076933219175,-0.9986833109204764,0.04592302474860422,-0.022773801468057422,-0.9997384518688714,0.00209328008772855,-0.022648117073261535,-0.999197828036577,-0.033026704952551805],"colors":[],"uvs":[],"faces":[0,1,3,1,4,3,3,4,6,4,7,6,1,2,4,2,5,4,4,5,7,5,8,7],"heightMap":[{"0":-0.26661694049835205,"1":-0.33432066440582275,"2":-0.21936173737049103,"BYTES_PER_ELEMENT":4,"buffer":{"0":4,"1":130,"2":136,"3":190,"4":20,"5":44,"6":171,"7":190,"8":93,"9":160,"10":96,"11":190,"byteLength":12},"length":3,"byteOffset":0,"byteLength":12},{"0":-0.2784331440925598,"1":-0.2818293571472168,"2":-0.27659478783607483,"BYTES_PER_ELEMENT":4,"buffer":{"0":202,"1":142,"2":142,"3":190,"4":240,"5":75,"6":144,"7":190,"8":213,"9":157,"10":141,"11":190,"byteLength":12},"length":3,"byteOffset":0,"byteLength":12},{"0":-0.28648000955581665,"1":-0.2506274878978729,"2":-0.33326053619384766,"BYTES_PER_ELEMENT":4,"buffer":{"0":130,"1":173,"2":146,"3":190,"4":63,"5":82,"6":128,"7":190,"8":32,"9":161,"10":170,"11":190,"byteLength":12},"length":3,"byteOffset":0,"byteLength":12}],"roughness":0.07424320271758618}