{"vertices":[-50,-14.38723474740982,-50,-50,-14.108898341655731,0,-50,-14.035431742668152,50,0,-15.531895756721497,-50,0,-14.843212366104126,0,0,-16.396700143814087,50,50,-16.665210723876953,-50,50,-17.646199464797974,0,50,-15.756266713142395,50],"normals":[-0.022886868954414233,-0.9997225714963809,0.005565183746030765,-0.02277169253269794,-0.9996458725149773,0.013768790178005488,-0.022656121138839195,-0.9995509542993382,-0.019610964642890243,-0.014684606074818791,-0.9998859878680403,0.0035176141886742044,-0.03533450823451086,-0.9993382098826271,-0.008637985668634886,-0.05596955876256678,-0.9983913017053808,0.009067368469345112,-0.047172743294205476,-0.9988856682135822,0.0014676946564217493,-0.017182048843729196,-0.9993701332152158,-0.03105018574716427,0.01279847995749591,-0.9992045499617938,0.03776858809152134],"colors":[],"uvs":[],"faces":[0,1,3,1,4,3,3,4,6,4,7,6,1,2,4,2,5,4,4,5,7,5,8,7],"heightMap":[{"0":-0.21936173737049103,"1":-0.20544491708278656,"2":-0.2017715871334076,"BYTES_PER_ELEMENT":4,"buffer":{"0":93,"1":160,"2":96,"3":190,"4":39,"5":96,"6":82,"7":190,"8":54,"9":157,"10":78,"11":190,"byteLength":12},"length":3,"byteOffset":0,"byteLength":12},{"0":-0.27659478783607483,"1":-0.2421606183052063,"2":-0.31983500719070435,"BYTES_PER_ELEMENT":4,"buffer":{"0":213,"1":157,"2":141,"3":190,"4":244,"5":248,"6":119,"7":190,"8":106,"9":193,"10":163,"11":190,"byteLength":12},"length":3,"byteOffset":0,"byteLength":12},{"0":-0.33326053619384766,"1":-0.3823099732398987,"2":-0.28781333565711975,"BYTES_PER_ELEMENT":4,"buffer":{"0":32,"1":161,"2":170,"3":190,"4":34,"5":190,"6":195,"7":190,"8":69,"9":92,"10":147,"11":190,"byteLength":12},"length":3,"byteOffset":0,"byteLength":12}],"roughness":0.1448221179258159}