{"vertices":[-50,-14.035431742668152,-50,-50,-15.299410820007324,0,-50,-13.728634417057037,50,0,-16.396700143814087,-50,0,-14.252826273441315,0,0,-13.981496095657349,50,50,-15.756266713142395,-50,50,-15.219583511352539,0,50,-14.86471801996231,50],"normals":[-0.04715776177460071,-0.9985684336375065,-0.025243392148183164,-0.01717457539763273,-0.9989346680256311,0.042831798659793,0.012806880426887043,-0.9998603924731942,0.010732165535507519,0.020927008691188707,-0.9997763085578302,0.0030648252343763965,0.00079771721583334,-0.9997083529722844,0.024136541688607648,-0.01933076361618713,-0.9997734104351357,0.008913437323092466,-0.005054675262232406,-0.9994941286105548,0.03139963584217637,-0.011359484451489673,-0.999920756237116,0.0054261735311938895,-0.017661238522538716,-0.9998188471395201,0.0070960241298275465],"colors":[],"uvs":[],"faces":[0,1,3,1,4,3,3,4,6,4,7,6,1,2,4,2,5,4,4,5,7,5,8,7],"heightMap":[{"0":-0.2017715871334076,"1":-0.2649705410003662,"2":-0.18643172085285187,"BYTES_PER_ELEMENT":4,"buffer":{"0":54,"1":157,"2":78,"3":190,"4":56,"5":170,"6":135,"7":190,"8":245,"9":231,"10":62,"11":190,"byteLength":12},"length":3,"byteOffset":0,"byteLength":12},{"0":-0.31983500719070435,"1":-0.21264131367206573,"2":-0.19907480478286743,"BYTES_PER_ELEMENT":4,"buffer":{"0":106,"1":193,"2":163,"3":190,"4":165,"5":190,"6":89,"7":190,"8":68,"9":218,"10":75,"11":190,"byteLength":12},"length":3,"byteOffset":0,"byteLength":12},{"0":-0.28781333565711975,"1":-0.26097917556762695,"2":-0.24323590099811554,"BYTES_PER_ELEMENT":4,"buffer":{"0":69,"1":92,"2":147,"3":190,"4":16,"5":159,"6":133,"7":190,"8":213,"9":18,"10":121,"11":190,"byteLength":12},"length":3,"byteOffset":0,"byteLength":12}],"roughness":0.02}