{"vertices":[-50,-13.728634417057037,-50,-50,-14.528486430644989,0,-50,-16.852494478225708,50,0,-13.981496095657349,-50,0,-13.990298211574554,0,0,-16.257741451263428,50,50,-14.86471801996231,-50,50,-13.844623267650604,0,50,-13.75220775604248,50],"normals":[-0.00505652196487949,-0.9998592892504166,-0.01599478931623128,-0.011359651496600707,-0.9999354615828855,-0.00017603095685154513,-0.01765800975953773,-0.9996360639164062,0.020394470060453113,0.01075789617224038,-0.9994548181323583,-0.03121432654987103,0.006836597481805986,-0.9997179359840158,-0.02274443683037785,0.002913306264192211,-0.9999338890128925,0.011123410006081472,0.011881393522775762,-0.9988510343074967,-0.04642675684129894,0.03094494072120425,-0.9984949058248527,-0.04528061048152682,0.05004779092705626,-0.9987451181063215,0.0018459908211182344],"colors":[],"uvs":[],"faces":[0,1,3,1,4,3,3,4,6,4,7,6,1,2,4,2,5,4,4,5,7,5,8,7],"heightMap":[{"0":-0.18643172085285187,"1":-0.22642432153224945,"2":-0.3426247239112854,"BYTES_PER_ELEMENT":4,"buffer":{"0":245,"1":231,"2":62,"3":190,"4":199,"5":219,"6":103,"7":190,"8":130,"9":108,"10":175,"11":190,"byteLength":12},"length":3,"byteOffset":0,"byteLength":12},{"0":-0.19907480478286743,"1":-0.19951491057872772,"2":-0.3128870725631714,"BYTES_PER_ELEMENT":4,"buffer":{"0":68,"1":218,"2":75,"3":190,"4":163,"5":77,"6":76,"7":190,"8":188,"9":50,"10":160,"11":190,"byteLength":12},"length":3,"byteOffset":0,"byteLength":12},{"0":-0.24323590099811554,"1":-0.1922311633825302,"2":-0.18761038780212402,"BYTES_PER_ELEMENT":4,"buffer":{"0":213,"1":18,"2":121,"3":190,"4":63,"5":216,"6":68,"7":190,"8":240,"9":28,"10":64,"11":190,"byteLength":12},"length":3,"byteOffset":0,"byteLength":12}],"roughness":0.05904955455430981}