{"vertices":[-50,-16.852494478225708,-50,-50,-15.10505735874176,0,-50,-14.60320919752121,50,0,-16.257741451263428,-50,0,-16.09224259853363,0,0,-16.288302540779114,50,50,-13.75220775604248,-50,50,-16.43931210041046,0,50,-17.116493582725525,50],"normals":[0.011886962884576033,-0.9993192422482546,0.03492495076238344,0.030976520777227155,-0.999514637133982,0.003308370514646275,0.04997593819871312,-0.997311237402977,-0.05359758717425093,-0.01973486964205854,-0.9995525078058942,0.02247930290642158,-0.013340812872775176,-0.9999109607024751,-0.0003055796899690446,-0.006937301314981108,-0.9994109648739802,-0.03360947991453023,-0.033681049039373204,-0.9993822945812417,0.010030763337839414,-0.025122874502909034,-0.9996766853924144,-0.003919931064043861,-0.016560030763865193,-0.9997711835270444,-0.013540530640734585],"colors":[],"uvs":[],"faces":[0,1,3,1,4,3,3,4,6,4,7,6,1,2,4,2,5,4,4,5,7,5,8,7],"heightMap":[{"0":-0.3426247239112854,"1":-0.255252867937088,"2":-0.23016045987606049,"BYTES_PER_ELEMENT":4,"buffer":{"0":130,"1":108,"2":175,"3":190,"4":129,"5":176,"6":130,"7":190,"8":47,"9":175,"10":107,"11":190,"byteLength":12},"length":3,"byteOffset":0,"byteLength":12},{"0":-0.3128870725631714,"1":-0.3046121299266815,"2":-0.3144151270389557,"BYTES_PER_ELEMENT":4,"buffer":{"0":188,"1":50,"2":160,"3":190,"4":31,"5":246,"6":155,"7":190,"8":5,"9":251,"10":160,"11":190,"byteLength":12},"length":3,"byteOffset":0,"byteLength":12},{"0":-0.18761038780212402,"1":-0.32196560502052307,"2":-0.35582467913627625,"BYTES_PER_ELEMENT":4,"buffer":{"0":240,"1":28,"2":64,"3":190,"4":173,"5":216,"6":164,"7":190,"8":167,"9":46,"10":182,"11":190,"byteLength":12},"length":3,"byteOffset":0,"byteLength":12}],"roughness":0.106060733144828}