{"vertices":[-50,-14.60320919752121,-50,-50,-14.524171948432922,0,-50,-15.025489926338196,50,0,-16.288302540779114,-50,0,-15.27096688747406,0,0,-15.342305302619934,50,50,-17.116493582725525,-50,50,-16.504951119422913,0,50,-15.781386494636536,50],"normals":[-0.0336827015624192,-0.9994313281571148,0.0015798460566038345,-0.025117872816751492,-0.9994776316300638,0.020336084586763177,-0.016560310807277583,-0.99978809046024,0.012228257432413405,-0.01493409998740807,-0.9998795657736383,-0.004222156544513315,-0.019802551999304856,-0.9997591870752444,0.009456574060489302,-0.02466997475195758,-0.9996065635699358,0.013345801348801672,-0.006335861887302339,-0.9999296690808293,-0.01002565439502181,-0.007558730749009841,-0.9999704145834137,-0.0014267260913828665,-0.008780365988363672,-0.9998567631691782,0.014469219673652554],"colors":[],"uvs":[],"faces":[0,1,3,1,4,3,3,4,6,4,7,6,1,2,4,2,5,4,4,5,7,5,8,7],"heightMap":[{"0":-0.23016045987606049,"1":-0.22620859742164612,"2":-0.2512744963169098,"BYTES_PER_ELEMENT":4,"buffer":{"0":47,"1":175,"2":107,"3":190,"4":58,"5":163,"6":103,"7":190,"8":13,"9":167,"10":128,"11":190,"byteLength":12},"length":3,"byteOffset":0,"byteLength":12},{"0":-0.3144151270389557,"1":-0.263548344373703,"2":-0.2671152651309967,"BYTES_PER_ELEMENT":4,"buffer":{"0":5,"1":251,"2":160,"3":190,"4":207,"5":239,"6":134,"7":190,"8":85,"9":195,"10":136,"11":190,"byteLength":12},"length":3,"byteOffset":0,"byteLength":12},{"0":-0.35582467913627625,"1":-0.32524755597114563,"2":-0.2890693247318268,"BYTES_PER_ELEMENT":4,"buffer":{"0":167,"1":46,"2":182,"3":190,"4":217,"5":134,"6":166,"7":190,"8":229,"9":0,"10":148,"11":190,"byteLength":12},"length":3,"byteOffset":0,"byteLength":12}],"roughness":0.02}