{"vertices":[-50,-6.097484529018402,-50,-50,-5.061441957950592,0,-50,-11.569354832172394,50,0,-6.7319294810295105,-50,0,-8.504736125469208,0,0,-9.386314749717712,50,50,-7.183084785938263,-50,50,-7.810909599065781,0,50,-7.821972221136093,50],"normals":[-0.012685155176907964,-0.9997049497121591,0.020714737728180024,-0.010848510417362603,-0.9993132134817969,-0.0354317820947383,-0.009022027660231764,-0.9998804804097887,-0.012554995515262565,-0.06860216516620622,-0.9961705539617584,-0.05420304746074799,-0.02742778416259133,-0.9992718737191462,-0.026522425412412756,0.013874911609650679,-0.9998833340643334,-0.006387886052294144,0.04325508070826512,-0.9907074326282569,-0.12894875310777323,0.03744030188219568,-0.9991435751163559,-0.017616472367556184,0.03127154820665478,-0.9995109010751158,-0.0002211442270750302],"colors":[],"uvs":[],"faces":[0,1,3,1,4,3,3,4,6,4,7,6,1,2,4,2,5,4,4,5,7,5,8,7],"heightMap":[{"0":0.1951257735490799,"1":0.2469279021024704,"2":-0.07846774160861969,"BYTES_PER_ELEMENT":4,"buffer":{"0":13,"1":207,"2":71,"3":62,"4":171,"5":218,"6":124,"7":62,"8":178,"9":179,"10":160,"11":189,"byteLength":12},"length":3,"byteOffset":0,"byteLength":12},{"0":0.16340352594852448,"1":0.07476319372653961,"2":0.03068426251411438,"BYTES_PER_ELEMENT":4,"buffer":{"0":65,"1":83,"2":39,"3":62,"4":114,"5":29,"6":153,"7":61,"8":144,"9":93,"10":251,"11":60,"byteLength":12},"length":3,"byteOffset":0,"byteLength":12},{"0":0.14084576070308685,"1":0.10945452004671097,"2":0.10890138894319534,"BYTES_PER_ELEMENT":4,"buffer":{"0":223,"1":57,"2":16,"3":62,"4":177,"5":41,"6":224,"7":61,"8":177,"9":7,"10":223,"11":61,"byteLength":12},"length":3,"byteOffset":0,"byteLength":12}],"roughness":0.02}