{"vertices":[-50,-13.40522050857544,-50,-50,-13.788292109966278,0,-50,-13.034093081951141,50,0,-18.63242208957672,-50,0,-16.476433277130127,0,0,-14.879824817180634,50,50,-15.329127311706543,-50,50,-15.315114855766296,0,50,-16.56141698360443,50],"normals":[-0.10397434930183093,-0.9945507906155249,-0.007619683280512275,-0.019079178962486513,-0.9988897817205996,0.04307190388513667,0.06592218425196097,-0.9978247278080455,0.0002796395006899755,-0.05368492368379395,-0.9985510496912404,0.0037054189489339395,-0.015233183398852549,-0.9991807372160584,0.037494059528291414,0.023218344743661617,-0.9996545442030631,-0.012316684680978513,-0.03688531852951334,-0.9992058386785864,0.015072001446368785,-0.03523328516548062,-0.998869989210816,0.03189608550327296,-0.03360241363868344,-0.9991249456800486,-0.02490423091554411],"colors":[],"uvs":[],"faces":[0,1,3,1,4,3,3,4,6,4,7,6,1,2,4,2,5,4,4,5,7,5,8,7],"heightMap":[{"0":-0.17026102542877197,"1":-0.1894146054983139,"2":-0.15170465409755707,"BYTES_PER_ELEMENT":4,"buffer":{"0":232,"1":88,"2":46,"3":190,"4":231,"5":245,"6":65,"7":190,"8":119,"9":88,"10":27,"11":190,"byteLength":12},"length":3,"byteOffset":0,"byteLength":12},{"0":-0.43162110447883606,"1":-0.32382166385650635,"2":-0.24399124085903168,"BYTES_PER_ELEMENT":4,"buffer":{"0":113,"1":253,"2":220,"3":190,"4":244,"5":203,"6":165,"7":190,"8":215,"9":216,"10":121,"11":190,"byteLength":12},"length":3,"byteOffset":0,"byteLength":12},{"0":-0.26645636558532715,"1":-0.2657557427883148,"2":-0.32807084918022156,"BYTES_PER_ELEMENT":4,"buffer":{"0":248,"1":108,"2":136,"3":190,"4":35,"5":17,"6":136,"7":190,"8":231,"9":248,"10":167,"11":190,"byteLength":12},"length":3,"byteOffset":0,"byteLength":12}],"roughness":0.10184251524608187}