{"vertices":[-50,-15.16869306564331,-50,-50,-14.505479335784912,0,-50,-13.40522050857544,50,0,-13.647298514842987,-50,0,-17.06081748008728,0,0,-18.63242208957672,50,50,-13.51651519536972,-50,50,-10.882409662008286,0,50,-15.329127311706543,50],"normals":[0.030411142167499537,-0.9994495560504629,0.01325697335747096,0.01647800120338995,-0.9975422362695548,-0.06810258684276657,0.0026120352504317825,-0.9986117728743337,0.05260897593216309,-0.0510322369322627,-0.9985417594545982,0.017608674538556884,0.03588984084150091,-0.9981171191110775,-0.049740686181184594,0.12261579346668514,-0.9922928129468244,-0.01789806041485866,-0.1039524745305474,-0.9943415508249357,0.02188066137112584,-0.019087358459434902,-0.9993242872326663,-0.031410853123792166,0.06566414301938395,-0.9939189117981375,-0.08839353534923328],"colors":[],"uvs":[],"faces":[0,1,3,1,4,3,3,4,6,4,7,6,1,2,4,2,5,4,4,5,7,5,8,7],"heightMap":[{"0":-0.2584346532821655,"1":-0.2252739667892456,"2":-0.17026102542877197,"BYTES_PER_ELEMENT":4,"buffer":{"0":140,"1":81,"2":132,"3":190,"4":56,"5":174,"6":102,"7":190,"8":232,"9":88,"10":46,"11":190,"byteLength":12},"length":3,"byteOffset":0,"byteLength":12},{"0":-0.18236492574214935,"1":-0.353040874004364,"2":-0.43162110447883606,"BYTES_PER_ELEMENT":4,"buffer":{"0":223,"1":189,"2":58,"3":190,"4":198,"5":193,"6":180,"7":190,"8":113,"9":253,"10":220,"11":190,"byteLength":12},"length":3,"byteOffset":0,"byteLength":12},{"0":-0.17582575976848602,"1":-0.044120483100414276,"2":-0.26645636558532715,"BYTES_PER_ELEMENT":4,"buffer":{"0":171,"1":11,"2":52,"3":190,"4":174,"5":183,"6":52,"7":189,"8":248,"9":108,"10":136,"11":190,"byteLength":12},"length":3,"byteOffset":0,"byteLength":12}],"roughness":0.21924306082381406}