{"vertices":[-50,-12.549805641174316,-50,-50,-14.539319276809692,0,-50,-15.16869306564331,50,0,-7.575345486402512,-50,0,-13.035626709461212,0,0,-13.647298514842987,50,50,-6.487936973571777,-50,50,-8.204019218683243,0,50,-13.51651519536972,50],"normals":[0.09892293853194056,-0.9943082812418114,-0.03956379767111516,0.060062274869919996,-0.9922951779290317,-0.10836421455555167,0.021730239795185537,-0.999175541610279,-0.034293348134140644,0.03004997050285221,-0.999205926642322,-0.026163245892593105,0.06304215969152038,-0.9961846706754898,-0.06034722870683543,0.09595019468419762,-0.9929427718139003,-0.06970087547938891,0.030411407921453148,-0.9994582899437673,-0.012580657014461554,0.016515097072421048,-0.9997888066067433,-0.01223085248675274,0.0026010172434921862,-0.9943994593377253,-0.1056548625390175],"colors":[],"uvs":[],"faces":[0,1,3,1,4,3,3,4,6,4,7,6,1,2,4,2,5,4,4,5,7,5,8,7],"heightMap":[{"0":-0.12749028205871582,"1":-0.22696596384048462,"2":-0.2584346532821655,"BYTES_PER_ELEMENT":4,"buffer":{"0":208,"1":140,"2":2,"3":190,"4":196,"5":105,"6":104,"7":190,"8":140,"9":81,"10":132,"11":190,"byteLength":12},"length":3,"byteOffset":0,"byteLength":12},{"0":0.12123272567987442,"1":-0.1517813354730606,"2":-0.18236492574214935,"BYTES_PER_ELEMENT":4,"buffer":{"0":221,"1":72,"2":248,"3":61,"4":145,"5":108,"6":27,"7":190,"8":223,"9":189,"10":58,"11":190,"byteLength":12},"length":3,"byteOffset":0,"byteLength":12},{"0":0.17560315132141113,"1":0.08979903906583786,"2":-0.17582575976848602,"BYTES_PER_ELEMENT":4,"buffer":{"0":80,"1":209,"2":51,"3":62,"4":143,"5":232,"6":183,"7":61,"8":171,"9":11,"10":52,"11":190,"byteLength":12},"length":3,"byteOffset":0,"byteLength":12}],"roughness":0.11679745378288431}