{"vertices":[-50,-7.385232746601105,-50,-50,-11.86466857790947,0,-50,-12.549805641174316,50,0,-6.010861694812775,-50,0,-9.451281279325485,0,0,-7.575345486402512,50,50,-6.092042624950409,-50,50,-6.7697253823280334,0,50,-6.487936973571777,50],"normals":[0.027367517086404194,-0.9956378610708371,-0.08919791819775855,0.012897603536372787,-0.9975580943940542,-0.06864036809284967,-0.0016234673532076777,-0.9999068441660182,-0.013552392545503718,0.04814778040766489,-0.9975145811846035,-0.051443673721075334,0.05087689411223923,-0.9985834184420932,-0.015578769463456793,0.05355373602289781,-0.9985571451794483,-0.003952868459749945,0.09899124924967354,-0.9949948956241523,-0.01363415761502889,0.06037480184142217,-0.9974739755092061,0.037423942663337866,0.02174268369567114,-0.999747723101355,0.005634346401008419],"colors":[],"uvs":[],"faces":[0,1,3,1,4,3,3,4,6,4,7,6,1,2,4,2,5,4,4,5,7,5,8,7],"heightMap":[{"0":0.13073836266994476,"1":-0.09323342889547348,"2":-0.12749028205871582,"BYTES_PER_ELEMENT":4,"buffer":{"0":71,"1":224,"2":5,"3":62,"4":43,"5":241,"6":190,"7":189,"8":208,"9":140,"10":2,"11":190,"byteLength":12},"length":3,"byteOffset":0,"byteLength":12},{"0":0.19945691525936127,"1":0.02743593603372574,"2":0.12123272567987442,"BYTES_PER_ELEMENT":4,"buffer":{"0":111,"1":62,"2":76,"3":62,"4":84,"5":193,"6":224,"7":60,"8":221,"9":72,"10":248,"11":61,"byteLength":12},"length":3,"byteOffset":0,"byteLength":12},{"0":0.19539786875247955,"1":0.16151373088359833,"2":0.17560315132141113,"BYTES_PER_ELEMENT":4,"buffer":{"0":97,"1":22,"2":72,"3":62,"4":219,"5":99,"6":37,"7":62,"8":80,"9":209,"10":51,"11":62,"byteLength":12},"length":3,"byteOffset":0,"byteLength":12}],"roughness":0.14862752625162842}