{"vertices":[-50,-7.061735987663269,-50,-50,-6.9156113266944885,0,-50,-7.385232746601105,50,0,-5.770333409309387,-50,0,-6.519668996334076,0,0,-6.010861694812775,50,50,-3.7655365467071533,-50,50,-5.807242393493652,0,50,-6.092042624950409,50],"normals":[0.025819330892691242,-0.9996623564745584,0.002921506458461941,0.03293873514336044,-0.9993451517178129,-0.014976897718054877,0.04003043880584023,-0.9983664567860647,-0.04076741264111258,0.0079185569027855,-0.999963415830976,-0.0032347266072793282,0.011082865580687717,-0.9999356915720243,-0.002404747574690148,0.014243234914686395,-0.9996282324311754,-0.023249240540049426,0.027475831755869602,-0.9995783787834471,-0.009388468351044718,0.012927413026616314,-0.9998646688780708,0.010174768881166812,-0.001623590124739621,-0.9999824601584287,-0.005695904722116348],"colors":[],"uvs":[],"faces":[0,1,3,1,4,3,3,4,6,4,7,6,1,2,4,2,5,4,4,5,7,5,8,7],"heightMap":[{"0":0.14691320061683655,"1":0.15421943366527557,"2":0.13073836266994476,"BYTES_PER_ELEMENT":4,"buffer":{"0":106,"1":112,"2":22,"3":62,"4":179,"5":235,"6":29,"7":62,"8":71,"9":224,"10":5,"11":62,"byteLength":12},"length":3,"byteOffset":0,"byteLength":12},{"0":0.21148332953453064,"1":0.1740165501832962,"2":0.19945691525936127,"BYTES_PER_ELEMENT":4,"buffer":{"0":22,"1":143,"2":88,"3":62,"4":101,"5":49,"6":50,"7":62,"8":111,"9":62,"10":76,"11":62,"byteLength":12},"length":3,"byteOffset":0,"byteLength":12},{"0":0.31172317266464233,"1":0.20963788032531738,"2":0.19539786875247955,"BYTES_PER_ELEMENT":4,"buffer":{"0":46,"1":154,"2":159,"3":62,"4":80,"5":171,"6":86,"7":62,"8":97,"9":22,"10":72,"11":62,"byteLength":12},"length":3,"byteOffset":0,"byteLength":12}],"roughness":0.18872185419425705}