{"vertices":[-50,-6.550127565860748,-50,-50,-7.638324052095413,0,-50,-7.061735987663269,50,0,-3.988429307937622,-50,0,-7.6039764285087585,0,0,-5.770333409309387,50,50,-3.9647001028060913,-50,50,-3.010227084159851,0,50,-3.7655365467071533,50],"normals":[0.05115477267937292,-0.9984542972841421,-0.0217302891594101,0.025761889023891604,-0.9970647440305763,-0.07209869128605496,0.00047449760183780013,-0.9998177334800395,0.019085981003414708,0.0006869433245530709,-0.9999866844062745,-0.0051145986171925025,0.046129031462587476,-0.9987778702939999,-0.017744809587750092,0.0914894857374236,-0.9958040685216231,0.0019827040334916388,0.02581772564117159,-0.9996002049988467,0.01152715094812519,0.03292032602987624,-0.9987865714665919,0.03662836048879581,0.04005918216533516,-0.9990833214228546,-0.015092341730877396],"colors":[],"uvs":[],"faces":[0,1,3,1,4,3,3,4,6,4,7,6,1,2,4,2,5,4,4,5,7,5,8,7],"heightMap":[{"0":0.17249362170696259,"1":0.11808379739522934,"2":0.14691320061683655,"BYTES_PER_ELEMENT":4,"buffer":{"0":43,"1":162,"2":48,"3":62,"4":235,"5":213,"6":241,"7":61,"8":106,"9":112,"10":22,"11":62,"byteLength":12},"length":3,"byteOffset":0,"byteLength":12},{"0":0.3005785346031189,"1":0.11980117857456207,"2":0.21148332953453064,"BYTES_PER_ELEMENT":4,"buffer":{"0":110,"1":229,"2":153,"3":62,"4":82,"5":90,"6":245,"7":61,"8":22,"9":143,"10":88,"11":62,"byteLength":12},"length":3,"byteOffset":0,"byteLength":12},{"0":0.30176499485969543,"1":0.34948864579200745,"2":0.31172317266464233,"BYTES_PER_ELEMENT":4,"buffer":{"0":241,"1":128,"2":154,"3":62,"4":45,"5":240,"6":178,"7":62,"8":46,"9":154,"10":159,"11":62,"byteLength":12},"length":3,"byteOffset":0,"byteLength":12}],"roughness":0.11820192270800137}