{"vertices":[-50,-5.136309266090393,-50,-50,-5.635941922664642,0,-50,-6.550127565860748,50,0,-6.7134323716163635,-50,0,-3.285975456237793,0,0,-3.988429307937622,50,50,-8.880913481116295,-50,50,-5.609113872051239,0,50,-3.9647001028060913,50],"normals":[-0.03152521024562689,-0.9994530590277934,-0.009987187740066327,-0.037331038127487295,-0.9969633415128091,0.0683409779849401,-0.0432166963127235,-0.9969336323926301,0.06523534137452028,0.04694282496681852,-0.9987977623824482,-0.014120943451100383,0.00026759832580090077,-0.9996301469937049,0.027193705383415374,-0.046356861177067915,-0.9977206020424763,0.04903714593865422,0.05115832687286515,-0.9985236691057693,-0.01825672005375987,0.02582647922298472,-0.9995678000920373,-0.014043005024195527,0.0004743275930420117,-0.9994595065717927,0.032870499488192345],"colors":[],"uvs":[],"faces":[0,1,3,1,4,3,3,4,6,4,7,6,1,2,4,2,5,4,4,5,7,5,8,7],"heightMap":[{"0":0.24318453669548035,"1":0.21820290386676788,"2":0.17249362170696259,"BYTES_PER_ELEMENT":4,"buffer":{"0":94,"1":5,"2":121,"3":62,"4":149,"5":112,"6":95,"7":62,"8":43,"9":162,"10":48,"11":62,"byteLength":12},"length":3,"byteOffset":0,"byteLength":12},{"0":0.16432838141918182,"1":0.33570122718811035,"2":0.3005785346031189,"BYTES_PER_ELEMENT":4,"buffer":{"0":179,"1":69,"2":40,"3":62,"4":8,"5":225,"6":171,"7":62,"8":110,"9":229,"10":153,"11":62,"byteLength":12},"length":3,"byteOffset":0,"byteLength":12},{"0":0.05595432594418526,"1":0.21954430639743805,"2":0.30176499485969543,"BYTES_PER_ELEMENT":4,"buffer":{"0":93,"1":48,"2":101,"3":61,"4":57,"5":208,"6":96,"7":62,"8":241,"9":128,"10":154,"11":62,"byteLength":12},"length":3,"byteOffset":0,"byteLength":12}],"roughness":0.15224990949034692}