{"vertices":[-50,-10.081727197393775,-50,-50,-8.26659843325615,0,-50,-5.136309266090393,50,0,-9.846530742943287,-50,0,-9.10965159535408,0,0,-6.7134323716163635,50,50,-12.838163375854492,-50,50,-10.656176656484604,0,50,-8.880913481116295,50],"normals":[0.004700780611174373,-0.99933067064239,0.03627827690335893,-0.02752229886283313,-0.9995126504269748,0.01473040059702516,-0.059669252179091976,-0.9972690417042764,0.04352055609274933,-0.0168381018950291,-0.9986382029057113,0.04937831529957492,-0.0238760807402023,-0.9992248806166028,0.03129809459413276,-0.03089156182211611,-0.998741067911764,0.03952202771442456,-0.03146524030724196,-0.9975518143445216,0.06245251276258403,-0.037375682107113326,-0.9981556871480661,0.047835996916546525,-0.04328172716744222,-0.9984337805238802,0.03544965447215618],"colors":[],"uvs":[],"faces":[0,1,3,1,4,3,3,4,6,4,7,6,1,2,4,2,5,4,4,5,7,5,8,7],"heightMap":[{"0":-0.004086359869688749,"1":0.08667007833719254,"2":0.24318453669548035,"BYTES_PER_ELEMENT":4,"buffer":{"0":223,"1":230,"2":133,"3":187,"4":21,"5":128,"6":177,"7":61,"8":94,"9":5,"10":121,"11":62,"byteLength":12},"length":3,"byteOffset":0,"byteLength":12},{"0":0.007673462852835655,"1":0.04451742023229599,"2":0.16432838141918182,"BYTES_PER_ELEMENT":4,"buffer":{"0":172,"1":113,"2":251,"3":59,"4":230,"5":87,"6":54,"7":61,"8":179,"9":69,"10":40,"11":62,"byteLength":12},"length":3,"byteOffset":0,"byteLength":12},{"0":-0.1419081687927246,"1":-0.032808832824230194,"2":0.05595432594418526,"BYTES_PER_ELEMENT":4,"buffer":{"0":96,"1":80,"2":17,"3":190,"4":142,"5":98,"6":6,"7":189,"8":93,"9":48,"10":101,"11":61,"byteLength":12},"length":3,"byteOffset":0,"byteLength":12}],"roughness":0.02}