{"vertices":[-50,-11.569354832172394,-50,-50,-11.90344363451004,0,-50,-10.081727197393775,50,0,-9.386314749717712,-50,0,-13.118559420108795,0,0,-9.846530742943287,50,50,-7.821972221136093,-50,50,-10.330839157104492,0,50,-12.838163375854492,50],"normals":[0.043618274678683275,-0.9990259690888832,-0.006675267790342232,0.037342377047471925,-0.9965301234846051,-0.0743858848451917,0.03123229429568762,-0.9982562554252672,-0.05008984225720155,-0.024292458608323204,-0.9995943965271161,0.01486334034978288,0.015698917433803104,-0.9998662788789975,-0.00457912132111057,0.05559826077692465,-0.9971994233920526,-0.05002142925925663,0.004700758116891997,-0.9993258886225191,0.03640976794678923,-0.02746669557950319,-0.9974891429500061,0.0652762616178733,-0.05965115333701173,-0.9969665506517129,-0.049994367554653765],"colors":[],"uvs":[],"faces":[0,1,3,1,4,3,3,4,6,4,7,6,1,2,4,2,5,4,4,5,7,5,8,7],"heightMap":[{"0":-0.07846774160861969,"1":-0.09517218172550201,"2":-0.004086359869688749,"BYTES_PER_ELEMENT":4,"buffer":{"0":178,"1":179,"2":160,"3":189,"4":162,"5":233,"6":194,"7":189,"8":223,"9":230,"10":133,"11":187,"byteLength":12},"length":3,"byteOffset":0,"byteLength":12},{"0":0.03068426251411438,"1":-0.15592797100543976,"2":0.007673462852835655,"BYTES_PER_ELEMENT":4,"buffer":{"0":144,"1":93,"2":251,"3":60,"4":149,"5":171,"6":31,"7":190,"8":172,"9":113,"10":251,"11":59,"byteLength":12},"length":3,"byteOffset":0,"byteLength":12},{"0":0.10890138894319534,"1":-0.01654195785522461,"2":-0.1419081687927246,"BYTES_PER_ELEMENT":4,"buffer":{"0":177,"1":7,"2":223,"3":61,"4":0,"5":131,"6":135,"7":188,"8":96,"9":80,"10":17,"11":190,"byteLength":12},"length":3,"byteOffset":0,"byteLength":12}],"roughness":0.17141623647436974}