{"vertices":[-50,-13.034093081951141,-50,-50,-14.765969514846802,0,-50,-14.381088614463806,50,0,-14.879824817180634,-50,0,-14.169496595859528,0,0,-12.285202890634537,50,50,-16.56141698360443,-50,50,-12.302577644586563,0,50,-12.471213042736053,50],"normals":[-0.03686742947809412,-0.9987212327340231,-0.03459323532009113,-0.03524766888997819,-0.9992777725882666,0.0141963040561668,-0.03349170270403209,-0.9958330971313366,0.08482186338317876,0.011927528725850152,-0.9998382446349277,-0.013461746686098734,0.024614205157657436,-0.9993607857032041,0.025926066094401883,0.03728137071414937,-0.9984731980123979,0.04075993435432853,0.041879697676829294,-0.9990930612455665,0.007690636739571941,0.019071823491958104,-0.9991088881961828,0.037652291777248124,-0.0037201561403278453,-0.9999873927035812,-0.003372665442260784],"colors":[],"uvs":[],"faces":[0,1,3,1,4,3,3,4,6,4,7,6,1,2,4,2,5,4,4,5,7,5,8,7],"heightMap":[{"0":-0.15170465409755707,"1":-0.2382984757423401,"2":-0.2190544307231903,"BYTES_PER_ELEMENT":4,"buffer":{"0":119,"1":88,"2":27,"3":190,"4":132,"5":4,"6":116,"7":190,"8":206,"9":79,"10":96,"11":190,"byteLength":12},"length":3,"byteOffset":0,"byteLength":12},{"0":-0.24399124085903168,"1":-0.20847482979297638,"2":-0.11426014453172684,"BYTES_PER_ELEMENT":4,"buffer":{"0":215,"1":216,"2":121,"3":190,"4":109,"5":122,"6":85,"7":190,"8":57,"9":1,"10":234,"11":189,"byteLength":12},"length":3,"byteOffset":0,"byteLength":12},{"0":-0.32807084918022156,"1":-0.11512888222932816,"2":-0.12356065213680267,"BYTES_PER_ELEMENT":4,"buffer":{"0":231,"1":248,"2":167,"3":190,"4":177,"5":200,"6":235,"7":189,"8":94,"9":13,"10":253,"11":189,"byteLength":12},"length":3,"byteOffset":0,"byteLength":12}],"roughness":0.16474652575835647}