{"vertices":[-50,-14.381088614463806,-50,-50,-13.102701604366302,0,-50,-16.152718663215637,50,0,-12.285202890634537,-50,0,-14.063807725906372,0,0,-14.459100365638733,50,50,-12.471213042736053,-50,50,-12.643564939498901,0,50,-13.458800911903381,50],"normals":[0.04186727795321465,-0.998796773058824,0.0255369764081141,0.019073296146883214,-0.9991861159001068,-0.03554314514152829,-0.0037201551974569698,-0.9999871392575018,-0.0034469936037896916,-0.019215569258573994,-0.9996590817558786,-0.01767716496112545,0.004587634455083108,-0.9997533616859423,-0.021729459444817887,0.02839202031499655,-0.9995481260923941,-0.009871008439682633,0.033790214035990224,-0.9975746626124258,-0.06085239476887536,0.026927274349376727,-0.9996061567489418,-0.007902739127880185,0.01999932957199773,-0.9996671245453334,-0.016299292007190106],"colors":[],"uvs":[],"faces":[0,1,3,1,4,3,3,4,6,4,7,6,1,2,4,2,5,4,4,5,7,5,8,7],"heightMap":[{"0":-0.2190544307231903,"1":-0.15513508021831512,"2":-0.30763593316078186,"BYTES_PER_ELEMENT":4,"buffer":{"0":206,"1":79,"2":96,"3":190,"4":187,"5":219,"6":30,"7":190,"8":117,"9":130,"10":157,"11":190,"byteLength":12},"length":3,"byteOffset":0,"byteLength":12},{"0":-0.11426014453172684,"1":-0.2031903862953186,"2":-0.22295501828193665,"BYTES_PER_ELEMENT":4,"buffer":{"0":57,"1":1,"2":234,"3":189,"4":36,"5":17,"6":80,"7":190,"8":82,"9":78,"10":100,"11":190,"byteLength":12},"length":3,"byteOffset":0,"byteLength":12},{"0":-0.12356065213680267,"1":-0.13217824697494507,"2":-0.17294004559516907,"BYTES_PER_ELEMENT":4,"buffer":{"0":94,"1":13,"2":253,"3":189,"4":188,"5":89,"6":7,"7":190,"8":50,"9":23,"10":49,"11":190,"byteLength":12},"length":3,"byteOffset":0,"byteLength":12}],"roughness":0.02}