{"vertices":[-50,-15.781386494636536,-50,-50,-15.88937222957611,0,-50,-14.865795969963074,50,0,-15.393364429473877,-50,0,-14.944524765014648,0,0,-17.1937757730484,50,50,-16.073115468025208,-50,50,-15.644710659980774,0,50,-16.9482284784317,50],"normals":[0.007760189532578923,-0.9999675571704735,-0.002159644631535705,-0.0029168272604301795,-0.9999554572477602,0.008976393438105182,-0.013593265743180403,-0.99987090657118,0.008566990075976803,0.018892784799539077,-0.9997796209522508,0.009152716050001451,0.0024455514198025888,-0.9998352109162864,-0.01798805965740333,-0.01400180929937394,-0.9998637076266252,-0.008747314301098536,-0.04649949062242669,-0.9987090644171355,0.020445097771954544,-0.020785059935137292,-0.9987738926462253,-0.04492986369664633,0.004909218689071804,-0.9996482951960686,-0.026061187299443365],"colors":[],"uvs":[],"faces":[0,1,3,1,4,3,3,4,6,4,7,6,1,2,4,2,5,4,4,5,7,5,8,7],"heightMap":[{"0":-0.2890693247318268,"1":-0.29446861147880554,"2":-0.2432897984981537,"BYTES_PER_ELEMENT":4,"buffer":{"0":229,"1":0,"2":148,"3":190,"4":151,"5":196,"6":150,"7":190,"8":246,"9":32,"10":121,"11":190,"byteLength":12},"length":3,"byteOffset":0,"byteLength":12},{"0":-0.26966822147369385,"1":-0.24722623825073242,"2":-0.35968878865242004,"BYTES_PER_ELEMENT":4,"buffer":{"0":244,"1":17,"2":138,"3":190,"4":224,"5":40,"6":125,"7":190,"8":33,"9":41,"10":184,"11":190,"byteLength":12},"length":3,"byteOffset":0,"byteLength":12},{"0":-0.3036557734012604,"1":-0.2822355329990387,"2":-0.3474114239215851,"BYTES_PER_ELEMENT":4,"buffer":{"0":197,"1":120,"2":155,"3":190,"4":45,"5":129,"6":144,"7":190,"8":233,"9":223,"10":177,"11":190,"byteLength":12},"length":3,"byteOffset":0,"byteLength":12}],"roughness":0.10615086175649463}