{"vertices":[-50,-16.152718663215637,-50,-50,-15.326204299926758,0,-50,-15.091493129730225,50,0,-14.459100365638733,-50,0,-14.204714000225067,0,0,-14.704819321632385,50,50,-13.458800911903381,-50,50,-14.21237587928772,0,50,-14.312407374382019,50],"normals":[0.03384833222396328,-0.9992904620949954,0.0165185584003819,0.02692776693261281,-0.9996244443978443,0.005085816583780453,0.01999971625052537,-0.9996864526838319,-0.015066773719515671,0.022422904072448246,-0.9996922879499089,0.010608618497906995,0.011136140340979967,-0.999934972920775,-0.0024568899517277893,-0.00015323199745380833,-0.9999635611630139,-0.008535389044344928,0.007733159718306415,-0.9999590813181881,0.004694031322496845,0.007790231453670939,-0.9999196398906494,-0.010001302657780058,0.007847981545736007,-0.9999672029262716,-0.0020005642870795913],"colors":[],"uvs":[],"faces":[0,1,3,1,4,3,3,4,6,4,7,6,1,2,4,2,5,4,4,5,7,5,8,7],"heightMap":[{"0":-0.30763593316078186,"1":-0.2663102149963379,"2":-0.25457465648651123,"BYTES_PER_ELEMENT":4,"buffer":{"0":117,"1":130,"2":157,"3":190,"4":208,"5":89,"6":136,"7":190,"8":156,"9":87,"10":130,"11":190,"byteLength":12},"length":3,"byteOffset":0,"byteLength":12},{"0":-0.22295501828193665,"1":-0.21023570001125336,"2":-0.23524096608161926,"BYTES_PER_ELEMENT":4,"buffer":{"0":82,"1":78,"2":100,"3":190,"4":7,"5":72,"6":87,"7":190,"8":2,"9":227,"10":112,"11":190,"byteLength":12},"length":3,"byteOffset":0,"byteLength":12},{"0":-0.17294004559516907,"1":-0.210618793964386,"2":-0.21562036871910095,"BYTES_PER_ELEMENT":4,"buffer":{"0":50,"1":23,"2":49,"3":190,"4":116,"5":172,"6":87,"7":190,"8":150,"9":203,"10":92,"11":190,"byteLength":12},"length":3,"byteOffset":0,"byteLength":12}],"roughness":0.09874676337465645}