{"vertices":[-50,-15.091493129730225,-50,-50,-15.303868651390076,0,-50,-15.729600191116333,50,0,-14.704819321632385,-50,0,-13.514485657215118,0,0,-12.227230221033096,50,50,-14.312407374382019,-50,50,-14.27536815404892,0,50,-12.847186625003815,50],"normals":[0.0077331751617108245,-0.9999610782732553,-0.004247345112756595,0.007788414470612056,-0.9996864199832961,0.023799207991337914,0.007847995097398513,-0.9999689296400733,0.0007407613902238444,0.035764037057388905,-0.9993399169940939,-0.006376829588065963,0.010274629344287921,-0.9996404502138356,0.024766959605840265,-0.015214256159032663,-0.9997769841166353,0.01464610665578334,0.06987366013427274,-0.9975196899688489,-0.008493511870353937,0.028753883406013148,-0.9992554179148838,0.02572593937690545,-0.012393121229956934,-0.9995155425914661,0.028549792718452555],"colors":[],"uvs":[],"faces":[0,1,3,1,4,3,3,4,6,4,7,6,1,2,4,2,5,4,4,5,7,5,8,7],"heightMap":[{"0":-0.25457465648651123,"1":-0.2651934325695038,"2":-0.28648000955581665,"BYTES_PER_ELEMENT":4,"buffer":{"0":156,"1":87,"2":130,"3":190,"4":111,"5":199,"6":135,"7":190,"8":130,"9":173,"10":146,"11":190,"byteLength":12},"length":3,"byteOffset":0,"byteLength":12},{"0":-0.23524096608161926,"1":-0.17572428286075592,"2":-0.11136151105165482,"BYTES_PER_ELEMENT":4,"buffer":{"0":2,"1":227,"2":112,"3":190,"4":17,"5":241,"6":51,"7":190,"8":129,"9":17,"10":228,"11":189,"byteLength":12},"length":3,"byteOffset":0,"byteLength":12},{"0":-0.21562036871910095,"1":-0.21376840770244598,"2":-0.14235933125019073,"BYTES_PER_ELEMENT":4,"buffer":{"0":150,"1":203,"2":92,"3":190,"4":27,"5":230,"6":90,"7":190,"8":165,"9":198,"10":17,"11":190,"byteLength":12},"length":3,"byteOffset":0,"byteLength":12}],"roughness":0.1200597036164254}