{"vertices":[-50,-15.729600191116333,-50,-50,-15.012549757957458,0,-50,-16.665210723876953,50,0,-12.227230221033096,-50,0,-15.536473393440247,0,0,-15.105587840080261,50,50,-12.847186625003815,-50,50,-13.19476693868637,0,50,-14.544962644577026,50],"normals":[0.06986903126071335,-0.9974536079501171,0.014304490832730273,0.028700842665611806,-0.9974058966195736,-0.06601317307013911,-0.012397875565435083,-0.9998989837050428,-0.006950904048141357,-0.010477439491829537,-0.9999013961428487,-0.009349933330087,0.018152461216199765,-0.999422461427308,-0.02872684713600916,0.0467761247244569,-0.9987614935573401,-0.01695503296585631,0.031160293720581368,-0.9989688547248624,-0.03301913664746165,0.021194816758543636,-0.9997382425776491,0.008615455317364193,0.011207714019042856,-0.9995728080845936,-0.026992378264017652],"colors":[],"uvs":[],"faces":[0,1,3,1,4,3,3,4,6,4,7,6,1,2,4,2,5,4,4,5,7,5,8,7],"heightMap":[{"0":-0.28648000955581665,"1":-0.2506274878978729,"2":-0.33326053619384766,"BYTES_PER_ELEMENT":4,"buffer":{"0":130,"1":173,"2":146,"3":190,"4":63,"5":82,"6":128,"7":190,"8":32,"9":161,"10":170,"11":190,"byteLength":12},"length":3,"byteOffset":0,"byteLength":12},{"0":-0.11136151105165482,"1":-0.27682366967201233,"2":-0.25527939200401306,"BYTES_PER_ELEMENT":4,"buffer":{"0":129,"1":17,"2":228,"3":189,"4":213,"5":187,"6":141,"7":190,"8":251,"9":179,"10":130,"11":190,"byteLength":12},"length":3,"byteOffset":0,"byteLength":12},{"0":-0.14235933125019073,"1":-0.15973834693431854,"2":-0.22724813222885132,"BYTES_PER_ELEMENT":4,"buffer":{"0":165,"1":198,"2":17,"3":190,"4":115,"5":146,"6":35,"7":190,"8":188,"9":179,"10":104,"11":190,"byteLength":12},"length":3,"byteOffset":0,"byteLength":12}],"roughness":0.03211380599272309}