{"vertices":[-50,-16.665210723876953,-50,-50,-17.646199464797974,0,-50,-15.756266713142395,50,0,-15.105587840080261,-50,0,-16.343242526054382,0,0,-16.34632647037506,50,50,-14.544962644577026,-50,50,-14.207964539527893,0,50,-15.675722360610962,50],"normals":[0.031171301023235325,-0.9993217381933058,-0.019606467474505136,0.021189117000560174,-0.999469337093661,-0.02473995817082836,0.011211544538137858,-0.9999144373161843,0.006739385411736489,0.026049221630698425,-0.9996194369944811,0.009078504021679958,0.03435703033574482,-0.9993327290721187,-0.012397220324748682,0.042663949744753675,-0.9990256541293765,-0.011292908551320365,-0.011791953835539814,-0.9992169175240109,0.037769055568739184,0.0008053152760739692,-0.9999996738314586,-0.00006167886629586179,0.013405102573520511,-0.9994796019246045,-0.02933988005475661],"colors":[],"uvs":[],"faces":[0,1,3,1,4,3,3,4,6,4,7,6,1,2,4,2,5,4,4,5,7,5,8,7],"heightMap":[{"0":-0.33326053619384766,"1":-0.3823099732398987,"2":-0.28781333565711975,"BYTES_PER_ELEMENT":4,"buffer":{"0":32,"1":161,"2":170,"3":190,"4":34,"5":190,"6":195,"7":190,"8":69,"9":92,"10":147,"11":190,"byteLength":12},"length":3,"byteOffset":0,"byteLength":12},{"0":-0.25527939200401306,"1":-0.3171621263027191,"2":-0.31731632351875305,"BYTES_PER_ELEMENT":4,"buffer":{"0":251,"1":179,"2":130,"3":190,"4":19,"5":99,"6":162,"7":190,"8":73,"9":119,"10":162,"11":190,"byteLength":12},"length":3,"byteOffset":0,"byteLength":12},{"0":-0.22724813222885132,"1":-0.21039822697639465,"2":-0.2837861180305481,"BYTES_PER_ELEMENT":4,"buffer":{"0":188,"1":179,"2":104,"3":190,"4":162,"5":114,"6":87,"7":190,"8":106,"9":76,"10":145,"11":190,"byteLength":12},"length":3,"byteOffset":0,"byteLength":12}],"roughness":0.05569863832582847}