{"vertices":[-50,-15.756266713142395,-50,-50,-15.219583511352539,0,-50,-14.86471801996231,50,0,-16.34632647037506,-50,0,-17.86392033100128,0,0,-11.515991687774658,50,50,-15.675722360610962,-50,50,-15.145922899246216,0,50,-12.451804280281067,50],"normals":[-0.011799693848586468,-0.9998727844045922,0.010732298546335898,0.0008049447087739347,-0.9995393759655142,-0.030337896408388566,0.013410123394647033,-0.9998539525327665,0.010594441709905441,-0.05281083595485065,-0.9985648492741124,0.00890266251853508,0.0007336665532947932,-0.9988493412833652,0.047952634455010815,0.054251732142345035,-0.9980092605774391,0.032159996287754,0.06682314459229406,-0.9977397070342249,0.007081267828324852,0.023887034674101686,-0.9917538331878435,0.1259116512944582,-0.018685878273200174,-0.9983771549361902,0.05379492963726086],"colors":[],"uvs":[],"faces":[0,1,3,1,4,3,3,4,6,4,7,6,1,2,4,2,5,4,4,5,7,5,8,7],"heightMap":[{"0":-0.28781333565711975,"1":-0.26097917556762695,"2":-0.24323590099811554,"BYTES_PER_ELEMENT":4,"buffer":{"0":69,"1":92,"2":147,"3":190,"4":16,"5":159,"6":133,"7":190,"8":213,"9":18,"10":121,"11":190,"byteLength":12},"length":3,"byteOffset":0,"byteLength":12},{"0":-0.31731632351875305,"1":-0.3931960165500641,"2":-0.07579958438873291,"BYTES_PER_ELEMENT":4,"buffer":{"0":73,"1":119,"2":162,"3":190,"4":253,"5":80,"6":201,"7":190,"8":208,"9":60,"10":155,"11":189,"byteLength":12},"length":3,"byteOffset":0,"byteLength":12},{"0":-0.2837861180305481,"1":-0.2572961449623108,"2":-0.12259021401405334,"BYTES_PER_ELEMENT":4,"buffer":{"0":106,"1":76,"2":145,"3":190,"4":82,"5":188,"6":131,"7":190,"8":148,"9":16,"10":251,"11":189,"byteLength":12},"length":3,"byteOffset":0,"byteLength":12}],"roughness":0.21644383557592922}