{"vertices":[-50,-14.86471801996231,-50,-50,-13.844623267650604,0,-50,-13.75220775604248,50,0,-11.515991687774658,-50,0,-13.777619898319244,0,0,-15.519272089004517,50,50,-12.451804280281067,-50,50,-12.26020261645317,0,50,-14.805834889411926,50],"normals":[0.06681097897109342,-0.9975580615368949,0.020352074874000498,0.024053477282773468,-0.9986895434520575,-0.04517328890094133,-0.018712837232027876,-0.9998175586582376,0.0038313341552652694,0.001339983276913968,-0.9999372347136652,0.011123447217738926,0.01582622037811947,-0.9990745500702237,-0.039994676527297275,0.030325998456902883,-0.9992636441970957,-0.023505386691821055,-0.035319176309223384,-0.9993743762011122,0.001847153885293507,-0.01052283607611431,-0.9993385480317648,-0.03481000342831525,0.014248840191140137,-0.9986050768923295,-0.05084162623355147],"colors":[],"uvs":[],"faces":[0,1,3,1,4,3,3,4,6,4,7,6,1,2,4,2,5,4,4,5,7,5,8,7],"heightMap":[{"0":-0.24323590099811554,"1":-0.1922311633825302,"2":-0.18761038780212402,"BYTES_PER_ELEMENT":4,"buffer":{"0":213,"1":18,"2":121,"3":190,"4":63,"5":216,"6":68,"7":190,"8":240,"9":28,"10":64,"11":190,"byteLength":12},"length":3,"byteOffset":0,"byteLength":12},{"0":-0.07579958438873291,"1":-0.18888099491596222,"2":-0.27596360445022583,"BYTES_PER_ELEMENT":4,"buffer":{"0":208,"1":60,"2":155,"3":189,"4":5,"5":106,"6":65,"7":190,"8":26,"9":75,"10":141,"11":190,"byteLength":12},"length":3,"byteOffset":0,"byteLength":12},{"0":-0.12259021401405334,"1":-0.11301013082265854,"2":-0.2402917444705963,"BYTES_PER_ELEMENT":4,"buffer":{"0":148,"1":16,"2":251,"3":189,"4":219,"5":113,"6":231,"7":189,"8":10,"9":15,"10":118,"11":190,"byteLength":12},"length":3,"byteOffset":0,"byteLength":12}],"roughness":0.10347347342484331}