{"vertices":[-50,-13.75220775604248,-50,-50,-16.43931210041046,0,-50,-17.116493582725525,50,0,-15.519272089004517,-50,0,-15.014155507087708,0,0,-17.668591737747192,50,50,-14.805834889411926,-50,50,-16.360942721366882,0,50,-16.31443440914154,50],"normals":[-0.035268405414126604,-0.9979377874434272,-0.053631259280964086,-0.010528672954560003,-0.9998935501682427,0.010101256246832922,0.014260397391045586,-0.9994150430611842,-0.031083963216760945,0.028475476269771448,-0.9990297348090307,-0.03359666975471895,0.0007829122682787972,-0.999769254431971,-0.02146683350941968,-0.02692291850308302,-0.9995238378281112,-0.015074948512022556,-0.011040277627913665,-0.9998473575301461,-0.01354156231322127,0.00800615528400467,-0.9985617607689125,-0.05301237032672261,0.027073207628516168,-0.9996330210904257,0.000929824893112704],"colors":[],"uvs":[],"faces":[0,1,3,1,4,3,3,4,6,4,7,6,1,2,4,2,5,4,4,5,7,5,8,7],"heightMap":[{"0":-0.18761038780212402,"1":-0.32196560502052307,"2":-0.35582467913627625,"BYTES_PER_ELEMENT":4,"buffer":{"0":240,"1":28,"2":64,"3":190,"4":173,"5":216,"6":164,"7":190,"8":167,"9":46,"10":182,"11":190,"byteLength":12},"length":3,"byteOffset":0,"byteLength":12},{"0":-0.27596360445022583,"1":-0.2507077753543854,"2":-0.3834295868873596,"BYTES_PER_ELEMENT":4,"buffer":{"0":26,"1":75,"2":141,"3":190,"4":197,"5":92,"6":128,"7":190,"8":226,"9":80,"10":196,"11":190,"byteLength":12},"length":3,"byteOffset":0,"byteLength":12},{"0":-0.2402917444705963,"1":-0.3180471360683441,"2":-0.315721720457077,"BYTES_PER_ELEMENT":4,"buffer":{"0":10,"1":15,"2":118,"3":190,"4":19,"5":215,"6":162,"7":190,"8":71,"9":166,"10":161,"11":190,"byteLength":12},"length":3,"byteOffset":0,"byteLength":12}],"roughness":0.09534498269087094}