{"vertices":[-50,-17.116493582725525,-50,-50,-16.504951119422913,0,-50,-15.781386494636536,50,0,-17.668591737747192,-50,0,-15.243927836418152,0,0,-15.393364429473877,50,50,-16.31443440914154,-50,50,-16.128587126731873,0,50,-16.073115468025208,50],"normals":[-0.011040464356321687,-0.9998642683281921,0.012229189152433735,0.008008017908045673,-0.9987942436383405,0.04843480694810254,0.02707303245340069,-0.9996265530415596,0.0037155575661463533,0.025210203130664587,-0.9995930872344333,0.013345621425967976,0.003760911383682261,-0.9997345391182109,0.02273118649922353,-0.017690365547419293,-0.9998406019760373,0.0024128006536160147,0.007759395241406371,-0.9998652058812217,0.014469341850607994,-0.002916931728686255,-0.9999912795354484,-0.002988705797984253,-0.013593756233749915,-0.9999069852633553,0.001109329980498784],"colors":[],"uvs":[],"faces":[0,1,3,1,4,3,3,4,6,4,7,6,1,2,4,2,5,4,4,5,7,5,8,7],"heightMap":[{"0":-0.35582467913627625,"1":-0.32524755597114563,"2":-0.2890693247318268,"BYTES_PER_ELEMENT":4,"buffer":{"0":167,"1":46,"2":182,"3":190,"4":217,"5":134,"6":166,"7":190,"8":229,"9":0,"10":148,"11":190,"byteLength":12},"length":3,"byteOffset":0,"byteLength":12},{"0":-0.3834295868873596,"1":-0.2621963918209076,"2":-0.26966822147369385,"BYTES_PER_ELEMENT":4,"buffer":{"0":226,"1":80,"2":196,"3":190,"4":155,"5":62,"6":134,"7":190,"8":244,"9":17,"10":138,"11":190,"byteLength":12},"length":3,"byteOffset":0,"byteLength":12},{"0":-0.315721720457077,"1":-0.30642935633659363,"2":-0.3036557734012604,"BYTES_PER_ELEMENT":4,"buffer":{"0":71,"1":166,"2":161,"3":190,"4":79,"5":228,"6":156,"7":190,"8":197,"9":120,"10":155,"11":190,"byteLength":12},"length":3,"byteOffset":0,"byteLength":12}],"roughness":0.09938760357734552}