{"vertices":[-50,-15.329127311706543,-50,-50,-15.315114855766296,0,-50,-16.56141698360443,50,0,-13.141158521175385,-50,0,-13.468632698059082,0,0,-16.27059519290924,50,50,-11.20891809463501,-50,50,-13.743027448654175,0,50,-15.041122436523438,50],"normals":[0.043717537130430646,-0.9990438922078417,0.00027998117043869674,0.04116601433058806,-0.9991308913546962,-0.0065437913249090825,0.03856655720806765,-0.9979751142335852,-0.050579561441153456,0.03690168956447154,-0.9992430582240921,-0.012311616394735882,0.01570420236359647,-0.9993880295824432,-0.03125610908997799,-0.005483788511719796,-0.9992517167013665,-0.038287527119556734,0.005814531463978021,-0.9996725916030509,-0.024917881561126905,0.015176049213998575,-0.9983185074075237,-0.055945020313413446,0.024573749392540558,-0.9993612816919312,-0.025945317416697967],"colors":[],"uvs":[],"faces":[0,1,3,1,4,3,3,4,6,4,7,6,1,2,4,2,5,4,4,5,7,5,8,7],"heightMap":[{"0":-0.26645636558532715,"1":-0.2657557427883148,"2":-0.32807084918022156,"BYTES_PER_ELEMENT":4,"buffer":{"0":248,"1":108,"2":136,"3":190,"4":35,"5":17,"6":136,"7":190,"8":231,"9":248,"10":167,"11":190,"byteLength":12},"length":3,"byteOffset":0,"byteLength":12},{"0":-0.15705792605876923,"1":-0.1734316349029541,"2":-0.31352975964546204,"BYTES_PER_ELEMENT":4,"buffer":{"0":203,"1":211,"2":32,"3":190,"4":16,"5":152,"6":49,"7":190,"8":249,"9":134,"10":160,"11":190,"byteLength":12},"length":3,"byteOffset":0,"byteLength":12},{"0":-0.06044590473175049,"1":-0.18715137243270874,"2":-0.2520561218261719,"BYTES_PER_ELEMENT":4,"buffer":{"0":32,"1":150,"2":119,"3":189,"4":156,"5":164,"6":63,"7":190,"8":128,"9":13,"10":129,"11":190,"byteLength":12},"length":3,"byteOffset":0,"byteLength":12}],"roughness":0.05533101508633194}