{"vertices":[-50,-7.183084785938263,-50,-50,-7.810909599065781,0,-50,-7.821972221136093,50,0,-8.590103834867477,-50,0,-8.978333100676537,0,0,-8.389303833246231,50,50,-7.84174770116806,-50,50,-6.563003957271576,0,50,-8.158817291259766,50],"normals":[-0.028127030183630736,-0.9995255645272283,-0.012550539015309675,-0.0065832298693498026,-0.999948187931038,-0.007764183016951319,0.01496055576563218,-0.9995612444356072,0.025563653759268348,-0.02334163233617575,-0.9997071458630938,-0.0063867605364104265,0.012462069831350836,-0.9999203299076922,0.0020076485774724218,0.04825007741375133,-0.9988302742402174,-0.003164378419077164,-0.01134590161793765,-0.9999356087119496,-0.00022123819467656356,-0.00336798353703131,-0.9999249448471589,0.01177970115497221,0.004607335883207409,-0.9994804563205166,-0.03189968478513762],"colors":[],"uvs":[],"faces":[0,1,3,1,4,3,3,4,6,4,7,6,1,2,4,2,5,4,4,5,7,5,8,7],"heightMap":[{"0":0.14084576070308685,"1":0.10945452004671097,"2":0.10890138894319534,"BYTES_PER_ELEMENT":4,"buffer":{"0":223,"1":57,"2":16,"3":62,"4":177,"5":41,"6":224,"7":61,"8":177,"9":7,"10":223,"11":61,"byteLength":12},"length":3,"byteOffset":0,"byteLength":12},{"0":0.07049480825662613,"1":0.05108334496617317,"2":0.08053480833768845,"BYTES_PER_ELEMENT":4,"buffer":{"0":149,"1":95,"2":144,"3":61,"4":197,"5":60,"6":81,"7":61,"8":111,"9":239,"10":164,"11":61,"byteLength":12},"length":3,"byteOffset":0,"byteLength":12},{"0":0.10791261494159698,"1":0.1718498021364212,"2":0.09205913543701172,"BYTES_PER_ELEMENT":4,"buffer":{"0":74,"1":1,"2":221,"3":61,"4":101,"5":249,"6":47,"7":62,"8":128,"9":137,"10":188,"11":61,"byteLength":12},"length":3,"byteOffset":0,"byteLength":12}],"roughness":0.10349686371162534}