{"vertices":[-50,-13.51651519536972,-50,-50,-10.882409662008286,0,-50,-15.329127311706543,50,0,-10.089647499844432,-50,0,-11.453518569469452,0,0,-13.141158521175385,50,50,-7.643235474824905,-50,50,-9.479212872684002,0,50,-11.20891809463501,50],"normals":[0.06828269819670969,-0.9962844244887449,0.05248636630695231,0.05860444147491645,-0.9979101004016515,-0.027220414320488228,0.04883694463652692,-0.9981340865126166,-0.03665103245739801,-0.011419576187548559,-0.9997722009199317,-0.018031626310804502,0.014014991817377708,-0.9994365795314455,-0.03049759824712976,0.03943034839445993,-0.9985877176634835,-0.035606428592688956,0.04354599626642094,-0.995123798266098,-0.08850069114769252,0.041143506008669735,-0.9985845899092838,-0.03370502498177584,0.038592932558070954,-0.9986576211732245,-0.034547666045689956],"colors":[],"uvs":[],"faces":[0,1,3,1,4,3,3,4,6,4,7,6,1,2,4,2,5,4,4,5,7,5,8,7],"heightMap":[{"0":-0.17582575976848602,"1":-0.044120483100414276,"2":-0.26645636558532715,"BYTES_PER_ELEMENT":4,"buffer":{"0":171,"1":11,"2":52,"3":190,"4":174,"5":183,"6":52,"7":189,"8":248,"9":108,"10":136,"11":190,"byteLength":12},"length":3,"byteOffset":0,"byteLength":12},{"0":-0.004482374992221594,"1":-0.0726759284734726,"2":-0.15705792605876923,"BYTES_PER_ELEMENT":4,"buffer":{"0":227,"1":224,"2":146,"3":187,"4":30,"5":215,"6":148,"7":189,"8":203,"9":211,"10":32,"11":190,"byteLength":12},"length":3,"byteOffset":0,"byteLength":12},{"0":0.11783822625875473,"1":0.026039356365799904,"2":-0.06044590473175049,"BYTES_PER_ELEMENT":4,"buffer":{"0":43,"1":85,"2":241,"3":61,"4":125,"5":80,"6":213,"7":60,"8":32,"9":150,"10":119,"11":189,"byteLength":12},"length":3,"byteOffset":0,"byteLength":12}],"roughness":0.025052308006012}