{"vertices":[-50,-6.487936973571777,-50,-50,-8.204019218683243,0,-50,-13.51651519536972,50,0,-3.718794584274292,-50,0,-9.201275110244751,0,0,-10.089647499844432,50,50,-5.86195170879364,-50,50,-6.095153093338013,0,50,-7.643235474824905,50],"normals":[0.055265664152572,-0.9978841168689878,-0.0342490243127521,0.006207636578148582,-0.9940229987574518,-0.10899423466108975,-0.042823356616544676,-0.9990717928847327,-0.004659698507198965,-0.01989222300493365,-0.9973479812581657,-0.07000931183909398,0.021006388540572792,-0.9977649903194893,-0.06343308074839142,0.0619931216300292,-0.9979183253683906,-0.017772697164787354,0.06799600276310792,-0.9921013707633833,-0.10541069081291227,0.05861694303176662,-0.9981230163346947,-0.017734098582713884,0.048846427836570755,-0.9983279050506808,-0.03090987681511357],"colors":[],"uvs":[],"faces":[0,1,3,1,4,3,3,4,6,4,7,6,1,2,4,2,5,4,4,5,7,5,8,7],"heightMap":[{"0":0.17560315132141113,"1":0.08979903906583786,"2":-0.17582575976848602,"BYTES_PER_ELEMENT":4,"buffer":{"0":80,"1":209,"2":51,"3":62,"4":143,"5":232,"6":183,"7":61,"8":171,"9":11,"10":52,"11":190,"byteLength":12},"length":3,"byteOffset":0,"byteLength":12},{"0":0.3140602707862854,"1":0.03993624448776245,"2":-0.004482374992221594,"BYTES_PER_ELEMENT":4,"buffer":{"0":130,"1":204,"2":160,"3":62,"4":48,"5":148,"6":35,"7":61,"8":227,"9":224,"10":146,"11":187,"byteLength":12},"length":3,"byteOffset":0,"byteLength":12},{"0":0.206902414560318,"1":0.19524234533309937,"2":0.11783822625875473,"BYTES_PER_ELEMENT":4,"buffer":{"0":58,"1":222,"2":83,"3":62,"4":156,"5":237,"6":71,"7":62,"8":43,"9":85,"10":241,"11":61,"byteLength":12},"length":3,"byteOffset":0,"byteLength":12}],"roughness":0.04222115891438416}