{"vertices":[-50,-6.092042624950409,-50,-50,-6.7697253823280334,0,-50,-6.487936973571777,50,0,-3.706514835357666,-50,0,-8.479860723018646,0,0,-3.718794584274292,50,50,-3.3248424530029297,-50,50,-5.586617290973663,0,50,-5.86195170879364,50],"normals":[0.04765197988955424,-0.9987722653545231,-0.013537014855554995,0.027525374960506922,-0.9950967679997459,-0.09499882130712639,0.007625427932674135,-0.998949398123711,-0.045187972261644366,-0.03418245124410552,-0.9994077787522199,-0.003956235141974471,0.011805468073633927,-0.9999303056294795,-0.00012168524242119598,0.057749728544907696,-0.9980101899702477,-0.025310661163622752,0.055297230408346644,-0.9984540813442102,0.005627055735963489,0.006216678514641623,-0.995477811628428,0.09479071401630879,-0.04282317345024572,-0.9990675196026467,-0.00550155347745286],"colors":[],"uvs":[],"faces":[0,1,3,1,4,3,3,4,6,4,7,6,1,2,4,2,5,4,4,5,7,5,8,7],"heightMap":[{"0":0.19539786875247955,"1":0.16151373088359833,"2":0.17560315132141113,"BYTES_PER_ELEMENT":4,"buffer":{"0":97,"1":22,"2":72,"3":62,"4":219,"5":99,"6":37,"7":62,"8":80,"9":209,"10":51,"11":62,"byteLength":12},"length":3,"byteOffset":0,"byteLength":12},{"0":0.3146742582321167,"1":0.07600696384906769,"2":0.3140602707862854,"BYTES_PER_ELEMENT":4,"buffer":{"0":252,"1":28,"2":161,"3":62,"4":138,"5":169,"6":155,"7":61,"8":130,"9":204,"10":160,"11":62,"byteLength":12},"length":3,"byteOffset":0,"byteLength":12},{"0":0.3337578773498535,"1":0.22066913545131683,"2":0.206902414560318,"BYTES_PER_ELEMENT":4,"buffer":{"0":80,"1":226,"2":170,"3":62,"4":23,"5":247,"6":97,"7":62,"8":58,"9":222,"10":83,"11":62,"byteLength":12},"length":3,"byteOffset":0,"byteLength":12}],"roughness":0.1894486057277403}