{"vertices":[-50,-3.7655365467071533,-50,-50,-5.807242393493652,0,-50,-6.092042624950409,50,0,-3.03644061088562,-50,0,-3.518071174621582,0,0,-3.706514835357666,50,50,-4.117422699928284,-50,50,-3.1314462423324585,0,50,-3.3248424530029297,50],"normals":[0.014568230591727925,-0.9990612946780922,-0.04079578573284701,-0.003517524168204933,-0.9999474234080358,-0.009632104824846697,-0.021610391609183106,-0.9995721403821611,0.019711091961709604,0.045723176875275384,-0.9986840761042833,-0.023227294981685905,0.02673812342106061,-0.9996200316592153,-0.00669813866306033,0.007732024716531806,-0.9999387094298524,0.007924214632640064,0.04765557530284398,-0.9988476242186165,-0.0056894406913498684,0.02765013112247733,-0.999610562621714,-0.003767405474617846,0.007633168162382411,-0.9999633868305337,-0.003867782596444715],"colors":[],"uvs":[],"faces":[0,1,3,1,4,3,3,4,6,4,7,6,1,2,4,2,5,4,4,5,7,5,8,7],"heightMap":[{"0":0.31172317266464233,"1":0.20963788032531738,"2":0.19539786875247955,"BYTES_PER_ELEMENT":4,"buffer":{"0":46,"1":154,"2":159,"3":62,"4":80,"5":171,"6":86,"7":62,"8":97,"9":22,"10":72,"11":62,"byteLength":12},"length":3,"byteOffset":0,"byteLength":12},{"0":0.348177969455719,"1":0.3240964412689209,"2":0.3146742582321167,"BYTES_PER_ELEMENT":4,"buffer":{"0":98,"1":68,"2":178,"3":62,"4":248,"5":239,"6":165,"7":62,"8":252,"9":28,"10":161,"11":62,"byteLength":12},"length":3,"byteOffset":0,"byteLength":12},{"0":0.2941288650035858,"1":0.3434276878833771,"2":0.3337578773498535,"BYTES_PER_ELEMENT":4,"buffer":{"0":15,"1":152,"2":150,"3":62,"4":193,"5":213,"6":175,"7":62,"8":80,"9":226,"10":170,"11":62,"byteLength":12},"length":3,"byteOffset":0,"byteLength":12}],"roughness":0.06966794629511158}