{"vertices":[-50,-3.9647001028060913,-50,-50,-3.010227084159851,0,-50,-3.7655365467071533,50,0,-4.365991950035095,-50,0,-4.854890704154968,0,0,-3.03644061088562,50,50,-6.657465994358063,-50,50,-5.985210835933685,0,50,-4.117422699928284,50],"normals":[-0.008024116671884471,-0.9997856581553444,0.019085368702774993,-0.026907017374918792,-0.9995901570005611,-0.009773967647761252,-0.04577729905187446,-0.998861391541524,0.013429794460294825,-0.036868117056823524,-0.9993181590723059,0.0019896967160694386,-0.02973254487765143,-0.9994696494701867,0.013281399137153357,-0.02259334691940039,-0.9994224770573001,0.025382139934016452,0.014578705710119906,-0.9997796581935998,-0.015102860725918668,-0.0035153646710561646,-0.999333128378237,0.036344748410131085,-0.021599532668181588,-0.9990698683689804,0.0373210169436012],"colors":[],"uvs":[],"faces":[0,1,3,1,4,3,3,4,6,4,7,6,1,2,4,2,5,4,4,5,7,5,8,7],"heightMap":[{"0":0.30176499485969543,"1":0.34948864579200745,"2":0.31172317266464233,"BYTES_PER_ELEMENT":4,"buffer":{"0":241,"1":128,"2":154,"3":62,"4":45,"5":240,"6":178,"7":62,"8":46,"9":154,"10":159,"11":62,"byteLength":12},"length":3,"byteOffset":0,"byteLength":12},{"0":0.28170040249824524,"1":0.2572554647922516,"2":0.348177969455719,"BYTES_PER_ELEMENT":4,"buffer":{"0":9,"1":59,"2":144,"3":62,"4":253,"5":182,"6":131,"7":62,"8":98,"9":68,"10":178,"11":62,"byteLength":12},"length":3,"byteOffset":0,"byteLength":12},{"0":0.16712670028209686,"1":0.20073945820331573,"2":0.2941288650035858,"BYTES_PER_ELEMENT":4,"buffer":{"0":67,"1":35,"2":43,"3":62,"4":165,"5":142,"6":77,"7":62,"8":15,"9":152,"10":150,"11":62,"byteLength":12},"length":3,"byteOffset":0,"byteLength":12}],"roughness":0.06407310440233176}