{"vertices":[-50,-8.880913481116295,-50,-50,-5.609113872051239,0,-50,-3.9647001028060913,50,0,-6.50365948677063,-50,0,-8.218217343091965,0,0,-4.365991950035095,50,50,-8.957090005278587,-50,50,-8.951204121112823,0,50,-6.657465994358063,50],"normals":[0.047390309349576276,-0.9967447622823403,0.06522298247146006,-0.000759547183496441,-0.9994122879905516,-0.03427100380156561,-0.049009644543324946,-0.9987982984154353,0.00011757622178870584,-0.052048512256313295,-0.9974405544666277,0.049023389083280806,-0.03338299690292194,-0.9992157619770772,0.02129404927082793,-0.014654291167991393,-0.9996286159185245,0.022975682518237592,-0.008021241877728645,-0.9994274657106588,0.032869445719527796,-0.026828907385116292,-0.9966863234605848,0.07678920728294715,-0.045733430979855244,-0.9979041895141237,0.04577861772673708],"colors":[],"uvs":[],"faces":[0,1,3,1,4,3,3,4,6,4,7,6,1,2,4,2,5,4,4,5,7,5,8,7],"heightMap":[{"0":0.05595432594418526,"1":0.21954430639743805,"2":0.30176499485969543,"BYTES_PER_ELEMENT":4,"buffer":{"0":93,"1":48,"2":101,"3":61,"4":57,"5":208,"6":96,"7":62,"8":241,"9":128,"10":154,"11":62,"byteLength":12},"length":3,"byteOffset":0,"byteLength":12},{"0":0.1748170256614685,"1":0.08908913284540176,"2":0.28170040249824524,"BYTES_PER_ELEMENT":4,"buffer":{"0":60,"1":3,"2":51,"3":62,"4":93,"5":116,"6":182,"7":61,"8":9,"9":59,"10":144,"11":62,"byteLength":12},"length":3,"byteOffset":0,"byteLength":12},{"0":0.05214549973607063,"1":0.052439793944358826,"2":0.16712670028209686,"BYTES_PER_ELEMENT":4,"buffer":{"0":133,"1":150,"2":85,"3":61,"4":28,"5":203,"6":86,"7":61,"8":67,"9":35,"10":43,"11":62,"byteLength":12},"length":3,"byteOffset":0,"byteLength":12}],"roughness":0.0629670616524288}