{"vertices":[-50,-12.838163375854492,-50,-50,-10.656176656484604,0,-50,-8.880913481116295,50,0,-9.867820562794805,-50,0,-8.717935532331467,0,0,-6.50365948677063,50,50,-8.039166331291199,-50,50,-10.555753335356712,0,50,-8.957090005278587,50],"normals":[0.059246114444115365,-0.9972942211186592,0.043521654915705026,0.0479159485977218,-0.9985873326276695,0.022965212507977423,0.03650250455727558,-0.9980701635229722,-0.050234608053349075,0.038705481330188675,-0.9984692009643538,0.03951126979234335,0.001002237767350051,-0.999434226586631,0.033618778184824456,-0.03673001165430939,-0.9992832693710946,-0.009157171991967573,0.04746159342141473,-0.9982440566784798,0.03544291827703161,-0.000759250847631124,-0.9990205483921465,0.04424214538655561,-0.048984673122483224,-0.9982893901611901,0.031918572817134984],"colors":[],"uvs":[],"faces":[0,1,3,1,4,3,3,4,6,4,7,6,1,2,4,2,5,4,4,5,7,5,8,7],"heightMap":[{"0":-0.1419081687927246,"1":-0.032808832824230194,"2":0.05595432594418526,"BYTES_PER_ELEMENT":4,"buffer":{"0":96,"1":80,"2":17,"3":190,"4":142,"5":98,"6":6,"7":189,"8":93,"9":48,"10":101,"11":61,"byteLength":12},"length":3,"byteOffset":0,"byteLength":12},{"0":0.006608971860259771,"1":0.06410322338342667,"2":0.1748170256614685,"BYTES_PER_ELEMENT":4,"buffer":{"0":19,"1":144,"2":216,"3":59,"4":141,"5":72,"6":131,"7":61,"8":60,"9":3,"10":51,"11":62,"byteLength":12},"length":3,"byteOffset":0,"byteLength":12},{"0":0.09804168343544006,"1":-0.027787666767835617,"2":0.05214549973607063,"BYTES_PER_ELEMENT":4,"buffer":{"0":20,"1":202,"2":200,"3":61,"4":246,"5":162,"6":227,"7":188,"8":133,"9":150,"10":85,"11":61,"byteLength":12},"length":3,"byteOffset":0,"byteLength":12}],"roughness":0.12909234465919556}