{"vertices":[-50,-7.821972221136093,-50,-50,-10.330839157104492,0,-50,-12.838163375854492,50,0,-8.389303833246231,-50,0,-10.85104875266552,0,0,-9.867820562794805,50,50,-8.158817291259766,-50,50,-7.398226857185364,0,50,-8.039166331291199,50],"normals":[-0.011331647482953134,-0.9986793650371526,-0.05011107277151255,-0.003364142769660049,-0.9987845096030685,-0.04917505384220079,0.0046091486286998565,-0.999873699560843,0.015209887423371194,-0.010390566009317223,-0.9986903450052057,-0.05009621673728622,0.029264277673940232,-0.9994627315382698,-0.01475975332730497,0.06889231755115556,-0.9976233880081914,0.00119343264925553,0.059228143040871255,-0.9969917071602519,-0.04999562906511615,0.047919345263243714,-0.9986581388874132,0.019638176683958567,0.03654565075345168,-0.9992498889033307,-0.012809173965880296],"colors":[],"uvs":[],"faces":[0,1,3,1,4,3,3,4,6,4,7,6,1,2,4,2,5,4,4,5,7,5,8,7],"heightMap":[{"0":0.10890138894319534,"1":-0.01654195785522461,"2":-0.1419081687927246,"BYTES_PER_ELEMENT":4,"buffer":{"0":177,"1":7,"2":223,"3":61,"4":0,"5":131,"6":135,"7":188,"8":96,"9":80,"10":17,"11":190,"byteLength":12},"length":3,"byteOffset":0,"byteLength":12},{"0":0.08053480833768845,"1":-0.042552437633275986,"2":0.006608971860259771,"BYTES_PER_ELEMENT":4,"buffer":{"0":111,"1":239,"2":164,"3":61,"4":119,"5":75,"6":46,"7":189,"8":19,"9":144,"10":216,"11":59,"byteLength":12},"length":3,"byteOffset":0,"byteLength":12},{"0":0.09205913543701172,"1":0.1300886571407318,"2":0.09804168343544006,"BYTES_PER_ELEMENT":4,"buffer":{"0":128,"1":137,"2":188,"3":61,"4":246,"5":53,"6":5,"7":62,"8":20,"9":202,"10":200,"11":61,"byteLength":12},"length":3,"byteOffset":0,"byteLength":12}],"roughness":0.1557081111542857}