{"vertices":[-50,-16.56141698360443,-50,-50,-12.302577644586563,0,-50,-12.471213042736053,50,0,-16.27059519290924,-50,0,-13.273229002952576,0,0,-15.985168814659119,50,50,-15.041122436523438,-50,50,-15.20279049873352,0,50,-16.45050346851349,50],"normals":[0.005795353240148365,-0.9963753448967757,0.08486805030547769,0.015172623002904426,-0.9980930830925725,0.0598330092338257,0.024581896177781393,-0.9996925938417337,-0.0032323672890432927,-0.019393224034838646,-0.9989799049725256,0.04078053852781047,-0.02898716956379671,-0.9995757384253083,0.0028437918664027803,-0.038558702563040025,-0.9991571309686165,-0.014080273122990618,-0.07010579927123427,-0.9975338880384911,-0.0033643904875396017,-0.0396665282621072,-0.9977464426498391,-0.054116565996213555,-0.009303394075613633,-0.999645523770211,-0.024945413703811634],"colors":[],"uvs":[],"faces":[0,1,3,1,4,3,3,4,6,4,7,6,1,2,4,2,5,4,4,5,7,5,8,7],"heightMap":[{"0":-0.32807084918022156,"1":-0.11512888222932816,"2":-0.12356065213680267,"BYTES_PER_ELEMENT":4,"buffer":{"0":231,"1":248,"2":167,"3":190,"4":177,"5":200,"6":235,"7":189,"8":94,"9":13,"10":253,"11":189,"byteLength":12},"length":3,"byteOffset":0,"byteLength":12},{"0":-0.31352975964546204,"1":-0.16366145014762878,"2":-0.29925844073295593,"BYTES_PER_ELEMENT":4,"buffer":{"0":249,"1":134,"2":160,"3":190,"4":222,"5":150,"6":39,"7":190,"8":103,"9":56,"10":153,"11":190,"byteLength":12},"length":3,"byteOffset":0,"byteLength":12},{"0":-0.2520561218261719,"1":-0.260139524936676,"2":-0.32252517342567444,"BYTES_PER_ELEMENT":4,"buffer":{"0":128,"1":13,"2":129,"3":190,"4":2,"5":49,"6":133,"7":190,"8":5,"9":34,"10":165,"11":190,"byteLength":12},"length":3,"byteOffset":0,"byteLength":12}],"roughness":0.09919237898289683}