{"vertices":[-50,-12.471213042736053,-50,-50,-12.643564939498901,0,-50,-13.458800911903381,50,0,-15.985168814659119,-50,0,-14.937949180603027,0,0,-14.560036659240723,50,50,-16.45050346851349,-50,50,-16.507160663604736,0,50,-14.34876024723053,50],"normals":[-0.07010578159005343,-0.9975336364533548,-0.0034385362865495374,-0.03971595196453078,-0.9989919216648168,0.020923279092616417,-0.009306284081631127,-0.9999560536215294,-0.0011330941042541798,-0.04583721821987891,-0.9989002146785292,-0.009864610537245334,-0.038601215652563865,-0.999153245465067,0.014238617445801995,-0.031361872383450985,-0.9992876270399057,0.020992174864898905,-0.022016450070211566,-0.9996247453574203,-0.016298601026420747,-0.008897454351236924,-0.999931855649207,0.0075577353751775985,0.0042215590290647495,-0.999060659185438,0.04312745885537877],"colors":[],"uvs":[],"faces":[0,1,3,1,4,3,3,4,6,4,7,6,1,2,4,2,5,4,4,5,7,5,8,7],"heightMap":[{"0":-0.12356065213680267,"1":-0.13217824697494507,"2":-0.17294004559516907,"BYTES_PER_ELEMENT":4,"buffer":{"0":94,"1":13,"2":253,"3":189,"4":188,"5":89,"6":7,"7":190,"8":50,"9":23,"10":49,"11":190,"byteLength":12},"length":3,"byteOffset":0,"byteLength":12},{"0":-0.29925844073295593,"1":-0.24689745903015137,"2":-0.22800183296203613,"BYTES_PER_ELEMENT":4,"buffer":{"0":103,"1":56,"2":153,"3":190,"4":176,"5":210,"6":124,"7":190,"8":80,"9":121,"10":105,"11":190,"byteLength":12},"length":3,"byteOffset":0,"byteLength":12},{"0":-0.32252517342567444,"1":-0.3253580331802368,"2":-0.2174380123615265,"BYTES_PER_ELEMENT":4,"buffer":{"0":5,"1":34,"2":165,"3":190,"4":84,"5":149,"6":166,"7":190,"8":18,"9":168,"10":94,"11":190,"byteLength":12},"length":3,"byteOffset":0,"byteLength":12}],"roughness":0.061675034549089666}