{"vertices":[-50,-16.073115468025208,-50,-50,-15.644710659980774,0,-50,-16.9482284784317,50,0,-15.856853723526001,-50,0,-16.95287048816681,0,0,-18.839163184165955,50,50,-16.05785846710205,-50,50,-13.664653301239014,0,50,-16.65405511856079,50],"normals":[0.0043250356835824,-0.9999539432176984,0.00856770154194905,0.00015253071117604642,-0.9997598243661462,-0.021915070562392922,-0.004015465432658529,-0.9988484254699403,0.04780898423497644,-0.026153246502222952,-0.9996196924380583,-0.008745180812067457,0.019746254799265013,-0.9993607535654108,-0.029802175332965475,0.0656214351139282,-0.9978269588578907,-0.005931899358691572,-0.03777885998383426,-0.9989467079235999,-0.026042896669226136,0.0029347608980385387,-0.9992848353190329,-0.03769887372170001,0.0435828100299886,-0.9972689844499381,-0.05962475428946576],"colors":[],"uvs":[],"faces":[0,1,3,1,4,3,3,4,6,4,7,6,1,2,4,2,5,4,4,5,7,5,8,7],"heightMap":[{"0":-0.3036557734012604,"1":-0.2822355329990387,"2":-0.3474114239215851,"BYTES_PER_ELEMENT":4,"buffer":{"0":197,"1":120,"2":155,"3":190,"4":45,"5":129,"6":144,"7":190,"8":233,"9":223,"10":177,"11":190,"byteLength":12},"length":3,"byteOffset":0,"byteLength":12},{"0":-0.29284268617630005,"1":-0.34764352440834045,"2":-0.44195815920829773,"BYTES_PER_ELEMENT":4,"buffer":{"0":122,"1":239,"2":149,"3":190,"4":85,"5":254,"6":177,"7":190,"8":87,"9":72,"10":226,"11":190,"byteLength":12},"length":3,"byteOffset":0,"byteLength":12},{"0":-0.30289292335510254,"1":-0.18323266506195068,"2":-0.33270275592803955,"BYTES_PER_ELEMENT":4,"buffer":{"0":200,"1":20,"2":155,"3":190,"4":88,"5":161,"6":59,"7":190,"8":4,"9":88,"10":170,"11":190,"byteLength":12},"length":3,"byteOffset":0,"byteLength":12}],"roughness":0.13498668032367173}