{"vertices":[-50,-13.458800911903381,-50,-50,-14.21237587928772,0,-50,-14.312407374382019,50,0,-14.560036659240723,-50,0,-12.783547341823578,0,0,-12.96822190284729,50,50,-14.34876024723053,-50,50,-13.344700634479523,0,50,-13.50013554096222,50],"normals":[-0.022016875712813633,-0.999644071037825,-0.015066134964565525,-0.008892099987907867,-0.9993299035286762,0.03550597796388398,0.004224638816332243,-0.9997895117909398,0.020076965400826593,0.028563870097635564,-0.9995555571814861,-0.008531906742009602,0.008671896343385948,-0.9998358308135379,0.015909419700665277,-0.011221955191276054,-0.9999010375723195,0.00848426682063723,0.02687394606744553,-0.9996368297584,-0.0019999033326411663,0.008119537529805002,-0.999960215367771,-0.0036933442762843954,-0.01063761943652196,-0.9999385872320423,-0.0031085072158970437],"colors":[],"uvs":[],"faces":[0,1,3,1,4,3,3,4,6,4,7,6,1,2,4,2,5,4,4,5,7,5,8,7],"heightMap":[{"0":-0.17294004559516907,"1":-0.210618793964386,"2":-0.21562036871910095,"BYTES_PER_ELEMENT":4,"buffer":{"0":50,"1":23,"2":49,"3":190,"4":116,"5":172,"6":87,"7":190,"8":150,"9":203,"10":92,"11":190,"byteLength":12},"length":3,"byteOffset":0,"byteLength":12},{"0":-0.22800183296203613,"1":-0.1391773670911789,"2":-0.1484110951423645,"BYTES_PER_ELEMENT":4,"buffer":{"0":80,"1":121,"2":105,"3":190,"4":131,"5":132,"6":14,"7":190,"8":20,"9":249,"10":23,"11":190,"byteLength":12},"length":3,"byteOffset":0,"byteLength":12},{"0":-0.2174380123615265,"1":-0.16723503172397614,"2":-0.17500677704811096,"BYTES_PER_ELEMENT":4,"buffer":{"0":18,"1":168,"2":94,"3":190,"4":169,"5":63,"6":43,"7":190,"8":250,"9":52,"10":51,"11":190,"byteLength":12},"length":3,"byteOffset":0,"byteLength":12}],"roughness":0.06840858328528585}