{"vertices":[-50,-14.312407374382019,-50,-50,-14.27536815404892,0,-50,-12.847186625003815,50,0,-12.96822190284729,-50,0,-15.877023339271545,0,0,-13.456675112247467,50,50,-13.50013554096222,-50,50,-14.140779674053192,0,50,-15.289074182510376,50],"normals":[0.026873992441923025,-0.9996385547613283,0.0007405166536653172,0.008105897989174432,-0.9982792603244278,-0.058075922927684785,-0.010636797844856901,-0.9998613574332376,-0.0128111062508796,-0.03201325005775797,-0.9993802147029612,0.014640296479323568,0.0013443740550591493,-0.9999872346178167,-0.004870652914311056,0.03469841144729781,-0.9992379566992999,-0.017875293967994414,-0.01218389565095517,-0.9995181128076397,0.02854986613315785,-0.024379431549422712,-0.9985335630177634,0.04833597877748158,-0.03661375426784003,-0.9990660566801849,-0.0229444413294366],"colors":[],"uvs":[],"faces":[0,1,3,1,4,3,3,4,6,4,7,6,1,2,4,2,5,4,4,5,7,5,8,7],"heightMap":[{"0":-0.21562036871910095,"1":-0.21376840770244598,"2":-0.14235933125019073,"BYTES_PER_ELEMENT":4,"buffer":{"0":150,"1":203,"2":92,"3":190,"4":27,"5":230,"6":90,"7":190,"8":165,"9":198,"10":17,"11":190,"byteLength":12},"length":3,"byteOffset":0,"byteLength":12},{"0":-0.1484110951423645,"1":-0.29385116696357727,"2":-0.17283375561237335,"BYTES_PER_ELEMENT":4,"buffer":{"0":20,"1":249,"2":23,"3":190,"4":169,"5":115,"6":150,"7":190,"8":85,"9":251,"10":48,"11":190,"byteLength":12},"length":3,"byteOffset":0,"byteLength":12},{"0":-0.17500677704811096,"1":-0.2070389837026596,"2":-0.2644537091255188,"BYTES_PER_ELEMENT":4,"buffer":{"0":250,"1":52,"2":51,"3":190,"4":7,"5":2,"6":84,"7":190,"8":122,"9":102,"10":135,"11":190,"byteLength":12},"length":3,"byteOffset":0,"byteLength":12}],"roughness":0.09567253089323699}