{"vertices":[-50,-12.847186625003815,-50,-50,-13.19476693868637,0,-50,-14.544962644577026,50,0,-13.456675112247467,-50,0,-13.373923599720001,0,0,-13.716863691806793,50,50,-15.289074182510376,-50,50,-13.286761045455933,0,50,-13.152531087398529,50],"normals":[-0.012188569745911806,-0.9999015568803715,-0.006950921935843115,-0.024407919283627382,-0.9997007132089265,0.0016545349218565,-0.0365941037230365,-0.9985298594859592,0.03998738910779727,-0.003582594035595575,-0.9998495213424046,-0.01697349967863509,-0.0009199310401238127,-0.9999961920997947,-0.002601828739957093,0.0017428509706424512,-0.9997704779063102,0.021353078875939947,0.016553675244430993,-0.9994986220580349,-0.026990374950927716,0.013922541663290492,-0.9998795582479768,-0.006857975755625241,0.011285892598045173,-0.9999327089987201,0.0026844185117824823],"colors":[],"uvs":[],"faces":[0,1,3,1,4,3,3,4,6,4,7,6,1,2,4,2,5,4,4,5,7,5,8,7],"heightMap":[{"0":-0.14235933125019073,"1":-0.15973834693431854,"2":-0.22724813222885132,"BYTES_PER_ELEMENT":4,"buffer":{"0":165,"1":198,"2":17,"3":190,"4":115,"5":146,"6":35,"7":190,"8":188,"9":179,"10":104,"11":190,"byteLength":12},"length":3,"byteOffset":0,"byteLength":12},{"0":-0.17283375561237335,"1":-0.16869617998600006,"2":-0.18584318459033966,"BYTES_PER_ELEMENT":4,"buffer":{"0":85,"1":251,"2":48,"3":190,"4":177,"5":190,"6":44,"7":190,"8":173,"9":77,"10":62,"11":190,"byteLength":12},"length":3,"byteOffset":0,"byteLength":12},{"0":-0.2644537091255188,"1":-0.16433805227279663,"2":-0.15762655436992645,"BYTES_PER_ELEMENT":4,"buffer":{"0":122,"1":102,"2":135,"3":190,"4":60,"5":72,"6":40,"7":190,"8":219,"9":104,"10":33,"11":190,"byteLength":12},"length":3,"byteOffset":0,"byteLength":12}],"roughness":0.05930673812971951}