{"vertices":[-50,-14.544962644577026,-50,-50,-14.207964539527893,0,-50,-15.675722360610962,50,0,-13.716863691806793,-50,0,-10.832130908966064,0,0,-16.286486387252808,50,50,-13.152531087398529,-50,50,-11.91555842757225,0,50,-12.515802383422852,50],"normals":[0.01655933204048802,-0.9998401752044375,0.006738884887917777,0.013899759210435203,-0.998243360952597,0.05759330697186134,0.011282481561608174,-0.9996304903770814,0.024730311730503718,0.06735902546411007,-0.9976650634424147,-0.011277538515480126,0.02286550650136111,-0.9994131762195922,-0.02550434886646927,-0.0216630265596647,-0.999745076972656,0.0063635170474627585,-0.01220911076299667,-0.9994949137824827,-0.02934032953673973,0.031338023620738266,-0.9936143238787531,-0.1083905146150451,0.07519475566513324,-0.9970970199141123,-0.011970029192001849],"colors":[],"uvs":[],"faces":[0,1,3,1,4,3,3,4,6,4,7,6,1,2,4,2,5,4,4,5,7,5,8,7],"heightMap":[{"0":-0.22724813222885132,"1":-0.21039822697639465,"2":-0.2837861180305481,"BYTES_PER_ELEMENT":4,"buffer":{"0":188,"1":179,"2":104,"3":190,"4":162,"5":114,"6":87,"7":190,"8":106,"9":76,"10":145,"11":190,"byteLength":12},"length":3,"byteOffset":0,"byteLength":12},{"0":-0.18584318459033966,"1":-0.04160654544830322,"2":-0.3143243193626404,"BYTES_PER_ELEMENT":4,"buffer":{"0":173,"1":77,"2":62,"3":190,"4":160,"5":107,"6":42,"7":189,"8":30,"9":239,"10":160,"11":190,"byteLength":12},"length":3,"byteOffset":0,"byteLength":12},{"0":-0.15762655436992645,"1":-0.09577792137861252,"2":-0.12579011917114258,"BYTES_PER_ELEMENT":4,"buffer":{"0":219,"1":104,"2":33,"3":190,"4":55,"5":39,"6":196,"7":189,"8":32,"9":207,"10":0,"11":190,"byteLength":12},"length":3,"byteOffset":0,"byteLength":12}],"roughness":0.16850701468755178}