{"vertices":[-50,-15.675722360610962,-50,-50,-15.145922899246216,0,-50,-12.451804280281067,50,0,-16.286486387252808,-50,0,-13.806078135967255,0,0,-13.880532085895538,50,50,-12.515802383422852,-50,50,-13.908827900886536,0,50,-14.563067257404327,50],"normals":[-0.01221368377093841,-0.9998692816023168,0.010594604136561261,0.03148450984108095,-0.9982766303065086,0.04952267181755603,0.07517113961247537,-0.9967838664831448,-0.027770907228142693,0.02677339229118993,-0.9991229217356578,0.032195849540350166,0.012363860893436041,-0.999634658215772,0.024035079314295625,-0.0020545604898641115,-0.9997884138606788,-0.020467200373798903,-0.02852155788858897,-0.9981452651970448,0.0537824348679853,-0.02110672836701678,-0.9997761197658755,-0.0014887456232108448,-0.013648263656990223,-0.9998212712481787,-0.013082448502684177],"colors":[],"uvs":[],"faces":[0,1,3,1,4,3,3,4,6,4,7,6,1,2,4,2,5,4,4,5,7,5,8,7],"heightMap":[{"0":-0.2837861180305481,"1":-0.2572961449623108,"2":-0.12259021401405334,"BYTES_PER_ELEMENT":4,"buffer":{"0":106,"1":76,"2":145,"3":190,"4":82,"5":188,"6":131,"7":190,"8":148,"9":16,"10":251,"11":189,"byteLength":12},"length":3,"byteOffset":0,"byteLength":12},{"0":-0.3143243193626404,"1":-0.19030390679836273,"2":-0.19402660429477692,"BYTES_PER_ELEMENT":4,"buffer":{"0":30,"1":239,"2":160,"3":190,"4":7,"5":223,"6":66,"7":190,"8":233,"9":174,"10":70,"11":190,"byteLength":12},"length":3,"byteOffset":0,"byteLength":12},{"0":-0.12579011917114258,"1":-0.19544139504432678,"2":-0.22815336287021637,"BYTES_PER_ELEMENT":4,"buffer":{"0":32,"1":207,"2":0,"3":190,"4":202,"5":33,"6":72,"7":190,"8":9,"9":161,"10":105,"11":190,"byteLength":12},"length":3,"byteOffset":0,"byteLength":12}],"roughness":0.02}