{"vertices":[-50,-12.451804280281067,-50,-50,-12.26020261645317,0,-50,-14.805834889411926,50,0,-13.880532085895538,-50,0,-14.312151074409485,0,0,-14.698077142238617,50,50,-14.563067257404327,-50,50,-14.39752995967865,0,50,-13.609285652637482,50],"normals":[-0.028562688071346234,-0.9995846640312955,0.0038304416953048957,-0.021105965819985528,-0.9997399956845093,-0.008630135314285706,-0.013649356968803159,-0.9999013632242829,0.003310419393207378,-0.040993133400701647,-0.9988831162340625,-0.023496449019390492,-0.021359427077215137,-0.9997384517307703,-0.008173310583577151,-0.0017074975584364736,-0.9999530639533564,0.009536998604513703,0.0021523621904832556,-0.9987041521114767,-0.05084667041505771,0.011963128592976024,-0.9998986548931394,-0.007717739122210953,0.02176796515828968,-0.9996388365537324,0.015759192440214728],"colors":[],"uvs":[],"faces":[0,1,3,1,4,3,3,4,6,4,7,6,1,2,4,2,5,4,4,5,7,5,8,7],"heightMap":[{"0":-0.12259021401405334,"1":-0.11301013082265854,"2":-0.2402917444705963,"BYTES_PER_ELEMENT":4,"buffer":{"0":148,"1":16,"2":251,"3":189,"4":219,"5":113,"6":231,"7":189,"8":10,"9":15,"10":118,"11":190,"byteLength":12},"length":3,"byteOffset":0,"byteLength":12},{"0":-0.19402660429477692,"1":-0.21560755372047424,"2":-0.23490385711193085,"BYTES_PER_ELEMENT":4,"buffer":{"0":233,"1":174,"2":70,"3":190,"4":58,"5":200,"6":92,"7":190,"8":163,"9":138,"10":112,"11":190,"byteLength":12},"length":3,"byteOffset":0,"byteLength":12},{"0":-0.22815336287021637,"1":-0.2198764979839325,"2":-0.18046428263187408,"BYTES_PER_ELEMENT":4,"buffer":{"0":9,"1":161,"2":105,"3":190,"4":78,"5":39,"6":97,"7":190,"8":161,"9":203,"10":56,"11":190,"byteLength":12},"length":3,"byteOffset":0,"byteLength":12}],"roughness":0.04242332523185444}