{"vertices":[-50,-14.805834889411926,-50,-50,-16.360942721366882,0,-50,-16.31443440914154,50,0,-14.698077142238617,-50,0,-14.532292187213898,0,0,-16.39683425426483,50,50,-13.609285652637482,-50,50,-12.479228675365448,0,50,-15.879941582679749,50],"normals":[0.002154108313111957,-0.9995143595789237,-0.031087052174652526,0.011963419083389807,-0.9999229392496379,0.003315443590233726,0.02176511313093568,-0.9995078643987679,0.02259001672004195,0.03654442483075944,-0.9992183894143147,-0.015070344058839833,0.038782152177978,-0.9991036588428213,-0.016965363518996256,0.041016187254739774,-0.9989020558309804,-0.022635265399931277,-0.001647993951650393,-0.9999982094532927,0.0009301645790007296,0.00434171373071601,-0.9992960021701093,-0.0372645886696398,0.010313476375882313,-0.9976419615561009,-0.06785387791084381],"colors":[],"uvs":[],"faces":[0,1,3,1,4,3,3,4,6,4,7,6,1,2,4,2,5,4,4,5,7,5,8,7],"heightMap":[{"0":-0.2402917444705963,"1":-0.3180471360683441,"2":-0.315721720457077,"BYTES_PER_ELEMENT":4,"buffer":{"0":10,"1":15,"2":118,"3":190,"4":19,"5":215,"6":162,"7":190,"8":71,"9":166,"10":161,"11":190,"byteLength":12},"length":3,"byteOffset":0,"byteLength":12},{"0":-0.23490385711193085,"1":-0.22661460936069489,"2":-0.3198417127132416,"BYTES_PER_ELEMENT":4,"buffer":{"0":163,"1":138,"2":112,"3":190,"4":169,"5":13,"6":104,"7":190,"8":75,"9":194,"10":163,"11":190,"byteLength":12},"length":3,"byteOffset":0,"byteLength":12},{"0":-0.18046428263187408,"1":-0.1239614337682724,"2":-0.2939970791339874,"BYTES_PER_ELEMENT":4,"buffer":{"0":161,"1":203,"2":56,"3":190,"4":126,"5":223,"6":253,"7":189,"8":201,"9":134,"10":150,"11":190,"byteLength":12},"length":3,"byteOffset":0,"byteLength":12}],"roughness":0.13545631792473573}