{"vertices":[-50,-16.31443440914154,-50,-50,-16.128587126731873,0,-50,-16.073115468025208,50,0,-16.39683425426483,-50,0,-15.3738933801651,0,0,-15.856853723526001,50,50,-15.879941582679749,-50,50,-16.35362207889557,0,50,-16.05785846710205,50],"normals":[-0.001647983280639433,-0.9999917343131125,0.0037169149250844535,0.004343822312189867,-0.999781351602089,0.02045434419432904,0.010336837264600706,-0.999901704245696,-0.009472678708682914,0.015092111909477079,-0.9998831962059849,0.0024129034410366964,-0.002249634471959589,-0.9999828975836733,0.005398489131534317,-0.019590782424147284,-0.9998064999796881,-0.00177871930771458,0.004325191771283544,-0.9999900308996658,0.0011094221140826735,0.0001525602345435187,-0.9999533414886776,-0.00965875618300504,-0.004019992058305975,-0.9999744251769406,0.0059151209538295816],"colors":[],"uvs":[],"faces":[0,1,3,1,4,3,3,4,6,4,7,6,1,2,4,2,5,4,4,5,7,5,8,7],"heightMap":[{"0":-0.315721720457077,"1":-0.30642935633659363,"2":-0.3036557734012604,"BYTES_PER_ELEMENT":4,"buffer":{"0":71,"1":166,"2":161,"3":190,"4":79,"5":228,"6":156,"7":190,"8":197,"9":120,"10":155,"11":190,"byteLength":12},"length":3,"byteOffset":0,"byteLength":12},{"0":-0.3198417127132416,"1":-0.268694669008255,"2":-0.29284268617630005,"BYTES_PER_ELEMENT":4,"buffer":{"0":75,"1":194,"2":163,"3":190,"4":89,"5":146,"6":137,"7":190,"8":122,"9":239,"10":149,"11":190,"byteLength":12},"length":3,"byteOffset":0,"byteLength":12},{"0":-0.2939970791339874,"1":-0.31768110394477844,"2":-0.30289292335510254,"BYTES_PER_ELEMENT":4,"buffer":{"0":201,"1":134,"2":150,"3":190,"4":25,"5":167,"6":162,"7":190,"8":200,"9":20,"10":155,"11":190,"byteLength":12},"length":3,"byteOffset":0,"byteLength":12}],"roughness":0.04238305379219469}