{"vertices":[-50,-11.20891809463501,-50,-50,-13.743027448654175,0,-50,-15.041122436523438,50,0,-9.56861212849617,-50,0,-12.962522208690643,0,0,-14.560507237911224,50,50,-7.746909111738205,-50,50,-9.345248714089394,0,50,-10.95050074160099,50],"normals":[0.032746494338533896,-0.9981825041951394,-0.05059007241798354,0.034519910425841314,-0.9971095837152135,-0.06768200534459158,0.03639133802621292,-0.9988274074162097,-0.031929308023741866,0.015596761188392313,-0.9991451940233649,-0.03828344682032787,0.043845772755364054,-0.997796676014549,-0.04979298691384131,0.07212008021510068,-0.9968845364158847,-0.03193610941636913,0.009608622573430656,-0.9996170118189938,-0.025951956656621707,0.04081141910387411,-0.9986569718202623,-0.031916777805910776,0.07197578582526734,-0.9968927465758491,-0.03200528205304972],"colors":[],"uvs":[],"faces":[0,1,3,1,4,3,3,4,6,4,7,6,1,2,4,2,5,4,4,5,7,5,8,7],"heightMap":[{"0":-0.06044590473175049,"1":-0.18715137243270874,"2":-0.2520561218261719,"BYTES_PER_ELEMENT":4,"buffer":{"0":32,"1":150,"2":119,"3":189,"4":156,"5":164,"6":63,"7":190,"8":128,"9":13,"10":129,"11":190,"byteLength":12},"length":3,"byteOffset":0,"byteLength":12},{"0":0.021569393575191498,"1":-0.14812611043453217,"2":-0.22802536189556122,"BYTES_PER_ELEMENT":4,"buffer":{"0":76,"1":178,"2":176,"3":60,"4":95,"5":174,"6":23,"7":190,"8":123,"9":127,"10":105,"11":190,"byteLength":12},"length":3,"byteOffset":0,"byteLength":12},{"0":0.11265454441308975,"1":0.03273756429553032,"2":-0.047525037080049515,"BYTES_PER_ELEMENT":4,"buffer":{"0":109,"1":183,"2":230,"3":61,"4":211,"5":23,"6":6,"7":61,"8":157,"9":169,"10":66,"11":189,"byteLength":12},"length":3,"byteOffset":0,"byteLength":12}],"roughness":0.12253051686912331}