{"vertices":[-50,-7.84174770116806,-50,-50,-6.563003957271576,0,-50,-8.158817291259766,50,0,-7.883187532424927,-50,0,-7.970608770847321,0,0,-8.085708320140839,50,50,-7.145845592021942,-50,50,-7.778387814760208,0,50,-7.823734134435654,50],"normals":[-0.0008285254264009197,-0.9996727801149474,0.0255665062703119,0.006958419969164807,-0.9999742614486259,-0.0017483797665271493,0.014744056033369255,-0.9998112968666263,-0.01264845720077688,-0.02814080595098018,-0.9995989527591189,-0.003166809640931357,-0.012149807356672346,-0.9999241377910363,-0.002025054085342,0.0038443023918924126,-0.9999696365442634,-0.006778445887787118,0.0014614337070652337,-0.9994899973957414,-0.031899989300638906,0.003350791926628179,-0.9999917365251296,-0.002301971963425698,0.005239409643246066,-0.9999858629472533,-0.0009069135722426487],"colors":[],"uvs":[],"faces":[0,1,3,1,4,3,3,4,6,4,7,6,1,2,4,2,5,4,4,5,7,5,8,7],"heightMap":[{"0":0.10791261494159698,"1":0.1718498021364212,"2":0.09205913543701172,"BYTES_PER_ELEMENT":4,"buffer":{"0":74,"1":1,"2":221,"3":61,"4":101,"5":249,"6":47,"7":62,"8":128,"9":137,"10":188,"11":61,"byteLength":12},"length":3,"byteOffset":0,"byteLength":12},{"0":0.10584062337875366,"1":0.10146956145763397,"2":0.09571458399295807,"BYTES_PER_ELEMENT":4,"buffer":{"0":248,"1":194,"2":216,"3":61,"4":70,"5":207,"6":207,"7":61,"8":2,"9":6,"10":196,"11":61,"byteLength":12},"length":3,"byteOffset":0,"byteLength":12},{"0":0.1427077203989029,"1":0.1110806092619896,"2":0.10881329327821732,"BYTES_PER_ELEMENT":4,"buffer":{"0":249,"1":33,"2":18,"3":62,"4":59,"5":126,"6":227,"7":61,"8":129,"9":217,"10":222,"11":61,"byteLength":12},"length":3,"byteOffset":0,"byteLength":12}],"roughness":0.02}