{"vertices":[-50,-7.643235474824905,-50,-50,-9.479212872684002,0,-50,-11.20891809463501,50,0,-5.536595284938812,-50,0,-7.661377191543579,0,0,-9.56861212849617,50,50,-3.309866189956665,-50,50,-5.843283832073212,0,50,-7.746909111738205,50],"normals":[0.04206715667252991,-0.9984418999146809,-0.03666233522637698,0.043254036741769565,-0.9981632315992618,-0.042417583486805105,0.044433596649328354,-0.9977324307087432,-0.0505534588413871,0.03630966468494011,-0.9987059078453441,-0.035610642865221954,0.036305820471392504,-0.9985294010450196,-0.04026068365754887,0.036302185273572755,-0.99835866745996,-0.044295851407734295,0.032768898713991156,-0.9988654370113262,-0.03455485524849733,0.034574134321040485,-0.9986758542964089,-0.038094189600101726,0.03638357755308263,-0.9986144069145112,-0.03801975259280256],"colors":[],"uvs":[],"faces":[0,1,3,1,4,3,3,4,6,4,7,6,1,2,4,2,5,4,4,5,7,5,8,7],"heightMap":[{"0":0.11783822625875473,"1":0.026039356365799904,"2":-0.06044590473175049,"BYTES_PER_ELEMENT":4,"buffer":{"0":43,"1":85,"2":241,"3":61,"4":125,"5":80,"6":213,"7":60,"8":32,"9":150,"10":119,"11":189,"byteLength":12},"length":3,"byteOffset":0,"byteLength":12},{"0":0.2231702357530594,"1":0.11693114042282104,"2":0.021569393575191498,"BYTES_PER_ELEMENT":4,"buffer":{"0":189,"1":134,"2":100,"3":62,"4":152,"5":121,"6":239,"7":61,"8":76,"9":178,"10":176,"11":60,"byteLength":12},"length":3,"byteOffset":0,"byteLength":12},{"0":0.33450669050216675,"1":0.20783580839633942,"2":0.11265454441308975,"BYTES_PER_ELEMENT":4,"buffer":{"0":118,"1":68,"2":171,"3":62,"4":233,"5":210,"6":84,"7":62,"8":109,"9":183,"10":230,"11":61,"byteLength":12},"length":3,"byteOffset":0,"byteLength":12}],"roughness":0.02}