{"vertices":[-50,-5.86195170879364,-50,-50,-6.095153093338013,0,-50,-7.643235474824905,50,0,-5.205189883708954,-50,0,-6.383835971355438,0,0,-5.536595284938812,50,50,-4.303802251815796,-50,50,-2.339373826980591,0,50,-3.309866189956665,50],"normals":[0.013133960680861015,-0.9999028703569559,-0.004663574675542688,0.015575184540991096,-0.9996010075647292,-0.023563516335473038,0.018010932953546624,-0.9990670115873894,0.039251912717548625,-0.005772645927393068,-0.999824784732231,-0.017806639046848708,0.03746101561961449,-0.9992926067250578,-0.003310355477277252,0.0806219528917076,-0.9966956051726049,0.009898047360064666,0.042075330349784466,-0.9986358978573245,-0.030919412779865364,0.043286799373021365,-0.9989192893093123,0.016926501286984603,0.044482122346526466,-0.998822049048654,-0.01938698341147665],"colors":[],"uvs":[],"faces":[0,1,3,1,4,3,3,4,6,4,7,6,1,2,4,2,5,4,4,5,7,5,8,7],"heightMap":[{"0":0.206902414560318,"1":0.19524234533309937,"2":0.11783822625875473,"BYTES_PER_ELEMENT":4,"buffer":{"0":58,"1":222,"2":83,"3":62,"4":156,"5":237,"6":71,"7":62,"8":43,"9":85,"10":241,"11":61,"byteLength":12},"length":3,"byteOffset":0,"byteLength":12},{"0":0.2397405058145523,"1":0.1808082014322281,"2":0.2231702357530594,"BYTES_PER_ELEMENT":4,"buffer":{"0":137,"1":126,"2":117,"3":62,"4":201,"5":37,"6":57,"7":62,"8":189,"9":134,"10":100,"11":62,"byteLength":12},"length":3,"byteOffset":0,"byteLength":12},{"0":0.2848098874092102,"1":0.38303130865097046,"2":0.33450669050216675,"BYTES_PER_ELEMENT":4,"buffer":{"0":154,"1":210,"2":145,"3":62,"4":174,"5":28,"6":196,"7":62,"8":118,"9":68,"10":171,"11":62,"byteLength":12},"length":3,"byteOffset":0,"byteLength":12}],"roughness":0.20406885038181521}