{"vertices":[-50,-3.3248424530029297,-50,-50,-5.586617290973663,0,-50,-5.86195170879364,50,0,-4.889582991600037,-50,0,-4.625777006149292,0,0,-5.205189883708954,50,50,-4.17641818523407,-50,50,-3.8631510734558105,0,50,-4.303802251815796,50],"normals":[-0.031247574903236885,-0.9984906165737994,-0.04516721905033007,-0.008510914627463468,-0.9999498635853145,0.00527585518328923,0.014261565618919987,-0.9998786740186908,0.006264582086770219,0.019207084850315935,-0.9994941486985391,-0.025348266389151677,0.017231949667558158,-0.9998465400310073,-0.0031553603087695137,0.01525073242637666,-0.9998828896699945,-0.0012736191112793541,0.013133904410097643,-0.9998985864018581,-0.005506129903319467,0.015578464571314926,-0.9998115194100394,-0.011586073389573374,0.01802412412283192,-0.9997987261582668,-0.008811249736089053],"colors":[],"uvs":[],"faces":[0,1,3,1,4,3,3,4,6,4,7,6,1,2,4,2,5,4,4,5,7,5,8,7],"heightMap":[{"0":0.3337578773498535,"1":0.22066913545131683,"2":0.206902414560318,"BYTES_PER_ELEMENT":4,"buffer":{"0":80,"1":226,"2":170,"3":62,"4":23,"5":247,"6":97,"7":62,"8":58,"9":222,"10":83,"11":62,"byteLength":12},"length":3,"byteOffset":0,"byteLength":12},{"0":0.25552085041999817,"1":0.2687111496925354,"2":0.2397405058145523,"BYTES_PER_ELEMENT":4,"buffer":{"0":161,"1":211,"2":130,"3":62,"4":130,"5":148,"6":137,"7":62,"8":137,"9":126,"10":117,"11":62,"byteLength":12},"length":3,"byteOffset":0,"byteLength":12},{"0":0.2911790907382965,"1":0.3068424463272095,"2":0.2848098874092102,"BYTES_PER_ELEMENT":4,"buffer":{"0":109,"1":21,"2":149,"3":62,"4":116,"5":26,"6":157,"7":62,"8":154,"9":210,"10":145,"11":62,"byteLength":12},"length":3,"byteOffset":0,"byteLength":12}],"roughness":0.038644810258195314}