{"vertices":[-50,-4.117422699928284,-50,-50,-3.1314462423324585,0,-50,-3.3248424530029297,50,0,-8.053804188966751,-50,0,-5.074758231639862,0,0,-4.889582991600037,50,50,-5.2759698033332825,-50,50,-4.8518431186676025,0,50,-4.17641818523407,50],"normals":[-0.07846961821218047,-0.996722731659681,0.01965490296334093,-0.011512487028589828,-0.9981636151744125,0.059471505650722525,0.05546915713782264,-0.9984244817599741,0.00846916930675815,-0.03883570003055268,-0.9992142343647488,0.007918474979814587,-0.01718478947017836,-0.9993529432529591,0.03159711731334745,0.004457988480907447,-0.9999296192766923,0.0109946728861336,-0.03127926374278894,-0.9995032074401572,-0.003866002657438166,-0.00851097465316284,-0.999956923344347,0.003703345266195496,0.014260544669836608,-0.999807095256372,0.013505892815198177],"colors":[],"uvs":[],"faces":[0,1,3,1,4,3,3,4,6,4,7,6,1,2,4,2,5,4,4,5,7,5,8,7],"heightMap":[{"0":0.2941288650035858,"1":0.3434276878833771,"2":0.3337578773498535,"BYTES_PER_ELEMENT":4,"buffer":{"0":15,"1":152,"2":150,"3":62,"4":193,"5":213,"6":175,"7":62,"8":80,"9":226,"10":170,"11":62,"byteLength":12},"length":3,"byteOffset":0,"byteLength":12},{"0":0.09730979055166245,"1":0.2462620884180069,"2":0.25552085041999817,"BYTES_PER_ELEMENT":4,"buffer":{"0":91,"1":74,"2":199,"3":61,"4":33,"5":44,"6":124,"7":62,"8":161,"9":211,"10":130,"11":62,"byteLength":12},"length":3,"byteOffset":0,"byteLength":12},{"0":0.23620150983333588,"1":0.2574078440666199,"2":0.2911790907382965,"BYTES_PER_ELEMENT":4,"buffer":{"0":207,"1":222,"2":113,"3":62,"4":246,"5":202,"6":131,"7":62,"8":109,"9":21,"10":149,"11":62,"byteLength":12},"length":3,"byteOffset":0,"byteLength":12}],"roughness":0.08241229655416887}