{"vertices":[-50,-6.657465994358063,-50,-50,-5.985210835933685,0,-50,-4.117422699928284,50,0,-5.903974175453186,-50,0,-6.321110725402832,0,0,-8.053804188966751,50,50,-10.765514224767685,-50,50,-8.371276557445526,0,50,-5.2759698033332825,50],"normals":[0.015066764045035604,-0.9997961269794278,0.013442362074692684,-0.04091587658999643,-0.9991278252747002,-0.008335454679875625,-0.09666470911962256,-0.994177854538633,0.04760596134707851,-0.006715680845259414,-0.9996551138901559,0.025388046479478055,-0.02384136852513121,-0.999484891240362,-0.021483512959723693,-0.040907409418024884,-0.9976609886544291,0.05476436406800643,-0.07843041256030792,-0.9962247406496412,0.037214735027609164,-0.011525861611667292,-0.9993337098330977,-0.03463077973893781,0.05536548333465875,-0.9965583913317603,0.06169307839112859],"colors":[],"uvs":[],"faces":[0,1,3,1,4,3,3,4,6,4,7,6,1,2,4,2,5,4,4,5,7,5,8,7],"heightMap":[{"0":0.16712670028209686,"1":0.20073945820331573,"2":0.2941288650035858,"BYTES_PER_ELEMENT":4,"buffer":{"0":67,"1":35,"2":43,"3":62,"4":165,"5":142,"6":77,"7":62,"8":15,"9":152,"10":150,"11":62,"byteLength":12},"length":3,"byteOffset":0,"byteLength":12},{"0":0.2048012912273407,"1":0.1839444637298584,"2":0.09730979055166245,"BYTES_PER_ELEMENT":4,"buffer":{"0":110,"1":183,"2":81,"3":62,"4":240,"5":91,"6":60,"7":62,"8":91,"9":74,"10":199,"11":61,"byteLength":12},"length":3,"byteOffset":0,"byteLength":12},{"0":-0.03827571123838425,"1":0.0814361721277237,"2":0.23620150983333588,"BYTES_PER_ELEMENT":4,"buffer":{"0":254,"1":198,"2":28,"3":189,"4":2,"5":200,"6":166,"7":61,"8":207,"9":222,"10":113,"11":62,"byteLength":12},"length":3,"byteOffset":0,"byteLength":12}],"roughness":0.179386431282897}