{"vertices":[-50,-8.957090005278587,-50,-50,-8.951204121112823,0,-50,-6.657465994358063,50,0,-9.399694576859474,-50,0,-7.667717784643173,0,0,-5.903974175453186,50,50,-7.342734932899475,-50,50,-8.932885006070137,0,50,-10.765514224767685,50],"normals":[-0.008851744567842748,-0.9999608156131613,0.00011771307062003631,0.01612171944178149,-0.9992707051837908,0.03461427341039887,0.0410836880188544,-0.9986508033711657,-0.031760092961051985,0.02565450261308698,-0.9994069233199667,0.02297059241276174,0.0001829606200400612,-0.9993895397569978,0.03493586051190696,-0.025280453390126117,-0.9990953354613733,-0.034196627548862525,0.015052298671672269,-0.9988362377676008,0.045821375219036585,-0.040892057338043686,-0.9985425116387174,0.03522345946814612,-0.09671010162382561,-0.9946447076730572,-0.03645629907009052],"colors":[],"uvs":[],"faces":[0,1,3,1,4,3,3,4,6,4,7,6,1,2,4,2,5,4,4,5,7,5,8,7],"heightMap":[{"0":0.05214549973607063,"1":0.052439793944358826,"2":0.16712670028209686,"BYTES_PER_ELEMENT":4,"buffer":{"0":133,"1":150,"2":85,"3":61,"4":28,"5":203,"6":86,"7":61,"8":67,"9":35,"10":43,"11":62,"byteLength":12},"length":3,"byteOffset":0,"byteLength":12},{"0":0.03001527115702629,"1":0.11661411076784134,"2":0.2048012912273407,"BYTES_PER_ELEMENT":4,"buffer":{"0":150,"1":226,"2":245,"3":60,"4":97,"5":211,"6":238,"7":61,"8":110,"9":183,"10":81,"11":62,"byteLength":12},"length":3,"byteOffset":0,"byteLength":12},{"0":0.13286325335502625,"1":0.05335574969649315,"2":-0.03827571123838425,"BYTES_PER_ELEMENT":4,"buffer":{"0":78,"1":13,"2":8,"3":62,"4":143,"5":139,"6":90,"7":61,"8":254,"9":198,"10":28,"11":189,"byteLength":12},"length":3,"byteOffset":0,"byteLength":12}],"roughness":0.17601177408974708}