{"vertices":[-50,-8.039166331291199,-50,-50,-10.555753335356712,0,-50,-8.957090005278587,50,0,-8.225254863500595,-50,0,-6.768006384372711,0,0,-9.399694576859474,50,50,-8.03056925535202,-50,50,-6.7203545570373535,0,50,-7.342734932899475,50],"normals":[-0.0037170397526198494,-0.9987288599915566,-0.05026776139279834,0.00008593302440413348,-0.9995755520657256,0.029132599060423873,0.003892346527509624,-0.999649271593607,0.026195103376029878,0.07553534513692123,-0.9971012598571067,-0.009137243917992907,0.03826989880495366,-0.9991987604521722,-0.011715458006466676,0.0009530135867113544,-0.9999759085883135,0.00687560965154565,-0.008847223925194176,-0.9994501292196128,0.03195568543650478,0.016109109566968052,-0.9984881340525925,-0.05255418865448696,0.0411012456668581,-0.9990775897705795,-0.012436125716736714],"colors":[],"uvs":[],"faces":[0,1,3,1,4,3,3,4,6,4,7,6,1,2,4,2,5,4,4,5,7,5,8,7],"heightMap":[{"0":0.09804168343544006,"1":-0.027787666767835617,"2":0.05214549973607063,"BYTES_PER_ELEMENT":4,"buffer":{"0":20,"1":202,"2":200,"3":61,"4":246,"5":162,"6":227,"7":188,"8":133,"9":150,"10":85,"11":61,"byteLength":12},"length":3,"byteOffset":0,"byteLength":12},{"0":0.08873725682497025,"1":0.16159968078136444,"2":0.03001527115702629,"BYTES_PER_ELEMENT":4,"buffer":{"0":225,"1":187,"2":181,"3":61,"4":99,"5":122,"6":37,"7":62,"8":150,"9":226,"10":245,"11":60,"byteLength":12},"length":3,"byteOffset":0,"byteLength":12},{"0":0.09847153723239899,"1":0.16398227214813232,"2":0.13286325335502625,"BYTES_PER_ELEMENT":4,"buffer":{"0":114,"1":171,"2":201,"3":61,"4":248,"5":234,"6":39,"7":62,"8":78,"9":13,"10":8,"11":62,"byteLength":12},"length":3,"byteOffset":0,"byteLength":12}],"roughness":0.09135866123828919}