{"vertices":[-50,-8.158817291259766,-50,-50,-7.398226857185364,0,-50,-8.039166331291199,50,0,-8.085708320140839,-50,0,-7.3657238483428955,0,0,-8.225254863500595,50,50,-7.823734134435654,-50,50,-7.314678728580475,0,50,-8.03056925535202,50],"normals":[0.0014620087157125514,-0.9998832519023478,0.015210032731762626,0.0033504534689985984,-0.9998907283890535,0.014398115958697064,0.005239140280979164,-0.9999344528691616,0.010180440774677746,0.0006500595743577914,-0.9999990731756914,0.0011962735088265797,0.000835480152668097,-0.9999986778119172,-0.0013951155263903137,0.0010208996801515217,-0.9999973404931712,-0.0020680354028512257,-0.0037214391290777376,-0.9999109254325741,-0.012817647653988656,0.00008595681304963492,-0.9998522703339484,-0.017188080738557387,0.003893283612548719,-0.9998899378267216,-0.01431623468608679],"colors":[],"uvs":[],"faces":[0,1,3,1,4,3,3,4,6,4,7,6,1,2,4,2,5,4,4,5,7,5,8,7],"heightMap":[{"0":0.09205913543701172,"1":0.1300886571407318,"2":0.09804168343544006,"BYTES_PER_ELEMENT":4,"buffer":{"0":128,"1":137,"2":188,"3":61,"4":246,"5":53,"6":5,"7":62,"8":20,"9":202,"10":200,"11":61,"byteLength":12},"length":3,"byteOffset":0,"byteLength":12},{"0":0.09571458399295807,"1":0.13171380758285522,"2":0.08873725682497025,"BYTES_PER_ELEMENT":4,"buffer":{"0":2,"1":6,"2":196,"3":61,"4":252,"5":223,"6":6,"7":62,"8":225,"9":187,"10":181,"11":61,"byteLength":12},"length":3,"byteOffset":0,"byteLength":12},{"0":0.10881329327821732,"1":0.13426606357097626,"2":0.09847153723239899,"BYTES_PER_ELEMENT":4,"buffer":{"0":129,"1":217,"2":222,"3":61,"4":11,"5":125,"6":9,"7":62,"8":114,"9":171,"10":201,"11":61,"byteLength":12},"length":3,"byteOffset":0,"byteLength":12}],"roughness":0.08400892295763016}