{"vertices":[-50,-15.041122436523438,-50,-50,-15.20279049873352,0,-50,-16.45050346851349,50,0,-14.560507237911224,-50,0,-14.669488370418549,0,0,-17.151573300361633,50,50,-10.95050074160099,-50,50,-9.540589228272438,0,50,-13.634487986564636,50],"normals":[0.00961180969277336,-0.9999485784602389,-0.0032331949797878793,0.040832084701513595,-0.9991636492823899,-0.002177799721178915,0.07198421320866474,-0.99700946912754,0.02811390258841013,0.010664377170604545,-0.9998438600179455,-0.014089948331281285,0.05639438013884211,-0.9980739668859397,-0.025846286257791052,0.10200639378883601,-0.9944277608289346,-0.026610601626948897,-0.01401565619647405,-0.9995905942441063,-0.024944042978168744,0.028064669990298045,-0.9983767175116683,-0.04956111609883512,0.06993544384354139,-0.9942244444454497,-0.08140508437157955],"colors":[],"uvs":[],"faces":[0,1,3,1,4,3,3,4,6,4,7,6,1,2,4,2,5,4,4,5,7,5,8,7],"heightMap":[{"0":-0.2520561218261719,"1":-0.260139524936676,"2":-0.32252517342567444,"BYTES_PER_ELEMENT":4,"buffer":{"0":128,"1":13,"2":129,"3":190,"4":2,"5":49,"6":133,"7":190,"8":5,"9":34,"10":165,"11":190,"byteLength":12},"length":3,"byteOffset":0,"byteLength":12},{"0":-0.22802536189556122,"1":-0.23347441852092743,"2":-0.35757866501808167,"BYTES_PER_ELEMENT":4,"buffer":{"0":123,"1":127,"2":105,"3":190,"4":235,"5":19,"6":111,"7":190,"8":141,"9":20,"10":183,"11":190,"byteLength":12},"length":3,"byteOffset":0,"byteLength":12},{"0":-0.047525037080049515,"1":0.022970538586378098,"2":-0.1817243993282318,"BYTES_PER_ELEMENT":4,"buffer":{"0":157,"1":169,"2":66,"3":189,"4":182,"5":44,"6":188,"7":60,"8":246,"9":21,"10":58,"11":190,"byteLength":12},"length":3,"byteOffset":0,"byteLength":12}],"roughness":0.15529035822734696}