{"vertices":[-50,-16.45050346851349,-50,-50,-16.507160663604736,0,-50,-14.34876024723053,50,0,-17.151573300361633,-50,0,-13.96543800830841,0,0,-13.297571837902069,50,50,-13.634487986564636,-50,50,-15.368732810020447,0,50,-12.022939175367355,50],"normals":[-0.01402000954074935,-0.9999010728924189,-0.0011330318031762703,0.028042448459084587,-0.9975833998933948,0.06356871354333576,0.07012636336237943,-0.9969386168610164,-0.03457871271188826,0.05075772880513199,-0.9984907027398398,0.02097545014166853,0.01135747389785446,-0.9991946455441149,0.03848464762252778,-0.02805122810084241,-0.9994773751965582,0.016065648827013796,0.020999575116851316,-0.9988492514993885,0.0431183328066269,0.023249733753968233,-0.9996405154083097,0.013352521656175384,0.025427545345838645,-0.9974460130055762,0.06674497042448321],"colors":[],"uvs":[],"faces":[0,1,3,1,4,3,3,4,6,4,7,6,1,2,4,2,5,4,4,5,7,5,8,7],"heightMap":[{"0":-0.32252517342567444,"1":-0.3253580331802368,"2":-0.2174380123615265,"BYTES_PER_ELEMENT":4,"buffer":{"0":5,"1":34,"2":165,"3":190,"4":84,"5":149,"6":166,"7":190,"8":18,"9":168,"10":94,"11":190,"byteLength":12},"length":3,"byteOffset":0,"byteLength":12},{"0":-0.35757866501808167,"1":-0.19827190041542053,"2":-0.16487859189510345,"BYTES_PER_ELEMENT":4,"buffer":{"0":141,"1":20,"2":183,"3":190,"4":202,"5":7,"6":75,"7":190,"8":239,"9":213,"10":40,"11":190,"byteLength":12},"length":3,"byteOffset":0,"byteLength":12},{"0":-0.1817243993282318,"1":-0.26843664050102234,"2":-0.10114695876836777,"BYTES_PER_ELEMENT":4,"buffer":{"0":246,"1":21,"2":58,"3":190,"4":135,"5":112,"6":137,"7":190,"8":35,"9":38,"10":207,"11":189,"byteLength":12},"length":3,"byteOffset":0,"byteLength":12}],"roughness":0.1829988178402896}