{"vertices":[-50,-16.05785846710205,-50,-50,-13.664653301239014,0,-50,-16.65405511856079,50,0,-15.800122618675232,-50,0,-17.365967631340027,0,0,-16.309370398521423,50,50,-15.178709626197815,-50,50,-16.742815375328064,0,50,-16.94386124610901,50],"normals":[0.005148754190399963,-0.9988432384992599,0.04780873596527589,0.008786725147369735,-0.99947140118684,-0.03130034617699016,0.012421225016705973,-0.9994339647764426,-0.03126440820365746,-0.07382299105349137,-0.997253738396715,-0.005928511254286112,-0.030709369891473295,-0.9995154135362501,-0.005086521830059414,0.01246013733931484,-0.9997666877639962,-0.017644121255919867,0.0068812432786834535,-0.9981938389809566,-0.05968004952578147,-0.002897124609235273,-0.9997725994727448,0.021127139241015284,-0.012688692788246657,-0.9999114121575333,-0.004020561211220311],"colors":[],"uvs":[],"faces":[0,1,3,1,4,3,3,4,6,4,7,6,1,2,4,2,5,4,4,5,7,5,8,7],"heightMap":[{"0":-0.30289292335510254,"1":-0.18323266506195068,"2":-0.33270275592803955,"BYTES_PER_ELEMENT":4,"buffer":{"0":200,"1":20,"2":155,"3":190,"4":88,"5":161,"6":59,"7":190,"8":4,"9":88,"10":170,"11":190,"byteLength":12},"length":3,"byteOffset":0,"byteLength":12},{"0":-0.2900061309337616,"1":-0.36829838156700134,"2":-0.31546851992607117,"BYTES_PER_ELEMENT":4,"buffer":{"0":175,"1":123,"2":148,"3":190,"4":155,"5":145,"6":188,"7":190,"8":23,"9":133,"10":161,"11":190,"byteLength":12},"length":3,"byteOffset":0,"byteLength":12},{"0":-0.25893548130989075,"1":-0.3371407687664032,"2":-0.34719306230545044,"BYTES_PER_ELEMENT":4,"buffer":{"0":49,"1":147,"2":132,"3":190,"4":183,"5":157,"6":172,"7":190,"8":74,"9":195,"10":177,"11":190,"byteLength":12},"length":3,"byteOffset":0,"byteLength":12}],"roughness":0.0904412224942189}