{"vertices":[-50,-14.34876024723053,-50,-50,-13.344700634479523,0,-50,-13.50013554096222,50,0,-13.297571837902069,-50,0,-12.384224683046341,0,0,-12.470559775829315,50,50,-12.022939175367355,-50,50,-11.927770972251892,0,50,-12.981463074684143,50],"normals":[0.021014888612554697,-0.9995776411756582,0.02007271078626793,0.023247930366124884,-0.9995629765616915,0.018258960014834874,0.025484327630001552,-0.9996734109780238,0.001902742444501691,0.019205284704640384,-0.9997795715750648,0.00848323644569587,0.014167030480594566,-0.9998654571569454,0.008268181885658239,0.00912827464801248,-0.9999124152287966,-0.009583134834971897,0.02058705174678472,-0.9997832332488524,-0.0031080242672600674,0.005185416696686216,-0.999985064910192,-0.0017266760672121988,-0.010215264744673777,-0.9997258549289993,-0.021068064758720337],"colors":[],"uvs":[],"faces":[0,1,3,1,4,3,3,4,6,4,7,6,1,2,4,2,5,4,4,5,7,5,8,7],"heightMap":[{"0":-0.2174380123615265,"1":-0.16723503172397614,"2":-0.17500677704811096,"BYTES_PER_ELEMENT":4,"buffer":{"0":18,"1":168,"2":94,"3":190,"4":169,"5":63,"6":43,"7":190,"8":250,"9":52,"10":51,"11":190,"byteLength":12},"length":3,"byteOffset":0,"byteLength":12},{"0":-0.16487859189510345,"1":-0.11921123415231705,"2":-0.12352798879146576,"BYTES_PER_ELEMENT":4,"buffer":{"0":239,"1":213,"2":40,"3":190,"4":5,"5":37,"6":244,"7":189,"8":62,"9":252,"10":252,"11":189,"byteLength":12},"length":3,"byteOffset":0,"byteLength":12},{"0":-0.10114695876836777,"1":-0.0963885486125946,"2":-0.14907315373420715,"BYTES_PER_ELEMENT":4,"buffer":{"0":35,"1":38,"2":207,"3":189,"4":92,"5":103,"6":197,"7":189,"8":162,"9":166,"10":24,"11":190,"byteLength":12},"length":3,"byteOffset":0,"byteLength":12}],"roughness":0.04315673720479242}