{"vertices":[-50,-13.50013554096222,-50,-50,-14.140779674053192,0,-50,-15.289074182510376,50,0,-12.470559775829315,-50,0,-14.070287346839905,0,0,-15.194206833839417,50,50,-12.981463074684143,-50,50,-14.577122926712036,0,50,-14.784538745880127,50],"normals":[0.020585462209242303,-0.9997060394377583,-0.012809116179628252,0.005182773754117933,-0.9994751431598676,-0.03197775886105192,-0.010212334069765816,-0.9994390418555146,-0.03189529507276139,0.001409619612841056,-0.9998390382090774,-0.017886046116851254,-0.0043616282953445025,-0.9996198019139158,-0.027225499448073988,-0.010134544374997237,-0.9997862006406558,-0.01802342971893863,0.0018968433979574396,-0.9997345896829601,-0.02295979478495278,0.005043966071777649,-0.9997347390315477,-0.022472427100558558,0.008193016268179726,-0.9999578328143907,-0.004148141460534913],"colors":[],"uvs":[],"faces":[0,1,3,1,4,3,3,4,6,4,7,6,1,2,4,2,5,4,4,5,7,5,8,7],"heightMap":[{"0":-0.17500677704811096,"1":-0.2070389837026596,"2":-0.2644537091255188,"BYTES_PER_ELEMENT":4,"buffer":{"0":250,"1":52,"2":51,"3":190,"4":7,"5":2,"6":84,"7":190,"8":122,"9":102,"10":135,"11":190,"byteLength":12},"length":3,"byteOffset":0,"byteLength":12},{"0":-0.12352798879146576,"1":-0.20351436734199524,"2":-0.2597103416919708,"BYTES_PER_ELEMENT":4,"buffer":{"0":62,"1":252,"2":252,"3":189,"4":18,"5":102,"6":80,"7":190,"8":193,"9":248,"10":132,"11":190,"byteLength":12},"length":3,"byteOffset":0,"byteLength":12},{"0":-0.14907315373420715,"1":-0.2288561463356018,"2":-0.23922693729400635,"BYTES_PER_ELEMENT":4,"buffer":{"0":162,"1":166,"2":24,"3":190,"4":68,"5":89,"6":106,"7":190,"8":232,"9":247,"10":116,"11":190,"byteLength":12},"length":3,"byteOffset":0,"byteLength":12}],"roughness":0.08175977913096402}