{"vertices":[-50,-15.289074182510376,-50,-50,-13.286761045455933,0,-50,-13.152531087398529,50,0,-15.194206833839417,-50,0,-17.01999843120575,0,0,-16.99648141860962,50,50,-14.784538745880127,-50,50,-15.052740573883057,0,50,-15.566838383674622,50],"normals":[0.001895824003257553,-0.9991973159453846,0.040014118244539654,0.0050418799911311485,-0.9993212611157862,-0.0364910472322946,0.008192968899093312,-0.9999520514162533,-0.005363779362102373,-0.07444060987580318,-0.9969980767892137,0.02129390710808141,-0.017597068808831218,-0.9996829251385622,-0.018010895473161703,0.039313537405298186,-0.9991963498572906,-0.007816662238406876,-0.07665254205152118,-0.9970542729069387,0.0026766910646650673,-0.024069176561221057,-0.9997101848275426,0.00047020394018138287,0.02857967036205668,-0.999538684261702,-0.010277212967617673],"colors":[],"uvs":[],"faces":[0,1,3,1,4,3,3,4,6,4,7,6,1,2,4,2,5,4,4,5,7,5,8,7],"heightMap":[{"0":-0.2644537091255188,"1":-0.16433805227279663,"2":-0.15762655436992645,"BYTES_PER_ELEMENT":4,"buffer":{"0":122,"1":102,"2":135,"3":190,"4":60,"5":72,"6":40,"7":190,"8":219,"9":104,"10":33,"11":190,"byteLength":12},"length":3,"byteOffset":0,"byteLength":12},{"0":-0.2597103416919708,"1":-0.3509999215602875,"2":-0.34982407093048096,"BYTES_PER_ELEMENT":4,"buffer":{"0":193,"1":248,"2":132,"3":190,"4":67,"5":182,"6":179,"7":190,"8":36,"9":28,"10":179,"11":190,"byteLength":12},"length":3,"byteOffset":0,"byteLength":12},{"0":-0.23922693729400635,"1":-0.25263702869415283,"2":-0.2783419191837311,"BYTES_PER_ELEMENT":4,"buffer":{"0":232,"1":247,"2":116,"3":190,"4":164,"5":89,"6":129,"7":190,"8":213,"9":130,"10":142,"11":190,"byteLength":12},"length":3,"byteOffset":0,"byteLength":12}],"roughness":0.2167081610538001}