{"vertices":[-50,-13.152531087398529,-50,-50,-11.91555842757225,0,-50,-12.515802383422852,50,0,-16.99648141860962,-50,0,-14.822365939617157,0,0,-13.832312822341919,50,50,-15.566838383674622,-50,50,-17.01120615005493,0,50,-15.167410969734192,50],"normals":[-0.07662950779560188,-0.9967546559252586,0.024659165158681887,-0.024046596268312733,-0.9987670945840156,0.04342870000486874,0.028569271776051463,-0.9991750065550606,-0.02886352344881929,-0.05803698223523148,-0.9982942109985657,0.006354288298346176,-0.05086246103011786,-0.9982062317121387,0.03158051660457311,-0.04373456982514334,-0.9990352337413494,0.003986119112256662,-0.02631919127827194,-0.9995815642708289,-0.011999855846665087,-0.026501576856665373,-0.9994528569605846,0.019790228332069386,-0.026674331620551217,-0.9989651949054004,0.036837744233494917],"colors":[],"uvs":[],"faces":[0,1,3,1,4,3,3,4,6,4,7,6,1,2,4,2,5,4,4,5,7,5,8,7],"heightMap":[{"0":-0.15762655436992645,"1":-0.09577792137861252,"2":-0.12579011917114258,"BYTES_PER_ELEMENT":4,"buffer":{"0":219,"1":104,"2":33,"3":190,"4":55,"5":39,"6":196,"7":189,"8":32,"9":207,"10":0,"11":190,"byteLength":12},"length":3,"byteOffset":0,"byteLength":12},{"0":-0.34982407093048096,"1":-0.24111829698085785,"2":-0.19161564111709595,"BYTES_PER_ELEMENT":4,"buffer":{"0":36,"1":28,"2":179,"3":190,"4":183,"5":231,"6":118,"7":190,"8":228,"9":54,"10":68,"11":190,"byteLength":12},"length":3,"byteOffset":0,"byteLength":12},{"0":-0.2783419191837311,"1":-0.3505603075027466,"2":-0.2583705484867096,"BYTES_PER_ELEMENT":4,"buffer":{"0":213,"1":130,"2":142,"3":190,"4":164,"5":124,"6":179,"7":190,"8":37,"9":73,"10":132,"11":190,"byteLength":12},"length":3,"byteOffset":0,"byteLength":12}],"roughness":0.09590542845753969}