{"vertices":[-50,-12.515802383422852,-50,-50,-13.908827900886536,0,-50,-14.563067257404327,50,0,-13.832312822341919,-50,0,-15.702526569366455,0,0,-15.793042778968811,50,50,-15.167410969734192,-50,50,-15.441526770591736,0,50,-10.833475217223167,50],"normals":[-0.026310884111785053,-0.9992660648170719,-0.02784006254051402,-0.026488257988762975,-0.9989505630191085,-0.03736502151112474,-0.026692048017990376,-0.999628681611369,-0.005480280332401425,-0.03584341150932823,-0.9991480770765121,-0.020454093127815483,-0.015315787839889232,-0.9996906827891711,-0.019595034763033058,0.005215052771629256,-0.9990530253493801,0.043195552604868556,-0.024589967102590298,-0.9996120520883521,-0.013079710914514256,0.0371281022110686,-0.9993088768148507,-0.0018090730350253585,0.0982944477999976,-0.9909578463873212,0.09132769686735732],"colors":[],"uvs":[],"faces":[0,1,3,1,4,3,3,4,6,4,7,6,1,2,4,2,5,4,4,5,7,5,8,7],"heightMap":[{"0":-0.12579011917114258,"1":-0.19544139504432678,"2":-0.22815336287021637,"BYTES_PER_ELEMENT":4,"buffer":{"0":32,"1":207,"2":0,"3":190,"4":202,"5":33,"6":72,"7":190,"8":9,"9":161,"10":105,"11":190,"byteLength":12},"length":3,"byteOffset":0,"byteLength":12},{"0":-0.19161564111709595,"1":-0.28512632846832275,"2":-0.28965213894844055,"BYTES_PER_ELEMENT":4,"buffer":{"0":228,"1":54,"2":68,"3":190,"4":20,"5":252,"6":145,"7":190,"8":73,"9":77,"10":148,"11":190,"byteLength":12},"length":3,"byteOffset":0,"byteLength":12},{"0":-0.2583705484867096,"1":-0.2720763385295868,"2":-0.04167376086115837,"BYTES_PER_ELEMENT":4,"buffer":{"0":37,"1":73,"2":132,"3":190,"4":151,"5":77,"6":139,"7":190,"8":27,"9":178,"10":42,"11":189,"byteLength":12},"length":3,"byteOffset":0,"byteLength":12}],"roughness":0.1934292346874717}