{"vertices":[-50,-14.563067257404327,-50,-50,-14.39752995967865,0,-50,-13.609285652637482,50,0,-15.793042778968811,-50,0,-14.468018412590027,0,0,-12.516575157642365,50,50,-10.833475217223167,-50,50,-12.972187101840973,0,50,-13.12109887599945,50],"normals":[-0.024591936089305207,-0.9996920937916378,0.003309726555279845,0.0371152492095714,-0.9989602805057263,0.02647293425429345,0.09861765692553295,-0.994216286982307,-0.04252684377699294,-0.0014097035435452258,-0.9999535280747359,0.00953700303070317,0.014240850824058295,-0.9993623600964595,0.03274250128260121,0.02989543915439954,-0.9992917964602932,-0.0228510009611282,0.02184627963098984,-0.9996371285464527,0.01575916551367444,0.0048766932315406405,-0.9992273607602477,0.0389987098662948,-0.012089537165381942,-0.9999224842854528,-0.002978004623117988],"colors":[],"uvs":[],"faces":[0,1,3,1,4,3,3,4,6,4,7,6,1,2,4,2,5,4,4,5,7,5,8,7],"heightMap":[{"0":-0.22815336287021637,"1":-0.2198764979839325,"2":-0.18046428263187408,"BYTES_PER_ELEMENT":4,"buffer":{"0":9,"1":161,"2":105,"3":190,"4":78,"5":39,"6":97,"7":190,"8":161,"9":203,"10":56,"11":190,"byteLength":12},"length":3,"byteOffset":0,"byteLength":12},{"0":-0.28965213894844055,"1":-0.22340092062950134,"2":-0.12582875788211823,"BYTES_PER_ELEMENT":4,"buffer":{"0":73,"1":77,"2":148,"3":190,"4":54,"5":195,"6":100,"7":190,"8":65,"9":217,"10":0,"11":190,"byteLength":12},"length":3,"byteOffset":0,"byteLength":12},{"0":-0.04167376086115837,"1":-0.14860935509204865,"2":-0.15605494379997253,"BYTES_PER_ELEMENT":4,"buffer":{"0":27,"1":178,"2":42,"3":189,"4":13,"5":45,"6":24,"7":190,"8":222,"9":204,"10":31,"11":190,"byteLength":12},"length":3,"byteOffset":0,"byteLength":12}],"roughness":0.07220103410871397}