{"vertices":[-50,-13.609285652637482,-50,-50,-12.479228675365448,0,-50,-15.879941582679749,50,0,-12.516575157642365,-50,0,-15.467941761016846,0,0,-15.167540907859802,50,50,-13.12109887599945,-50,50,-14.500425159931183,0,50,-14.716879725456238,50],"normals":[0.021843417352694006,-0.9995061570627457,0.02258997813230226,0.004871928820654931,-0.9982505789986863,-0.05892406841311925,-0.012084993880958933,-0.9995467104088417,-0.027574020993688296,-0.05965250253773846,-0.9979630166596776,-0.022614073505254812,-0.020169271049896426,-0.999446194147292,-0.02646706462397325,0.01934424903591175,-0.9996856392027446,-0.015950636383437276,0.01421373615093988,-0.9975942368760594,-0.0678506319521355,0.011629542498215737,-0.9999143281585948,0.006007502345255877,0.009012773114264464,-0.9999500141320778,-0.00432887491711463],"colors":[],"uvs":[],"faces":[0,1,3,1,4,3,3,4,6,4,7,6,1,2,4,2,5,4,4,5,7,5,8,7],"heightMap":[{"0":-0.18046428263187408,"1":-0.1239614337682724,"2":-0.2939970791339874,"BYTES_PER_ELEMENT":4,"buffer":{"0":161,"1":203,"2":56,"3":190,"4":126,"5":223,"6":253,"7":189,"8":201,"9":134,"10":150,"11":190,"byteLength":12},"length":3,"byteOffset":0,"byteLength":12},{"0":-0.12582875788211823,"1":-0.2733970880508423,"2":-0.2583770453929901,"BYTES_PER_ELEMENT":4,"buffer":{"0":65,"1":217,"2":0,"3":190,"4":180,"5":250,"6":139,"7":190,"8":255,"9":73,"10":132,"11":190,"byteLength":12},"length":3,"byteOffset":0,"byteLength":12},{"0":-0.15605494379997253,"1":-0.22502125799655914,"2":-0.2358439862728119,"BYTES_PER_ELEMENT":4,"buffer":{"0":222,"1":204,"2":31,"3":190,"4":249,"5":107,"6":102,"7":190,"8":22,"9":129,"10":113,"11":190,"byteLength":12},"length":3,"byteOffset":0,"byteLength":12}],"roughness":0.06951152945896313}