{"vertices":[-50,-15.879941582679749,-50,-50,-16.35362207889557,0,-50,-16.05785846710205,50,0,-15.167540907859802,-50,0,-16.020472645759583,0,0,-15.800122618675232,50,50,-14.716879725456238,-50,50,-15.351757407188416,0,50,-15.178709626197815,50],"normals":[0.014245928364380411,-0.9998536545449622,-0.009472223504561183,0.011628060866103511,-0.9997869348866804,-0.017055000158047815,0.009012131146285497,-0.999878789007302,-0.012696014551562662,0.006662830220885439,-0.999976220605751,-0.0017790212157492388,0.010017830817092935,-0.9999298185048094,-0.0063246447061442515,0.013372966218334848,-0.9998999160620781,-0.004617535443544638,0.005154558309671776,-0.9999692206447863,0.005915090167605028,0.008790947069229922,-0.9999516485680373,0.0044067874569001615,0.012427225699745225,-0.999916790458549,0.003460667635281905],"colors":[],"uvs":[],"faces":[0,1,3,1,4,3,3,4,6,4,7,6,1,2,4,2,5,4,4,5,7,5,8,7],"heightMap":[{"0":-0.2939970791339874,"1":-0.31768110394477844,"2":-0.30289292335510254,"BYTES_PER_ELEMENT":4,"buffer":{"0":201,"1":134,"2":150,"3":190,"4":25,"5":167,"6":162,"7":190,"8":200,"9":20,"10":155,"11":190,"byteLength":12},"length":3,"byteOffset":0,"byteLength":12},{"0":-0.2583770453929901,"1":-0.3010236322879791,"2":-0.2900061309337616,"BYTES_PER_ELEMENT":4,"buffer":{"0":255,"1":73,"2":132,"3":190,"4":197,"5":31,"6":154,"7":190,"8":175,"9":123,"10":148,"11":190,"byteLength":12},"length":3,"byteOffset":0,"byteLength":12},{"0":-0.2358439862728119,"1":-0.2675878703594208,"2":-0.25893548130989075,"BYTES_PER_ELEMENT":4,"buffer":{"0":22,"1":129,"2":113,"3":190,"4":71,"5":1,"6":137,"7":190,"8":49,"9":147,"10":132,"11":190,"byteLength":12},"length":3,"byteOffset":0,"byteLength":12}],"roughness":0.05444593833954165}