{"vertices":[-50,-7.746909111738205,-50,-50,-9.345248714089394,0,-50,-10.95050074160099,50,0,-4.106537699699402,-50,0,-9.10019502043724,0,0,-9.519803151488304,50,50,-8.004656732082367,-50,50,-7.9580749571323395,0,50,-8.33177626132965,50],"normals":[0.07257834071665924,-0.9968535144057111,-0.03186620899635219,-0.002550358372623184,-0.9950464438777106,-0.09937841917888166,-0.07772648890916192,-0.9969742876431202,0.0009288166379591156,0.004898502049740784,-0.9994752531039327,-0.03201910539815552,0.013849104640723352,-0.9984483419012328,-0.053936173903320145,0.02283632218263739,-0.9997338684584949,-0.003270266989670911,0.028587527814259973,-0.999076534825516,-0.0320753926633584,0.02617719508206529,-0.9996221182433547,-0.008388991375867984,0.023753170424573446,-0.9996899321614413,-0.007471708628833048],"colors":[],"uvs":[],"faces":[0,1,3,1,4,3,3,4,6,4,7,6,1,2,4,2,5,4,4,5,7,5,8,7],"heightMap":[{"0":0.11265454441308975,"1":0.03273756429553032,"2":-0.047525037080049515,"BYTES_PER_ELEMENT":4,"buffer":{"0":109,"1":183,"2":230,"3":61,"4":211,"5":23,"6":6,"7":61,"8":157,"9":169,"10":66,"11":189,"byteLength":12},"length":3,"byteOffset":0,"byteLength":12},{"0":0.2946731150150299,"1":0.04499024897813797,"2":0.024009842425584793,"BYTES_PER_ELEMENT":4,"buffer":{"0":101,"1":223,"2":150,"3":62,"4":178,"5":71,"6":56,"7":61,"8":74,"9":176,"10":196,"11":60,"byteLength":12},"length":3,"byteOffset":0,"byteLength":12},{"0":0.09976716339588165,"1":0.10209625214338303,"2":0.08341118693351746,"BYTES_PER_ELEMENT":4,"buffer":{"0":186,"1":82,"2":204,"3":61,"4":215,"5":23,"6":209,"7":61,"8":124,"9":211,"10":170,"11":61,"byteLength":12},"length":3,"byteOffset":0,"byteLength":12}],"roughness":0.02}