{"vertices":[-50,-7.145845592021942,-50,-50,-7.778387814760208,0,-50,-7.823734134435654,50,0,-4.233307838439941,-50,0,-3.5363036394119263,0,0,-8.25484186410904,50,50,-5.864574313163757,-50,50,-11.594745516777039,0,50,-10.664838925004005,50],"normals":[0.05814754191626768,-0.9982281233050904,-0.012628428718304992,0.012784036434298702,-0.9998211399941106,0.013937590657057441,-0.03239615402697448,-0.9929755355408553,-0.1137983963929737,0.0845360438799362,-0.9963975299122352,-0.006754233481756731,-0.03754140083960812,-0.9984926096671616,-0.04003937640699696,-0.15893868829689412,-0.9861626522574278,-0.04713508942452796,-0.008621830573638068,-0.9999624200858227,-0.0009068923112928779,-0.02826311369978268,-0.9951788886015862,-0.09391579252556351,-0.04813574387217627,-0.9986681032362087,0.01857336104385645],"colors":[],"uvs":[],"faces":[0,1,3,1,4,3,3,4,6,4,7,6,1,2,4,2,5,4,4,5,7,5,8,7],"heightMap":[{"0":0.1427077203989029,"1":0.1110806092619896,"2":0.10881329327821732,"BYTES_PER_ELEMENT":4,"buffer":{"0":249,"1":33,"2":18,"3":62,"4":59,"5":126,"6":227,"7":61,"8":129,"9":217,"10":222,"11":61,"byteLength":12},"length":3,"byteOffset":0,"byteLength":12},{"0":0.28833460807800293,"1":0.3231848180294037,"2":0.08725790679454803,"BYTES_PER_ELEMENT":4,"buffer":{"0":152,"1":160,"2":147,"3":62,"4":123,"5":120,"6":165,"7":62,"8":70,"9":180,"10":178,"11":61,"byteLength":12},"length":3,"byteOffset":0,"byteLength":12},{"0":0.20677128434181213,"1":-0.07973727583885193,"2":-0.03324194625020027,"BYTES_PER_ELEMENT":4,"buffer":{"0":218,"1":187,"2":83,"3":62,"4":76,"5":77,"6":163,"7":189,"8":181,"9":40,"10":8,"11":189,"byteLength":12},"length":3,"byteOffset":0,"byteLength":12}],"roughness":0.2238729913905263}