{"vertices":[-50,-3.309866189956665,-50,-50,-5.843283832073212,0,-50,-7.746909111738205,50,0,-3.867999315261841,-50,0,-5.933698415756226,0,0,-4.106537699699402,50,50,-4.342597126960754,-50,50,-7.604224532842636,0,50,-8.004656732082367,50],"normals":[-0.011147668457913866,-0.9986567677575623,-0.0506002934771219,-0.010317950621526737,-0.999094482290268,-0.04127657146751819,-0.009471400112357748,-0.9978343640537513,-0.06509127816656869,-0.00180651146684376,-0.999015531154377,-0.044324993273075555,-0.017602242005139924,-0.9998422325582986,-0.0023814006865192933,-0.03336958389685785,-0.9987746840815109,-0.0365458795000009,0.0725629244381901,-0.9966417739440351,-0.037944649513000576,-0.002561212919142908,-0.9993296870182937,0.03651871893018375,-0.07772404498740006,-0.9969429401939846,-0.007984161081168015],"colors":[],"uvs":[],"faces":[0,1,3,1,4,3,3,4,6,4,7,6,1,2,4,2,5,4,4,5,7,5,8,7],"heightMap":[{"0":0.33450669050216675,"1":0.20783580839633942,"2":0.11265454441308975,"BYTES_PER_ELEMENT":4,"buffer":{"0":118,"1":68,"2":171,"3":62,"4":233,"5":210,"6":84,"7":62,"8":109,"9":183,"10":230,"11":61,"byteLength":12},"length":3,"byteOffset":0,"byteLength":12},{"0":0.30660003423690796,"1":0.20331507921218872,"2":0.2946731150150299,"BYTES_PER_ELEMENT":4,"buffer":{"0":174,"1":250,"2":156,"3":62,"4":212,"5":49,"6":80,"7":62,"8":101,"9":223,"10":150,"11":62,"byteLength":12},"length":3,"byteOffset":0,"byteLength":12},{"0":0.2828701436519623,"1":0.1197887733578682,"2":0.09976716339588165,"BYTES_PER_ELEMENT":4,"buffer":{"0":91,"1":212,"2":144,"3":62,"4":209,"5":83,"6":245,"7":61,"8":186,"9":82,"10":204,"11":61,"byteLength":12},"length":3,"byteOffset":0,"byteLength":12}],"roughness":0.24651480062864722}