{"vertices":[-50,-4.303802251815796,-50,-50,-2.339373826980591,0,-50,-3.309866189956665,50,0,-7.843160033226013,-50,0,-4.075310826301575,0,0,-3.867999315261841,50,50,-5.774563252925873,-50,50,-4.745904207229614,0,50,-4.342597126960754,50],"normals":[-0.07055630569760947,-0.9967388161235441,0.03916044125059362,-0.014618754607440484,-0.9970661407063739,0.07513589735023443,0.04132784386749103,-0.9989342597133556,0.02055125524620078,-0.03469612527385867,-0.9993486309534896,0.009924348964376287,-0.024036693998242868,-0.9989241346092935,0.03965867668882776,-0.013409287149902846,-0.9998075981115134,0.014316346482884018,-0.011159865372987606,-0.9997494206140891,-0.01940498355191457,-0.010326662734535617,-0.9999380835534251,0.004145973500952725,-0.009491219934295806,-0.9999224290900299,0.008065515907432923],"colors":[],"uvs":[],"faces":[0,1,3,1,4,3,3,4,6,4,7,6,1,2,4,2,5,4,4,5,7,5,8,7],"heightMap":[{"0":0.2848098874092102,"1":0.38303130865097046,"2":0.33450669050216675,"BYTES_PER_ELEMENT":4,"buffer":{"0":154,"1":210,"2":145,"3":62,"4":174,"5":28,"6":196,"7":62,"8":118,"9":68,"10":171,"11":62,"byteLength":12},"length":3,"byteOffset":0,"byteLength":12},{"0":0.10784199833869934,"1":0.29623445868492126,"2":0.30660003423690796,"BYTES_PER_ELEMENT":4,"buffer":{"0":68,"1":220,"2":220,"3":61,"4":11,"5":172,"6":151,"7":62,"8":174,"9":250,"10":156,"11":62,"byteLength":12},"length":3,"byteOffset":0,"byteLength":12},{"0":0.21127183735370636,"1":0.2627047896385193,"2":0.2828701436519623,"BYTES_PER_ELEMENT":4,"buffer":{"0":165,"1":87,"2":88,"3":62,"4":62,"5":129,"6":134,"7":62,"8":91,"9":212,"10":144,"11":62,"byteLength":12},"length":3,"byteOffset":0,"byteLength":12}],"roughness":0.02}