{"vertices":[-50,-4.17641818523407,-50,-50,-3.8631510734558105,0,-50,-4.303802251815796,50,0,-2.904179096221924,-50,0,-6.983230412006378,0,0,-7.843160033226013,50,50,-5.64485490322113,-50,50,-7.383871376514435,0,50,-5.774563252925873,50],"normals":[0.025436049920222047,-0.9996568310117065,0.006263192164408895,-0.014610813894109079,-0.9965823969915031,-0.08130221475471631,-0.054698382544410236,-0.9978995400462933,-0.03470727477664631,-0.06228039553609445,-0.998057882159926,-0.0012712947380589773,-0.03511689048875107,-0.9981690151000061,-0.04924856644294072,-0.008012555345179818,-0.9999670596613056,-0.001295588346310508,-0.07060774015946084,-0.9974654233928278,-0.008790686283827825,-0.014657781559535205,-0.9997447218452095,-0.017194201999453606,0.04131521598299727,-0.9986290314394353,0.032142036254937216],"colors":[],"uvs":[],"faces":[0,1,3,1,4,3,3,4,6,4,7,6,1,2,4,2,5,4,4,5,7,5,8,7],"heightMap":[{"0":0.2911790907382965,"1":0.3068424463272095,"2":0.2848098874092102,"BYTES_PER_ELEMENT":4,"buffer":{"0":109,"1":21,"2":149,"3":62,"4":116,"5":26,"6":157,"7":62,"8":154,"9":210,"10":145,"11":62,"byteLength":12},"length":3,"byteOffset":0,"byteLength":12},{"0":0.3547910451889038,"1":0.1508384793996811,"2":0.10784199833869934,"BYTES_PER_ELEMENT":4,"buffer":{"0":44,"1":167,"2":181,"3":62,"4":103,"5":117,"6":26,"7":62,"8":68,"9":220,"10":220,"11":61,"byteLength":12},"length":3,"byteOffset":0,"byteLength":12},{"0":0.21775725483894348,"1":0.13080643117427826,"2":0.21127183735370636,"BYTES_PER_ELEMENT":4,"buffer":{"0":194,"1":251,"2":94,"3":62,"4":31,"5":242,"6":5,"7":62,"8":165,"9":87,"10":88,"11":62,"byteLength":12},"length":3,"byteOffset":0,"byteLength":12}],"roughness":0.17047520654568568}