{"vertices":[-50,-5.2759698033332825,-50,-50,-4.8518431186676025,0,-50,-4.17641818523407,50,0,-6.963310539722443,-50,0,-6.965572834014893,0,0,-2.904179096221924,50,50,-8.945435509085655,-50,50,-8.309932202100754,0,50,-5.64485490322113,50],"normals":[-0.0337264029253646,-0.9993951487693505,0.008477403022370173,-0.03666965950741948,-0.9993274408456783,-0.000045215455314275886,-0.03960819229001862,-0.999134587935274,0.01269906669511727,-0.042234321096684006,-0.9990473424778631,0.01098497198091555,-0.03452989097668516,-0.9985840434113643,0.040467207382628864,-0.026862868551557832,-0.9990955242051826,0.03296239988764669,0.02543422982615815,-0.9995852998789339,0.013502896692637335,-0.014611229747034665,-0.9966108525956067,0.08095258151496618,-0.05465400682129537,-0.9970899637548994,0.05314643654687778],"colors":[],"uvs":[],"faces":[0,1,3,1,4,3,3,4,6,4,7,6,1,2,4,2,5,4,4,5,7,5,8,7],"heightMap":[{"0":0.23620150983333588,"1":0.2574078440666199,"2":0.2911790907382965,"BYTES_PER_ELEMENT":4,"buffer":{"0":207,"1":222,"2":113,"3":62,"4":246,"5":202,"6":131,"7":62,"8":109,"9":21,"10":149,"11":62,"byteLength":12},"length":3,"byteOffset":0,"byteLength":12},{"0":0.15183447301387787,"1":0.15172135829925537,"2":0.3547910451889038,"BYTES_PER_ELEMENT":4,"buffer":{"0":127,"1":122,"2":27,"3":62,"4":216,"5":92,"6":27,"7":62,"8":44,"9":167,"10":181,"11":62,"byteLength":12},"length":3,"byteOffset":0,"byteLength":12},{"0":0.05272822454571724,"1":0.08450338989496231,"2":0.21775725483894348,"BYTES_PER_ELEMENT":4,"buffer":{"0":141,"1":249,"2":87,"3":61,"4":29,"5":16,"6":173,"7":61,"8":194,"9":251,"10":94,"11":62,"byteLength":12},"length":3,"byteOffset":0,"byteLength":12}],"roughness":0.1484279147339509}