{"vertices":[-50,-10.765514224767685,-50,-50,-8.371276557445526,0,-50,-5.2759698033332825,50,0,-10.15489062294364,-50,0,-8.655550181865692,0,0,-6.963310539722443,50,50,-9.456305615603924,-50,50,-8.844080939888954,0,50,-8.945435509085655,50],"normals":[0.012197587290593278,-0.9987811848540442,0.04782639068380417,0.013085073333884777,-0.99946512386668,0.02997076959320587,0.013969289702189379,-0.9998274766435282,0.01224238105318001,-0.005676834549442242,-0.9984806998928062,0.054809355871693874,-0.00472558055237753,-0.9994799234371798,0.03189908359894056,-0.0037705391590244592,-0.9999798437555818,0.005108337989252149,-0.03366324481153579,-0.9975236206165968,0.06175283200562103,-0.036648704128175974,-0.9987563515870106,0.03380270181995801,-0.039611305153943614,-0.9992131113375092,-0.002025496288706171],"colors":[],"uvs":[],"faces":[0,1,3,1,4,3,3,4,6,4,7,6,1,2,4,2,5,4,4,5,7,5,8,7],"heightMap":[{"0":-0.03827571123838425,"1":0.0814361721277237,"2":0.23620150983333588,"BYTES_PER_ELEMENT":4,"buffer":{"0":254,"1":198,"2":28,"3":189,"4":2,"5":200,"6":166,"7":61,"8":207,"9":222,"10":113,"11":62,"byteLength":12},"length":3,"byteOffset":0,"byteLength":12},{"0":-0.007744531147181988,"1":0.0672224909067154,"2":0.15183447301387787,"BYTES_PER_ELEMENT":4,"buffer":{"0":214,"1":197,"2":253,"3":187,"4":242,"5":171,"6":137,"7":61,"8":127,"9":122,"10":27,"11":62,"byteLength":12},"length":3,"byteOffset":0,"byteLength":12},{"0":0.02718471921980381,"1":0.05779595300555229,"2":0.05272822454571724,"BYTES_PER_ELEMENT":4,"buffer":{"0":125,"1":178,"2":222,"3":60,"4":115,"5":187,"6":108,"7":61,"8":141,"9":249,"10":87,"11":61,"byteLength":12},"length":3,"byteOffset":0,"byteLength":12}],"roughness":0.02}