{"vertices":[-50,-7.342734932899475,-50,-50,-8.932885006070137,0,-50,-10.765514224767685,50,0,-11.637924611568451,-50,0,-9.193515554070473,0,0,-10.15489062294364,50,50,-10.150406397879124,-50,50,-9.954188885167241,0,50,-9.456305615603924,50],"normals":[-0.08554564116259895,-0.9958307730557366,-0.03167040753280353,-0.027939142969491456,-0.9984172023711924,0.048810801052758694,0.029736978439498504,-0.9995500614995886,0.003922584537969171,-0.005209489589201244,-0.9994011886117307,-0.03420709604278045,-0.010211131110825378,-0.9998381739062849,0.014810766394190399,-0.01521134002537811,-0.9998602161749124,0.006939974444469282,0.012203368324329621,-0.9992545561517695,-0.036625261930407646,0.01308853534798396,-0.9997295601149897,-0.019222301494201784,0.013969644221361988,-0.9998528507332155,0.009956200128105136],"colors":[],"uvs":[],"faces":[0,1,3,1,4,3,3,4,6,4,7,6,1,2,4,2,5,4,4,5,7,5,8,7],"heightMap":[{"0":0.13286325335502625,"1":0.05335574969649315,"2":-0.03827571123838425,"BYTES_PER_ELEMENT":4,"buffer":{"0":78,"1":13,"2":8,"3":62,"4":143,"5":139,"6":90,"7":61,"8":254,"9":198,"10":28,"11":189,"byteLength":12},"length":3,"byteOffset":0,"byteLength":12},{"0":-0.08189623057842255,"1":0.040324222296476364,"2":-0.007744531147181988,"BYTES_PER_ELEMENT":4,"buffer":{"0":54,"1":185,"2":167,"3":189,"4":3,"5":43,"6":37,"7":61,"8":214,"9":197,"10":253,"11":187,"byteLength":12},"length":3,"byteOffset":0,"byteLength":12},{"0":-0.007520319893956184,"1":0.002290555741637945,"2":0.02718471921980381,"BYTES_PER_ELEMENT":4,"buffer":{"0":4,"1":109,"2":246,"3":187,"4":38,"5":29,"6":22,"7":59,"8":125,"9":178,"10":222,"11":60,"byteLength":12},"length":3,"byteOffset":0,"byteLength":12}],"roughness":0.02}