{"vertices":[-50,-8.03056925535202,-50,-50,-6.7203545570373535,0,-50,-7.342734932899475,50,0,-7.772848606109619,-50,0,-9.609793275594711,0,0,-11.637924611568451,50,50,-8.296788483858109,-50,50,-6.545084714889526,0,50,-10.150406397879124,50],"normals":[0.005152575818828612,-0.9996435741519333,0.026194954078593406,-0.002660225728391363,-0.9993222732482008,-0.03671399445882014,-0.01047179849328087,-0.9993320739662923,0.035010675208358884,-0.05769116219227679,-0.9983108799255118,0.006864169815414391,0.0017452102407423933,-0.9992523788901557,-0.03862172346724299,0.061168945577228746,-0.9979569731608322,-0.01844559070997537,-0.08558199389040706,-0.9962539525952648,-0.012400978189407304,-0.0279494504333728,-0.9987880092185657,-0.040513465189820026,0.029660268317620316,-0.9969716015798294,-0.0718880666500125],"colors":[],"uvs":[],"faces":[0,1,3,1,4,3,3,4,6,4,7,6,1,2,4,2,5,4,4,5,7,5,8,7],"heightMap":[{"0":0.09847153723239899,"1":0.16398227214813232,"2":0.13286325335502625,"BYTES_PER_ELEMENT":4,"buffer":{"0":114,"1":171,"2":201,"3":61,"4":248,"5":234,"6":39,"7":62,"8":78,"9":13,"10":8,"11":62,"byteLength":12},"length":3,"byteOffset":0,"byteLength":12},{"0":0.11135756969451904,"1":0.019510336220264435,"2":-0.08189623057842255,"BYTES_PER_ELEMENT":4,"buffer":{"0":112,"1":15,"2":228,"3":61,"4":36,"5":212,"6":159,"7":60,"8":54,"9":185,"10":167,"11":189,"byteLength":12},"length":3,"byteOffset":0,"byteLength":12},{"0":0.08516057580709457,"1":0.17274576425552368,"2":-0.007520319893956184,"BYTES_PER_ELEMENT":4,"buffer":{"0":171,"1":104,"2":174,"3":61,"4":68,"5":228,"6":48,"7":62,"8":4,"9":109,"10":246,"11":187,"byteLength":12},"length":3,"byteOffset":0,"byteLength":12}],"roughness":0.172330987669435}