{"vertices":[-50,-7.823734134435654,-50,-50,-7.314678728580475,0,-50,-8.03056925535202,50,0,-8.25484186410904,-50,0,-8.762775212526321,0,0,-7.772848606109619,50,50,-10.664838925004005,-50,50,-9.493407681584358,0,50,-8.296788483858109,50],"normals":[-0.00862138733916945,-0.9999110136231095,0.010180202137179505,-0.02838702691100562,-0.9995454326785755,-0.010154049170312597,-0.04813087160109355,-0.9985670186506344,0.02339505208591525,-0.028949728923528584,-0.9995787312681301,-0.002067169961443712,-0.02178074769588581,-0.9997511636653248,0.004817652917862033,-0.0146069954082512,-0.9996130768102308,0.02367134037453063,0.005153816290770255,-0.9998842362690918,-0.014316153052264888,-0.0026614986948667587,-0.9998005255626701,0.019794582827277786,-0.01047522315864722,-0.9996588925109188,0.023924220439126537],"colors":[],"uvs":[],"faces":[0,1,3,1,4,3,3,4,6,4,7,6,1,2,4,2,5,4,4,5,7,5,8,7],"heightMap":[{"0":0.10881329327821732,"1":0.13426606357097626,"2":0.09847153723239899,"BYTES_PER_ELEMENT":4,"buffer":{"0":129,"1":217,"2":222,"3":61,"4":11,"5":125,"6":9,"7":62,"8":114,"9":171,"10":201,"11":61,"byteLength":12},"length":3,"byteOffset":0,"byteLength":12},{"0":0.08725790679454803,"1":0.06186123937368393,"2":0.11135756969451904,"BYTES_PER_ELEMENT":4,"buffer":{"0":70,"1":180,"2":178,"3":61,"4":54,"5":98,"6":125,"7":61,"8":112,"9":15,"10":228,"11":61,"byteLength":12},"length":3,"byteOffset":0,"byteLength":12},{"0":-0.03324194625020027,"1":0.02532961592078209,"2":0.08516057580709457,"BYTES_PER_ELEMENT":4,"buffer":{"0":181,"1":40,"2":8,"3":189,"4":14,"5":128,"6":207,"7":60,"8":171,"9":104,"10":174,"11":61,"byteLength":12},"length":3,"byteOffset":0,"byteLength":12}],"roughness":0.02}