{"vertices":[-50,-10.95050074160099,-50,-50,-9.540589228272438,0,-50,-13.634487986564636,50,0,-9.519803151488304,-50,0,-14.880585670471191,0,0,-13.364793062210083,50,50,-8.33177626132965,-50,50,-9.037928581237793,0,50,-12.377701550722122,50],"normals":[0.02859088970749634,-0.9991940262248024,0.028175503232469205,0.026029042928278,-0.9939646023215988,-0.10656856129226806,0.023751466195263374,-0.9996182069621133,-0.014117654317374271,-0.10615842441006024,-0.9939934001749008,-0.026599047642968894,0.004961208404115339,-0.9992561547639227,-0.03824295461376268,0.11596995088413327,-0.9924418728752523,-0.0401260446068787,0.005375830853667374,-0.9966503571643162,-0.08160371319292939,0.012560456375608797,-0.999461941638148,0.030299540467468005,0.01969411627479645,-0.9975831037747026,-0.06663402169602065],"colors":[],"uvs":[],"faces":[0,1,3,1,4,3,3,4,6,4,7,6,1,2,4,2,5,4,4,5,7,5,8,7],"heightMap":[{"0":-0.047525037080049515,"1":0.022970538586378098,"2":-0.1817243993282318,"BYTES_PER_ELEMENT":4,"buffer":{"0":157,"1":169,"2":66,"3":189,"4":182,"5":44,"6":188,"7":60,"8":246,"9":21,"10":58,"11":190,"byteLength":12},"length":3,"byteOffset":0,"byteLength":12},{"0":0.024009842425584793,"1":-0.24402928352355957,"2":-0.16823965311050415,"BYTES_PER_ELEMENT":4,"buffer":{"0":74,"1":176,"2":196,"3":60,"4":208,"5":226,"6":121,"7":190,"8":4,"9":71,"10":44,"11":190,"byteLength":12},"length":3,"byteOffset":0,"byteLength":12},{"0":0.08341118693351746,"1":0.04810357093811035,"2":-0.11888507753610611,"BYTES_PER_ELEMENT":4,"buffer":{"0":124,"1":211,"2":170,"3":61,"4":64,"5":8,"6":69,"7":61,"8":5,"9":122,"10":243,"11":189,"byteLength":12},"length":3,"byteOffset":0,"byteLength":12}],"roughness":0.18011115357622276}