{"vertices":[-50,-13.634487986564636,-50,-50,-15.368732810020447,0,-50,-12.022939175367355,50,0,-13.364793062210083,-50,0,-13.106168508529663,0,0,-12.714557349681854,50,50,-12.377701550722122,-50,50,-12.949822545051575,0,50,-13.430127501487732,50],"normals":[0.00539057854599163,-0.9993845006339332,-0.03466354793732737,0.012566057339489657,-0.999907667977114,0.005172013487044212,0.01973669275800303,-0.9997397672000824,-0.011439442193624132,0.04519920010594019,-0.9988489625722202,0.016055599589630928,0.024170808636060446,-0.9996867099241922,0.006500308517527186,0.003126730831119469,-0.9999397367101438,-0.010523616410620974,-0.013800184003778946,-0.9976736092466827,0.06676020022557852,-0.014070057956065104,-0.9998703444223651,0.007831207685536004,-0.014309277598021749,-0.9998514863923236,-0.00960467249228584],"colors":[],"uvs":[],"faces":[0,1,3,1,4,3,3,4,6,4,7,6,1,2,4,2,5,4,4,5,7,5,8,7],"heightMap":[{"0":-0.1817243993282318,"1":-0.26843664050102234,"2":-0.10114695876836777,"BYTES_PER_ELEMENT":4,"buffer":{"0":246,"1":21,"2":58,"3":190,"4":135,"5":112,"6":137,"7":190,"8":35,"9":38,"10":207,"11":189,"byteLength":12},"length":3,"byteOffset":0,"byteLength":12},{"0":-0.16823965311050415,"1":-0.15530842542648315,"2":-0.1357278674840927,"BYTES_PER_ELEMENT":4,"buffer":{"0":4,"1":71,"2":44,"3":190,"4":44,"5":9,"6":31,"7":190,"8":63,"9":252,"10":10,"11":190,"byteLength":12},"length":3,"byteOffset":0,"byteLength":12},{"0":-0.11888507753610611,"1":-0.14749112725257874,"2":-0.1715063750743866,"BYTES_PER_ELEMENT":4,"buffer":{"0":5,"1":122,"2":243,"3":189,"4":234,"5":7,"6":23,"7":190,"8":94,"9":159,"10":47,"11":190,"byteLength":12},"length":3,"byteOffset":0,"byteLength":12}],"roughness":0.02}