{"vertices":[-50,-15.178709626197815,-50,-50,-16.742815375328064,0,-50,-16.94386124610901,50,0,-13.781462907791138,-50,0,-15.31310498714447,0,0,-16.469544768333435,50,50,-13.882811963558197,-50,50,-15.092090368270874,0,50,-15.63208520412445,50],"normals":[0.02792038234533914,-0.9991214141901008,-0.031254630960277634,0.012948909919921356,-0.9994473431131599,-0.03061591213620007,-0.0020263843819834588,-0.9997056048755405,-0.02417844798092431,0.028578078716194586,-0.9994359330529248,-0.017638286184341028,0.016496636462627855,-0.999502886991753,-0.02686707800582186,0.004419573134406513,-0.9998372860878895,-0.01748910294192813,0.009485826069642888,-0.999946925113065,-0.004020704005881688,0.013112952866261228,-0.999646681194363,-0.02312062378533368,0.016745866109885706,-0.9998014725464911,-0.010797752641078134],"colors":[],"uvs":[],"faces":[0,1,3,1,4,3,3,4,6,4,7,6,1,2,4,2,5,4,4,5,7,5,8,7],"heightMap":[{"0":-0.25893548130989075,"1":-0.3371407687664032,"2":-0.34719306230545044,"BYTES_PER_ELEMENT":4,"buffer":{"0":49,"1":147,"2":132,"3":190,"4":183,"5":157,"6":172,"7":190,"8":74,"9":195,"10":177,"11":190,"byteLength":12},"length":3,"byteOffset":0,"byteLength":12},{"0":-0.18907314538955688,"1":-0.2656552493572235,"2":-0.32347723841667175,"BYTES_PER_ELEMENT":4,"buffer":{"0":100,"1":156,"2":65,"3":190,"4":247,"5":3,"6":136,"7":190,"8":207,"9":158,"10":165,"11":190,"byteLength":12},"length":3,"byteOffset":0,"byteLength":12},{"0":-0.19414059817790985,"1":-0.2546045184135437,"2":-0.28160426020622253,"BYTES_PER_ELEMENT":4,"buffer":{"0":203,"1":204,"2":70,"3":190,"4":134,"5":91,"6":130,"7":190,"8":111,"9":46,"10":144,"11":190,"byteLength":12},"length":3,"byteOffset":0,"byteLength":12}],"roughness":0.02}