{"vertices":[-50,-12.022939175367355,-50,-50,-11.927770972251892,0,-50,-12.981463074684143,50,0,-12.714557349681854,-50,0,-10.40431722998619,0,0,-12.92193740606308,50,50,-13.430127501487732,-50,50,-11.787939071655273,0,50,-10.511569418013096,50],"normals":[-0.013831015324853526,-0.9999025357135974,0.001903178552289168,-0.014055496960696683,-0.9988355861315964,0.04615100088121894,-0.014302227314931923,-0.999358852436587,0.032822710894440124,0.03045354419212162,-0.9994902814321979,-0.009579090182506241,0.0013971366687445654,-0.9999968836693075,-0.0020689757858223007,-0.027650083323312712,-0.9991922102775577,0.02916161540214992,0.0011902482597798696,-0.999777312336395,-0.021069149163996027,0.02464661402734974,-0.9984313336029179,-0.050273417398121224,0.04813579658330774,-0.9985155134393019,0.02548949800089726],"colors":[],"uvs":[],"faces":[0,1,3,1,4,3,3,4,6,4,7,6,1,2,4,2,5,4,4,5,7,5,8,7],"heightMap":[{"0":-0.10114695876836777,"1":-0.0963885486125946,"2":-0.14907315373420715,"BYTES_PER_ELEMENT":4,"buffer":{"0":35,"1":38,"2":207,"3":189,"4":92,"5":103,"6":197,"7":189,"8":162,"9":166,"10":24,"11":190,"byteLength":12},"length":3,"byteOffset":0,"byteLength":12},{"0":-0.1357278674840927,"1":-0.02021586149930954,"2":-0.146096870303154,"BYTES_PER_ELEMENT":4,"buffer":{"0":63,"1":252,"2":10,"3":190,"4":188,"5":155,"6":165,"7":188,"8":107,"9":154,"10":21,"11":190,"byteLength":12},"length":3,"byteOffset":0,"byteLength":12},{"0":-0.1715063750743866,"1":-0.08939695358276367,"2":-0.025578470900654793,"BYTES_PER_ELEMENT":4,"buffer":{"0":94,"1":159,"2":47,"3":190,"4":192,"5":21,"6":183,"7":189,"8":241,"9":137,"10":209,"11":188,"byteLength":12},"length":3,"byteOffset":0,"byteLength":12}],"roughness":0.13219784600466375}