{"vertices":[-50,-12.981463074684143,-50,-50,-14.577122926712036,0,-50,-14.784538745880127,50,0,-12.92193740606308,-50,0,-12.843393981456757,0,0,-13.99151235818863,50,50,-10.511569418013096,-50,50,-11.530932486057281,0,50,-13.076289892196655,50],"normals":[0.001189906752267324,-0.9994904549852247,-0.0318969358301003,0.02467775451705859,-0.9996942244071566,0.0015703881588820057,0.04814146093253457,-0.998633013116839,-0.02035939224201981,0.034648129790905216,-0.9992372188780501,-0.018013536877928615,0.03044550254044988,-0.9994792773108497,-0.01068857339597914,0.02623157197191514,-0.9993272969859971,-0.02562924365920706,0.015858396807027515,-0.9998656446471694,-0.0041477590348504775,0.01707547138581964,-0.9995907109801174,-0.02295296928973502,0.018292651577404815,-0.9993554713267512,-0.030887227579613992],"colors":[],"uvs":[],"faces":[0,1,3,1,4,3,3,4,6,4,7,6,1,2,4,2,5,4,4,5,7,5,8,7],"heightMap":[{"0":-0.14907315373420715,"1":-0.2288561463356018,"2":-0.23922693729400635,"BYTES_PER_ELEMENT":4,"buffer":{"0":162,"1":166,"2":24,"3":190,"4":68,"5":89,"6":106,"7":190,"8":232,"9":247,"10":116,"11":190,"byteLength":12},"length":3,"byteOffset":0,"byteLength":12},{"0":-0.146096870303154,"1":-0.14216969907283783,"2":-0.19957561790943146,"BYTES_PER_ELEMENT":4,"buffer":{"0":107,"1":154,"2":21,"3":190,"4":239,"5":148,"6":17,"7":190,"8":141,"9":93,"10":76,"11":190,"byteLength":12},"length":3,"byteOffset":0,"byteLength":12},{"0":-0.025578470900654793,"1":-0.07654662430286407,"2":-0.15381449460983276,"BYTES_PER_ELEMENT":4,"buffer":{"0":241,"1":137,"2":209,"3":188,"4":122,"5":196,"6":156,"7":189,"8":140,"9":129,"10":29,"11":190,"byteLength":12},"length":3,"byteOffset":0,"byteLength":12}],"roughness":0.02}