{"vertices":[-50,-14.784538745880127,-50,-50,-15.052740573883057,0,-50,-15.566838383674622,50,0,-13.99151235818863,-50,0,-13.887618780136108,0,0,-14.100393950939178,50,50,-13.076289892196655,-50,50,-13.83064329624176,0,50,-14.617421925067902,50],"normals":[0.01585830513636035,-0.9998598648478724,-0.005363284869979231,0.017079934300056263,-0.9998519688295118,0.002077563971291108,0.0182993017869972,-0.9997187824253911,-0.015082825332208429,0.023295399373612292,-0.9996980358034485,-0.007820586854634267,0.01221855306276585,-0.9999247579908649,-0.0010887230881729342,0.0011393736406785215,-0.9998806177682548,-0.015409478871139077,0.029314734486555,-0.999517398414904,-0.010276994107473304,0.00948991801551493,-0.9999459155902105,-0.004255273259670786,-0.010338726922568322,-0.9998227794144766,-0.015732783909137276],"colors":[],"uvs":[],"faces":[0,1,3,1,4,3,3,4,6,4,7,6,1,2,4,2,5,4,4,5,7,5,8,7],"heightMap":[{"0":-0.23922693729400635,"1":-0.25263702869415283,"2":-0.2783419191837311,"BYTES_PER_ELEMENT":4,"buffer":{"0":232,"1":247,"2":116,"3":190,"4":164,"5":89,"6":129,"7":190,"8":213,"9":130,"10":142,"11":190,"byteLength":12},"length":3,"byteOffset":0,"byteLength":12},{"0":-0.19957561790943146,"1":-0.19438093900680542,"2":-0.20501969754695892,"BYTES_PER_ELEMENT":4,"buffer":{"0":141,"1":93,"2":76,"3":190,"4":204,"5":11,"6":71,"7":190,"8":175,"9":240,"10":81,"11":190,"byteLength":12},"length":3,"byteOffset":0,"byteLength":12},{"0":-0.15381449460983276,"1":-0.191532164812088,"2":-0.23087109625339508,"BYTES_PER_ELEMENT":4,"buffer":{"0":140,"1":129,"2":29,"3":190,"4":2,"5":33,"6":68,"7":190,"8":121,"9":105,"10":108,"11":190,"byteLength":12},"length":3,"byteOffset":0,"byteLength":12}],"roughness":0.06784152276553537}