{"vertices":[-50,-15.566838383674622,-50,-50,-17.01120615005493,0,-50,-15.167410969734192,50,0,-14.100393950939178,-50,0,-15.406922101974487,0,0,-15.032761693000793,50,50,-14.617421925067902,-50,50,-15.339210033416748,0,50,-15.017175674438477,50],"normals":[0.02930406890476398,-0.9991537439335979,-0.0288629092279179,0.009486768445123429,-0.9996137865279988,-0.02612047104523661,-0.010338929583682868,-0.9998423780749636,-0.014433486774354801,0.032068922742127234,-0.9994777041041546,0.003987880746411829,0.016712956227007355,-0.9998168967406009,-0.009319339362255761,0.0013542293112588258,-0.9999910947219481,-0.003997066395778213,0.0026911466505777477,-0.9993171578285333,0.03685072318432139,0.0015023070651804709,-0.9999708735412485,0.007482990220119509,0.00031171389084098976,-0.9999792108378345,0.006440553283075196],"colors":[],"uvs":[],"faces":[0,1,3,1,4,3,3,4,6,4,7,6,1,2,4,2,5,4,4,5,7,5,8,7],"heightMap":[{"0":-0.2783419191837311,"1":-0.3505603075027466,"2":-0.2583705484867096,"BYTES_PER_ELEMENT":4,"buffer":{"0":213,"1":130,"2":142,"3":190,"4":164,"5":124,"6":179,"7":190,"8":37,"9":73,"10":132,"11":190,"byteLength":12},"length":3,"byteOffset":0,"byteLength":12},{"0":-0.20501969754695892,"1":-0.27034610509872437,"2":-0.2516380846500397,"BYTES_PER_ELEMENT":4,"buffer":{"0":175,"1":240,"2":81,"3":190,"4":206,"5":106,"6":138,"7":190,"8":181,"9":214,"10":128,"11":190,"byteLength":12},"length":3,"byteOffset":0,"byteLength":12},{"0":-0.23087109625339508,"1":-0.2669605016708374,"2":-0.25085878372192383,"BYTES_PER_ELEMENT":4,"buffer":{"0":121,"1":105,"2":108,"3":190,"4":12,"5":175,"6":136,"7":190,"8":144,"9":112,"10":128,"11":190,"byteLength":12},"length":3,"byteOffset":0,"byteLength":12}],"roughness":0.07524535451982933}