{"vertices":[-50,-15.167410969734192,-50,-50,-15.441526770591736,0,-50,-10.833475217223167,50,0,-15.032761693000793,-50,0,-14.361012876033783,0,0,-11.427134424448013,50,50,-15.017175674438477,-50,50,-15.24698555469513,0,50,-14.519512057304382,50],"normals":[0.00269293530117524,-0.9999813465419394,-0.005482213752998978,0.001502213560870143,-0.9999086346993348,0.013433748848687536,0.000311717063602639,-0.9999893890678826,-0.00459614883519227,0.021585076887281982,-0.9988338417486344,0.04318612084262893,0.001943396270793287,-0.9993493808920355,0.03601441546991829,-0.01771645317917018,-0.9998306723147896,0.004975337707749802,-0.011822253468757121,-0.9957104450566951,0.09176570126097625,-0.036749384486671,-0.9976085773245691,0.05853724616259378,-0.061723096024195866,-0.9979876870209969,0.014520191860601337],"colors":[],"uvs":[],"faces":[0,1,3,1,4,3,3,4,6,4,7,6,1,2,4,2,5,4,4,5,7,5,8,7],"heightMap":[{"0":-0.2583705484867096,"1":-0.2720763385295868,"2":-0.04167376086115837,"BYTES_PER_ELEMENT":4,"buffer":{"0":37,"1":73,"2":132,"3":190,"4":151,"5":77,"6":139,"7":190,"8":27,"9":178,"10":42,"11":189,"byteLength":12},"length":3,"byteOffset":0,"byteLength":12},{"0":-0.2516380846500397,"1":-0.21805064380168915,"2":-0.07135672122240067,"BYTES_PER_ELEMENT":4,"buffer":{"0":181,"1":214,"2":128,"3":190,"4":171,"5":72,"6":95,"7":190,"8":121,"9":35,"10":146,"11":189,"byteLength":12},"length":3,"byteOffset":0,"byteLength":12},{"0":-0.25085878372192383,"1":-0.26234927773475647,"2":-0.22597560286521912,"BYTES_PER_ELEMENT":4,"buffer":{"0":144,"1":112,"2":128,"3":190,"4":165,"5":82,"6":134,"7":190,"8":38,"9":102,"10":103,"11":190,"byteLength":12},"length":3,"byteOffset":0,"byteLength":12}],"roughness":0.09680572795779532}