{"vertices":[-50,-10.833475217223167,-50,-50,-12.972187101840973,0,-50,-13.12109887599945,50,0,-11.427134424448013,-50,0,-14.363254606723785,0,0,-12.526295781135559,50,50,-14.519512057304382,-50,50,-13.2025346159935,0,50,-13.830458223819733,50],"normals":[-0.01186150271100126,-0.9990161498926073,-0.04273215425400884,-0.03674928835175384,-0.9976059643752934,-0.05858182011921968,-0.061708283293993964,-0.9977481831188132,0.02628023698552793,-0.027803326370757036,-0.9993521620325415,-0.022852380261278716,-0.0023018352606782966,-0.9999372226675947,-0.01096595997850176,0.023207596901266277,-0.9997069528657313,0.006885915914593065,0.011895167496531021,-0.9999248153923095,-0.0029780115657031436,-0.007086081275721256,-0.9993007092265525,0.03671348514460579,-0.026072326170914754,-0.9995812376429797,-0.012553213141123816],"colors":[],"uvs":[],"faces":[0,1,3,1,4,3,3,4,6,4,7,6,1,2,4,2,5,4,4,5,7,5,8,7],"heightMap":[{"0":-0.04167376086115837,"1":-0.14860935509204865,"2":-0.15605494379997253,"BYTES_PER_ELEMENT":4,"buffer":{"0":27,"1":178,"2":42,"3":189,"4":13,"5":45,"6":24,"7":190,"8":222,"9":204,"10":31,"11":190,"byteLength":12},"length":3,"byteOffset":0,"byteLength":12},{"0":-0.07135672122240067,"1":-0.21816273033618927,"2":-0.12631478905677795,"BYTES_PER_ELEMENT":4,"buffer":{"0":121,"1":35,"2":146,"3":189,"4":13,"5":102,"6":95,"7":190,"8":170,"9":88,"10":1,"11":190,"byteLength":12},"length":3,"byteOffset":0,"byteLength":12},{"0":-0.22597560286521912,"1":-0.160126730799675,"2":-0.19152291119098663,"BYTES_PER_ELEMENT":4,"buffer":{"0":38,"1":102,"2":103,"3":190,"4":67,"5":248,"6":35,"7":190,"8":149,"9":30,"10":68,"11":190,"byteLength":12},"length":3,"byteOffset":0,"byteLength":12}],"roughness":0.11002411191834711}