{"vertices":[-50,-13.12109887599945,-50,-50,-14.500425159931183,0,-50,-14.716879725456238,50,0,-12.526295781135559,-50,0,-13.62576961517334,0,0,-15.075291395187378,50,50,-13.830458223819733,-50,50,-12.707665860652924,0,50,-14.61631327867508,50],"normals":[0.011890697235982982,-0.9995490388885688,-0.027574085228354084,-0.007089145853486213,-0.9997331968632314,-0.02198360981940129,-0.026067813445282605,-0.9994082252372988,0.022442558459650666,0.017488209708807056,-0.9997198219127986,-0.015951181643468076,0.017918891022621026,-0.9995147931540541,-0.025477276360080934,0.01835841470192235,-0.999800654965849,-0.007849773212756301,-0.007167982073085197,-0.9999649395431525,-0.004328939530582018,0.0010051745212877254,-0.9995795370412444,-0.028978246195952653,0.009172495634143556,-0.9992301706935275,-0.03814356170608079],"colors":[],"uvs":[],"faces":[0,1,3,1,4,3,3,4,6,4,7,6,1,2,4,2,5,4,4,5,7,5,8,7],"heightMap":[{"0":-0.15605494379997253,"1":-0.22502125799655914,"2":-0.2358439862728119,"BYTES_PER_ELEMENT":4,"buffer":{"0":222,"1":204,"2":31,"3":190,"4":249,"5":107,"6":102,"7":190,"8":22,"9":129,"10":113,"11":190,"byteLength":12},"length":3,"byteOffset":0,"byteLength":12},{"0":-0.12631478905677795,"1":-0.181288480758667,"2":-0.2537645697593689,"BYTES_PER_ELEMENT":4,"buffer":{"0":170,"1":88,"2":1,"3":190,"4":176,"5":163,"6":57,"7":190,"8":110,"9":237,"10":129,"11":190,"byteLength":12},"length":3,"byteOffset":0,"byteLength":12},{"0":-0.19152291119098663,"1":-0.13538329303264618,"2":-0.23081566393375397,"BYTES_PER_ELEMENT":4,"buffer":{"0":149,"1":30,"2":68,"3":190,"4":235,"5":161,"6":10,"7":190,"8":241,"9":90,"10":108,"11":190,"byteLength":12},"length":3,"byteOffset":0,"byteLength":12}],"roughness":0.11007906946098293}