{"vertices":[-50,-14.716879725456238,-50,-50,-15.351757407188416,0,-50,-15.178709626197815,50,0,-15.075291395187378,-50,0,-13.975823819637299,0,0,-13.781462907791138,50,50,-14.61631327867508,-50,50,-11.63297951221466,0,50,-13.882811963558197,50],"normals":[-0.0071674714919065085,-0.9998937112292039,-0.01269620402727561,0.0010053537748014516,-0.9997578166046976,0.021984026055192157,0.00916288102049264,-0.9981827772225733,0.05955824768774681,0.027507964939960605,-0.9996109255868668,-0.004616201060317751,0.03715552298358361,-0.9992258775209848,0.012927211773402348,0.04680428248293244,-0.9988773546463661,0.007306812980753499,0.02793386221672401,-0.9996037868164701,0.0034595843435678304,0.012954882374838808,-0.9999085274770344,0.0038868626632637686,-0.002024928061935572,-0.9989871373787965,-0.044951073602992005],"colors":[],"uvs":[],"faces":[0,1,3,1,4,3,3,4,6,4,7,6,1,2,4,2,5,4,4,5,7,5,8,7],"heightMap":[{"0":-0.2358439862728119,"1":-0.2675878703594208,"2":-0.25893548130989075,"BYTES_PER_ELEMENT":4,"buffer":{"0":22,"1":129,"2":113,"3":190,"4":71,"5":1,"6":137,"7":190,"8":49,"9":147,"10":132,"11":190,"byteLength":12},"length":3,"byteOffset":0,"byteLength":12},{"0":-0.2537645697593689,"1":-0.19879119098186493,"2":-0.18907314538955688,"BYTES_PER_ELEMENT":4,"buffer":{"0":110,"1":237,"2":129,"3":190,"4":235,"5":143,"6":75,"7":190,"8":100,"9":156,"10":65,"11":190,"byteLength":12},"length":3,"byteOffset":0,"byteLength":12},{"0":-0.23081566393375397,"1":-0.08164897561073303,"2":-0.19414059817790985,"BYTES_PER_ELEMENT":4,"buffer":{"0":241,"1":90,"2":108,"3":190,"4":148,"5":55,"6":167,"7":189,"8":203,"9":204,"10":70,"11":190,"byteLength":12},"length":3,"byteOffset":0,"byteLength":12}],"roughness":0.2066765167893146}