{"vertices":[-50,-5.864574313163757,-50,-50,-11.594745516777039,0,-50,-10.664838925004005,50,0,-8.087894320487976,-50,0,-8.798828348517418,0,0,-9.834259264171124,50,50,-9.64361809194088,-50,50,-9.383785724639893,0,50,-9.137869477272034,50],"normals":[-0.044134190055604136,-0.9925289636717647,-0.11374721772768155,-0.03775799307034441,-0.9991859146911107,-0.014207105341632671,-0.03109900572182763,-0.9995028131756322,0.005194063641428418,0.05576766978494669,-0.997305471314454,-0.04766302437961811,0.02207562720721048,-0.9996038893481675,-0.017456548439622667,-0.01169819738537608,-0.9999187857857516,0.005057075309006384,0.016606430784676805,-0.9996892271612057,0.018592352041233887,0.015264615174576798,-0.9996691594542979,-0.02070176706249068,0.013926276649170214,-0.9998909311394165,0.0049177885112591906],"colors":[],"uvs":[],"faces":[0,1,3,1,4,3,3,4,6,4,7,6,1,2,4,2,5,4,4,5,7,5,8,7],"heightMap":[{"0":0.20677128434181213,"1":-0.07973727583885193,"2":-0.03324194625020027,"BYTES_PER_ELEMENT":4,"buffer":{"0":218,"1":187,"2":83,"3":62,"4":76,"5":77,"6":163,"7":189,"8":181,"9":40,"10":8,"11":189,"byteLength":12},"length":3,"byteOffset":0,"byteLength":12},{"0":0.0956052839756012,"1":0.060058582574129105,"2":0.008287036791443825,"BYTES_PER_ELEMENT":4,"buffer":{"0":180,"1":204,"2":195,"3":61,"4":253,"5":255,"6":117,"7":61,"8":90,"9":198,"10":7,"11":60,"byteLength":12},"length":3,"byteOffset":0,"byteLength":12},{"0":0.01781909540295601,"1":0.03081071376800537,"2":0.043106526136398315,"BYTES_PER_ELEMENT":4,"buffer":{"0":90,"1":249,"2":145,"3":60,"4":192,"5":102,"6":252,"7":60,"8":120,"9":144,"10":48,"11":61,"byteLength":12},"length":3,"byteOffset":0,"byteLength":12}],"roughness":0.02}