{"vertices":[-50,-8.004656732082367,-50,-50,-7.9580749571323395,0,-50,-8.33177626132965,50,0,-7.269743978977203,-50,0,-6.834840476512909,0,0,-8.330495804548264,50,50,-5.4425546526908875,-50,50,-8.862094581127167,0,50,-8.497470021247864,50],"normals":[0.014696661246772436,-0.9998915643167097,0.0009315344764686377,0.0256085964110195,-0.9996342324582932,0.008694888577586367,0.036434415176193155,-0.9970071150274432,-0.06818611277542809,0.022458903118249395,-0.9997424182466325,-0.003270294956216375,-0.009030361393044214,-0.9999030146293677,-0.010602542535323849,-0.04049299111175322,-0.9987152330728204,-0.030466389663453584,0.000025608420372508876,-0.9999720703092794,-0.007473817336709266,-0.0016561898315808992,-0.9995515321801794,-0.02989969149502375,-0.00333937692034727,-0.9999678352601804,0.007292256636504053],"colors":[],"uvs":[],"faces":[0,1,3,1,4,3,3,4,6,4,7,6,1,2,4,2,5,4,4,5,7,5,8,7],"heightMap":[{"0":0.09976716339588165,"1":0.10209625214338303,"2":0.08341118693351746,"BYTES_PER_ELEMENT":4,"buffer":{"0":186,"1":82,"2":204,"3":61,"4":215,"5":23,"6":209,"7":61,"8":124,"9":211,"10":170,"11":61,"byteLength":12},"length":3,"byteOffset":0,"byteLength":12},{"0":0.13651280105113983,"1":0.15825797617435455,"2":0.08347520977258682,"BYTES_PER_ELEMENT":4,"buffer":{"0":3,"1":202,"2":11,"3":62,"4":97,"5":14,"6":34,"7":62,"8":13,"9":245,"10":170,"11":61,"byteLength":12},"length":3,"byteOffset":0,"byteLength":12},{"0":0.22787226736545563,"1":0.05689527094364166,"2":0.07512649893760681,"BYTES_PER_ELEMENT":4,"buffer":{"0":89,"1":87,"2":105,"3":62,"4":4,"5":11,"6":105,"7":61,"8":236,"9":219,"10":153,"11":61,"byteLength":12},"length":3,"byteOffset":0,"byteLength":12}],"roughness":0.10637224566697323}