{"vertices":[-50,-4.342597126960754,-50,-50,-7.604224532842636,0,-50,-8.004656732082367,50,0,-5.633065402507782,-50,0,-4.968563914299011,0,0,-7.269743978977203,50,50,-2.8033506870269775,-50,50,-4.35045599937439,0,50,-5.4425546526908875,50],"normals":[-0.02574608975204152,-0.9975483411681619,-0.06507262016492173,0.015363219067842252,-0.9997936884581389,0.013287287877643387,0.05647693495688075,-0.9979263041589796,-0.030877941729911533,0.052605021283497776,-0.9979475527574846,-0.03651566350363071,0.032502945277713156,-0.9993380361735816,-0.016341603501588267,0.012356911840196251,-0.9995756033720405,-0.02638029327347785,0.014696196437582989,-0.9998599408901544,-0.008007522301247036,0.025582508706773546,-0.998615653732508,-0.045959888692896564,0.036510713304162376,-0.9990949700425633,-0.021822205426375405],"colors":[],"uvs":[],"faces":[0,1,3,1,4,3,3,4,6,4,7,6,1,2,4,2,5,4,4,5,7,5,8,7],"heightMap":[{"0":0.2828701436519623,"1":0.1197887733578682,"2":0.09976716339588165,"BYTES_PER_ELEMENT":4,"buffer":{"0":91,"1":212,"2":144,"3":62,"4":209,"5":83,"6":245,"7":61,"8":186,"9":82,"10":204,"11":61,"byteLength":12},"length":3,"byteOffset":0,"byteLength":12},{"0":0.2183467298746109,"1":0.25157180428504944,"2":0.13651280105113983,"BYTES_PER_ELEMENT":4,"buffer":{"0":73,"1":150,"2":95,"3":62,"4":5,"5":206,"6":128,"7":62,"8":3,"9":202,"10":11,"11":62,"byteLength":12},"length":3,"byteOffset":0,"byteLength":12},{"0":0.3598324656486511,"1":0.2824772000312805,"2":0.22787226736545563,"BYTES_PER_ELEMENT":4,"buffer":{"0":246,"1":59,"2":184,"3":62,"4":218,"5":160,"6":144,"7":62,"8":89,"9":87,"10":105,"11":62,"byteLength":12},"length":3,"byteOffset":0,"byteLength":12}],"roughness":0.02976041142748312}