{"vertices":[-50,-5.774563252925873,-50,-50,-4.745904207229614,0,-50,-4.342597126960754,50,0,-3.584258556365967,-50,0,-5.64292848110199,0,0,-5.633065402507782,50,50,-4.4882142543792725,-50,50,-5.474458038806915,0,50,-2.8033506870269775,50],"normals":[0.04375488191061888,-0.99883093843839,0.020549129598918654,0.012839270958849586,-0.9990710947504107,-0.041135152308715284,-0.018072645787527392,-0.9996422295499139,-0.019717818710899872,-0.01793576094420281,-0.9997366552175732,0.014315330723794291,-0.007282991749590975,-0.9997638490760651,-0.020474474640058308,0.0033689128575881,-0.9998527966370145,0.016823658439791694,-0.025799934959024603,-0.9996346073710354,0.008063194296690408,0.015364570558281635,-0.9998819385650585,0.0001972382828999198,0.056423677676688634,-0.9969852679495562,0.053261093576727016],"colors":[],"uvs":[],"faces":[0,1,3,1,4,3,3,4,6,4,7,6,1,2,4,2,5,4,4,5,7,5,8,7],"heightMap":[{"0":0.21127183735370636,"1":0.2627047896385193,"2":0.2828701436519623,"BYTES_PER_ELEMENT":4,"buffer":{"0":165,"1":87,"2":88,"3":62,"4":62,"5":129,"6":134,"7":62,"8":91,"9":212,"10":144,"11":62,"byteLength":12},"length":3,"byteOffset":0,"byteLength":12},{"0":0.32078707218170166,"1":0.2178535759449005,"2":0.2183467298746109,"BYTES_PER_ELEMENT":4,"buffer":{"0":52,"1":62,"2":164,"3":62,"4":2,"5":21,"6":95,"7":62,"8":73,"9":150,"10":95,"11":62,"byteLength":12},"length":3,"byteOffset":0,"byteLength":12},{"0":0.2755892872810364,"1":0.22627709805965424,"2":0.3598324656486511,"BYTES_PER_ELEMENT":4,"buffer":{"0":10,"1":26,"2":141,"3":62,"4":47,"5":181,"6":103,"7":62,"8":246,"9":59,"10":184,"11":62,"byteLength":12},"length":3,"byteOffset":0,"byteLength":12}],"roughness":0.18636806172479659}