{"vertices":[-50,-5.64485490322113,-50,-50,-7.383871376514435,0,-50,-5.774563252925873,50,0,-6.58085823059082,-50,0,-6.196061074733734,0,0,-3.584258556365967,50,50,-6.705323755741119,-50,50,-6.080475449562073,0,50,-4.4882142543792725,50],"normals":[-0.018705480909410974,-0.9992208554416246,-0.03475323056142426,-0.010603080185328543,-0.9999141749750802,0.007695282612631913,-0.0024891084319083896,-0.9999188244707327,0.012495951675741617,0.023749485454783975,-0.999717102098712,-0.0012952652185657222,0.0130255165865752,-0.9994669679498266,0.029935194918908312,0.0023111384769224402,-0.9997516877596434,0.022163516433201268,0.0437415151993889,-0.9985258048364083,0.03213871378672078,0.01283266724712229,-0.9985562532151592,0.0521606347375847,-0.018067004339257037,-0.999330187251671,0.031823893566711954],"colors":[],"uvs":[],"faces":[0,1,3,1,4,3,3,4,6,4,7,6,1,2,4,2,5,4,4,5,7,5,8,7],"heightMap":[{"0":0.21775725483894348,"1":0.13080643117427826,"2":0.21127183735370636,"BYTES_PER_ELEMENT":4,"buffer":{"0":194,"1":251,"2":94,"3":62,"4":31,"5":242,"6":5,"7":62,"8":165,"9":87,"10":88,"11":62,"byteLength":12},"length":3,"byteOffset":0,"byteLength":12},{"0":0.17095708847045898,"1":0.1901969462633133,"2":0.32078707218170166,"BYTES_PER_ELEMENT":4,"buffer":{"0":96,"1":15,"2":47,"3":62,"4":253,"5":194,"6":66,"7":62,"8":52,"9":62,"10":164,"11":62,"byteLength":12},"length":3,"byteOffset":0,"byteLength":12},{"0":0.16473381221294403,"1":0.19597622752189636,"2":0.2755892872810364,"BYTES_PER_ELEMENT":4,"buffer":{"0":251,"1":175,"2":40,"3":62,"4":254,"5":173,"6":72,"7":62,"8":10,"9":26,"10":141,"11":62,"byteLength":12},"length":3,"byteOffset":0,"byteLength":12}],"roughness":0.10180820651030606}