{"vertices":[-50,-8.945435509085655,-50,-50,-8.309932202100754,0,-50,-5.64485490322113,50,0,-6.533992290496826,-50,0,-7.264274060726166,0,0,-6.58085823059082,50,50,-6.758300960063934,-50,50,-7.761808931827545,0,50,-6.705323755741119,50],"normals":[0.04816898973803617,-0.9987585311302611,0.012694286988253273,0.02184862450652379,-0.9996546705391266,-0.014600591648386814,-0.004485225007688278,-0.999788598529046,-0.020065916574045318,0.02089722590867454,-0.9992379479398367,0.03296709490243456,0.005479845108686416,-0.999984875760796,-0.00046855869457516225,-0.009950203422612913,-0.9999503552973501,0.0005295210591012387,-0.018690265355335245,-0.9984080616389311,0.053216693201846466,-0.010602404003377806,-0.999850399831837,0.01366627182024464,-0.0024887472872704153,-0.9997737462904341,0.021124922847924697],"colors":[],"uvs":[],"faces":[0,1,3,1,4,3,3,4,6,4,7,6,1,2,4,2,5,4,4,5,7,5,8,7],"heightMap":[{"0":0.05272822454571724,"1":0.08450338989496231,"2":0.21775725483894348,"BYTES_PER_ELEMENT":4,"buffer":{"0":141,"1":249,"2":87,"3":61,"4":29,"5":16,"6":173,"7":61,"8":194,"9":251,"10":94,"11":62,"byteLength":12},"length":3,"byteOffset":0,"byteLength":12},{"0":0.1733003854751587,"1":0.1367862969636917,"2":0.17095708847045898,"BYTES_PER_ELEMENT":4,"buffer":{"0":168,"1":117,"2":49,"3":62,"4":181,"5":17,"6":12,"7":62,"8":96,"9":15,"10":47,"11":62,"byteLength":12},"length":3,"byteOffset":0,"byteLength":12},{"0":0.16208495199680328,"1":0.11190955340862274,"2":0.16473381221294403,"BYTES_PER_ELEMENT":4,"buffer":{"0":153,"1":249,"2":37,"3":62,"4":214,"5":48,"6":229,"7":61,"8":251,"9":175,"10":40,"11":62,"byteLength":12},"length":3,"byteOffset":0,"byteLength":12}],"roughness":0.05569887800493213}