{"vertices":[-50,-9.456305615603924,-50,-50,-8.844080939888954,0,-50,-8.945435509085655,50,0,-10.167212281376123,-50,0,-7.372497618198395,0,0,-6.533992290496826,50,50,-11.1575448513031,-50,50,-6.113696396350861,0,50,-6.758300960063934,50],"normals":[-0.014215630995128929,-0.9998240050040642,0.012242338544713108,-0.016983297675283008,-0.9982975628233602,0.0557991367407407,-0.019702810790186914,-0.9947572860114916,0.10034810000203091,0.029418543995271187,-0.9995541387855318,0.0051061635218545565,0.027275581218125965,-0.998969338402478,0.036280898568376393,0.025143901818924373,-0.9987240790099025,0.04379495641215254,0.04817277255763756,-0.9988369658943941,-0.0020247338075193256,0.02184788419396629,-0.9996207514647767,0.016763746515685216,-0.004485755491429983,-0.9999068471332412,-0.012890890339000764],"colors":[],"uvs":[],"faces":[0,1,3,1,4,3,3,4,6,4,7,6,1,2,4,2,5,4,4,5,7,5,8,7],"heightMap":[{"0":0.02718471921980381,"1":0.05779595300555229,"2":0.05272822454571724,"BYTES_PER_ELEMENT":4,"buffer":{"0":125,"1":178,"2":222,"3":60,"4":115,"5":187,"6":108,"7":61,"8":141,"9":249,"10":87,"11":61,"byteLength":12},"length":3,"byteOffset":0,"byteLength":12},{"0":-0.008360614068806171,"1":0.13137511909008026,"2":0.1733003854751587,"BYTES_PER_ELEMENT":4,"buffer":{"0":245,"1":250,"2":8,"3":188,"4":51,"5":135,"6":6,"7":62,"8":168,"9":117,"10":49,"11":62,"byteLength":12},"length":3,"byteOffset":0,"byteLength":12},{"0":-0.05787724256515503,"1":0.19431518018245697,"2":0.16208495199680328,"BYTES_PER_ELEMENT":4,"buffer":{"0":176,"1":16,"2":109,"3":189,"4":143,"5":250,"6":70,"7":62,"8":153,"9":249,"10":37,"11":62,"byteLength":12},"length":3,"byteOffset":0,"byteLength":12}],"roughness":0.15615322503588389}