{"vertices":[-50,-10.150406397879124,-50,-50,-9.954188885167241,0,-50,-9.456305615603924,50,0,-10.438931062817574,-50,0,-10.713176429271698,0,0,-10.167212281376123,50,50,-10.930996760725975,-50,50,-11.391945630311966,0,50,-11.1575448513031,50],"normals":[-0.005770352794934242,-0.999975651330401,0.00392425470152992,-0.0078055160878046075,-0.9999544951886984,-0.005484657739409472,-0.009840419302971698,-0.9999090918956418,-0.009218139311961016,-0.015177636772763516,-0.9998607283253826,0.006939977999212681,-0.014376019358226093,-0.9998929690376932,0.002716714265200112,-0.013574098458734252,-0.999905301973842,-0.0022651568670869183,-0.014215991763560714,-0.9998493788294309,0.009956165556048979,-0.01700878463597893,-0.999795738742849,0.010917052571447322,-0.019802549913892867,-0.9997929238736952,0.0046870448040709075],"colors":[],"uvs":[],"faces":[0,1,3,1,4,3,3,4,6,4,7,6,1,2,4,2,5,4,4,5,7,5,8,7],"heightMap":[{"0":-0.007520319893956184,"1":0.002290555741637945,"2":0.02718471921980381,"BYTES_PER_ELEMENT":4,"buffer":{"0":4,"1":109,"2":246,"3":187,"4":38,"5":29,"6":22,"7":59,"8":125,"9":178,"10":222,"11":60,"byteLength":12},"length":3,"byteOffset":0,"byteLength":12},{"0":-0.021946553140878677,"1":-0.0356588214635849,"2":-0.008360614068806171,"BYTES_PER_ELEMENT":4,"buffer":{"0":66,"1":201,"2":179,"3":188,"4":252,"5":14,"6":18,"7":189,"8":245,"9":250,"10":8,"11":188,"byteLength":12},"length":3,"byteOffset":0,"byteLength":12},{"0":-0.04654983803629875,"1":-0.0695972815155983,"2":-0.05787724256515503,"BYTES_PER_ELEMENT":4,"buffer":{"0":11,"1":171,"2":62,"3":189,"4":5,"5":137,"6":142,"7":189,"8":176,"9":16,"10":109,"11":189,"byteLength":12},"length":3,"byteOffset":0,"byteLength":12}],"roughness":0.06557167290986995}