{"vertices":[-50,-8.296788483858109,-50,-50,-6.545084714889526,0,-50,-10.150406397879124,50,0,-9.310015067458153,-50,0,-6.551081538200378,0,0,-10.438931062817574,50,50,-7.028866410255432,-50,50,-11.098749861121178,0,50,-10.930996760725975,50],"normals":[-0.020247955000893134,-0.9991819859754936,0.035005417014375706,0.01264527040966889,-0.9984012914639584,0.055090455973483575,0.04542564041116437,-0.9956747068572895,-0.08104560023768172,-0.00011991598383409032,-0.9998292230578675,-0.01847999836736659,-0.045393819916284016,-0.9989060747703323,-0.0112274173492931,-0.09051140233906592,-0.9951407612872457,-0.03876275623916413,-0.005755454844624307,-0.997393904928735,-0.07191851743842466,-0.007782144561906229,-0.9969603747646607,-0.07752063838181934,-0.009840782039396099,-0.9999459504315996,0.0033548806682505697],"colors":[],"uvs":[],"faces":[0,1,3,1,4,3,3,4,6,4,7,6,1,2,4,2,5,4,4,5,7,5,8,7],"heightMap":[{"0":0.08516057580709457,"1":0.17274576425552368,"2":-0.007520319893956184,"BYTES_PER_ELEMENT":4,"buffer":{"0":171,"1":104,"2":174,"3":61,"4":68,"5":228,"6":48,"7":62,"8":4,"9":109,"10":246,"11":187,"byteLength":12},"length":3,"byteOffset":0,"byteLength":12},{"0":0.03449924662709236,"1":0.17244592308998108,"2":-0.021946553140878677,"BYTES_PER_ELEMENT":4,"buffer":{"0":21,"1":79,"2":13,"3":61,"4":170,"5":149,"6":48,"7":62,"8":66,"9":201,"10":179,"11":188,"byteLength":12},"length":3,"byteOffset":0,"byteLength":12},{"0":0.1485566794872284,"1":-0.054937493056058884,"2":-0.04654983803629875,"BYTES_PER_ELEMENT":4,"buffer":{"0":62,"1":31,"2":24,"3":62,"4":35,"5":6,"6":97,"7":189,"8":11,"9":171,"10":62,"11":189,"byteLength":12},"length":3,"byteOffset":0,"byteLength":12}],"roughness":0.13471099629444044}