{"vertices":[-50,-10.664838925004005,-50,-50,-9.493407681584358,0,-50,-8.296788483858109,50,0,-9.834259264171124,-50,0,-7.644643932580948,0,0,-9.310015067458153,50,50,-9.137869477272034,-50,50,-8.219291120767593,0,50,-7.028866410255432,50],"normals":[0.016604746453114813,-0.9995878322173241,0.023418968344029793,0.015253271501160723,-0.9989262674058403,0.04374528540479951,0.013924095915151652,-0.9997343569004207,0.01836668685005224,0.03693968343185898,-0.9990374230285396,0.023657708605204848,0.012732493059479225,-0.9999052390381793,0.0052341727609742615,-0.01148963022670888,-0.9997116894424833,0.021083794471327223,-0.020254574841101904,-0.9995086572411274,0.023920624950966377,0.01265745876248079,-0.9993657044544598,-0.03328629594769362,0.045562681209411086,-0.9986784742315465,0.023777030671636314],"colors":[],"uvs":[],"faces":[0,1,3,1,4,3,3,4,6,4,7,6,1,2,4,2,5,4,4,5,7,5,8,7],"heightMap":[{"0":-0.03324194625020027,"1":0.02532961592078209,"2":0.08516057580709457,"BYTES_PER_ELEMENT":4,"buffer":{"0":181,"1":40,"2":8,"3":189,"4":14,"5":128,"6":207,"7":60,"8":171,"9":104,"10":174,"11":61,"byteLength":12},"length":3,"byteOffset":0,"byteLength":12},{"0":0.008287036791443825,"1":0.1177678033709526,"2":0.03449924662709236,"BYTES_PER_ELEMENT":4,"buffer":{"0":90,"1":198,"2":7,"3":60,"4":63,"5":48,"6":241,"7":61,"8":21,"9":79,"10":13,"11":61,"byteLength":12},"length":3,"byteOffset":0,"byteLength":12},{"0":0.043106526136398315,"1":0.08903544396162033,"2":0.1485566794872284,"BYTES_PER_ELEMENT":4,"buffer":{"0":120,"1":144,"2":48,"3":61,"4":55,"5":88,"6":182,"7":61,"8":62,"9":31,"10":24,"11":62,"byteLength":12},"length":3,"byteOffset":0,"byteLength":12}],"roughness":0.14512867165729404}