{"vertices":[-50,-8.33177626132965,-50,-50,-9.037928581237793,0,-50,-12.377701550722122,50,0,-8.330495804548264,-50,0,-9.783610850572586,0,0,-10.490555875003338,50,50,-8.497470021247864,-50,50,-9.161211550235748,0,50,-9.159336760640144,50],"normals":[0.000025606581996630595,-0.9999002843690976,-0.014121638109680984,-0.0016562313466418318,-0.9995765876881415,-0.029049995584465783,-0.0033391715128812346,-0.9999063265224556,-0.013273587080213473,-0.014899816551427771,-0.9990727394336176,-0.040393771640446906,-0.0012323107518115658,-0.9997660554539219,-0.021594345841363615,0.012446749139929126,-0.9999006371948874,-0.006617716608146639,0.03763232106811349,-0.997069848722196,-0.06659973858900439,0.03216278996147365,-0.9993827560766327,-0.014130173338205342,0.02661495083280682,-0.9996457587501828,0.000037482509355889035],"colors":[],"uvs":[],"faces":[0,1,3,1,4,3,3,4,6,4,7,6,1,2,4,2,5,4,4,5,7,5,8,7],"heightMap":[{"0":0.08341118693351746,"1":0.04810357093811035,"2":-0.11888507753610611,"BYTES_PER_ELEMENT":4,"buffer":{"0":124,"1":211,"2":170,"3":61,"4":64,"5":8,"6":69,"7":61,"8":5,"9":122,"10":243,"11":189,"byteLength":12},"length":3,"byteOffset":0,"byteLength":12},{"0":0.08347520977258682,"1":0.010819457471370697,"2":-0.024527793750166893,"BYTES_PER_ELEMENT":4,"buffer":{"0":13,"1":245,"2":170,"3":61,"4":24,"5":68,"6":49,"7":60,"8":131,"9":238,"10":200,"11":188,"byteLength":12},"length":3,"byteOffset":0,"byteLength":12},{"0":0.07512649893760681,"1":0.041939422488212585,"2":0.04203316196799278,"BYTES_PER_ELEMENT":4,"buffer":{"0":236,"1":219,"2":153,"3":61,"4":172,"5":200,"6":43,"7":61,"8":247,"9":42,"10":44,"11":61,"byteLength":12},"length":3,"byteOffset":0,"byteLength":12}],"roughness":0.02}