{"vertices":[-50,-12.377701550722122,-50,-50,-12.949822545051575,0,-50,-13.430127501487732,50,0,-10.490555875003338,-50,0,-9.858700623735785,0,0,-11.839406341314316,50,50,-9.159336760640144,-50,50,-10.758108869194984,0,50,-11.093837693333626,50],"normals":[0.037713593983932925,-0.9992231778706856,-0.011433531161608244,0.03216343580944073,-0.999402825516227,0.012629558468681147,0.026601364951560805,-0.9991354790712244,-0.031947798732133034,0.06170122899497615,-0.9980393942001478,-0.010503616763370468,0.021875113967997302,-0.9996698990762557,-0.01347487550057028,-0.01798189316177533,-0.9996513403429249,-0.019335182153581057,0.03179686926660873,-0.9994482396632708,-0.009600798864233226,0.02333656727138861,-0.9989441619178584,-0.03957228826104791,0.014909379451065808,-0.999866309524053,-0.0067136788078470625],"colors":[],"uvs":[],"faces":[0,1,3,1,4,3,3,4,6,4,7,6,1,2,4,2,5,4,4,5,7,5,8,7],"heightMap":[{"0":-0.11888507753610611,"1":-0.14749112725257874,"2":-0.1715063750743866,"BYTES_PER_ELEMENT":4,"buffer":{"0":5,"1":122,"2":243,"3":189,"4":234,"5":7,"6":23,"7":190,"8":94,"9":159,"10":47,"11":190,"byteLength":12},"length":3,"byteOffset":0,"byteLength":12},{"0":-0.024527793750166893,"1":0.007064968813210726,"2":-0.09197031706571579,"BYTES_PER_ELEMENT":4,"buffer":{"0":131,"1":238,"2":200,"3":188,"4":65,"5":129,"6":231,"7":59,"8":239,"9":90,"10":188,"11":189,"byteLength":12},"length":3,"byteOffset":0,"byteLength":12},{"0":0.04203316196799278,"1":-0.03790544345974922,"2":-0.05469188466668129,"BYTES_PER_ELEMENT":4,"buffer":{"0":247,"1":42,"2":44,"3":61,"4":189,"5":66,"6":27,"7":189,"8":153,"9":4,"10":96,"11":189,"byteLength":12},"length":3,"byteOffset":0,"byteLength":12}],"roughness":0.10320984820835293}