{"vertices":[-50,-13.882811963558197,-50,-50,-15.092090368270874,0,-50,-15.63208520412445,50,0,-13.114837110042572,-50,0,-9.844313133507967,0,0,-17.864850163459778,50,50,-13.720823526382446,-50,50,-10.72652854025364,0,50,-13.329696357250214,50],"normals":[0.01535319698210092,-0.9995898245767593,-0.02417564776862416,0.0016161241922440315,-0.9978662717394463,0.06527091134198108,-0.012097168733713644,-0.998138605711651,0.05977442845087989,0.10436640831117924,-0.994386800756554,-0.017393771798250433,0.04340614915589358,-0.997960233071489,-0.04681110363317395,-0.017641428192729024,-0.9998367778343926,0.0038984228939464767,-0.0446082459429644,-0.9989463010079628,-0.010788516876786648,0.022626456503090045,-0.9871245039987658,-0.15834537274989832,0.090211069661734,-0.9945756364229188,-0.05178094576610057],"colors":[],"uvs":[],"faces":[0,1,3,1,4,3,3,4,6,4,7,6,1,2,4,2,5,4,4,5,7,5,8,7],"heightMap":[{"0":-0.19414059817790985,"1":-0.2546045184135437,"2":-0.28160426020622253,"BYTES_PER_ELEMENT":4,"buffer":{"0":203,"1":204,"2":70,"3":190,"4":134,"5":91,"6":130,"7":190,"8":111,"9":46,"10":144,"11":190,"byteLength":12},"length":3,"byteOffset":0,"byteLength":12},{"0":-0.1557418555021286,"1":0.00778434332460165,"2":-0.3932425081729889,"BYTES_PER_ELEMENT":4,"buffer":{"0":203,"1":122,"2":31,"3":190,"4":206,"5":19,"6":255,"7":59,"8":21,"9":87,"10":201,"11":190,"byteLength":12},"length":3,"byteOffset":0,"byteLength":12},{"0":-0.18604117631912231,"1":-0.03632642701268196,"2":-0.16648481786251068,"BYTES_PER_ELEMENT":4,"buffer":{"0":148,"1":129,"2":62,"3":190,"4":5,"5":203,"6":20,"7":189,"8":255,"9":122,"10":42,"11":190,"byteLength":12},"length":3,"byteOffset":0,"byteLength":12}],"roughness":0.24851386559887656}