{"vertices":[-50,-13.430127501487732,-50,-50,-11.787939071655273,0,-50,-10.511569418013096,50,0,-11.839406341314316,-50,0,-11.965799629688263,0,0,-10.76728992164135,50,50,-11.093837693333626,-50,50,-11.302034854888916,0,50,-11.647922992706299,50],"normals":[0.03178121534739231,-0.998956201221577,0.03280948631110918,0.02335478371741297,-0.999724045673826,-0.00252716819198442,0.014909586246191604,-0.9998801778060922,-0.0041634442982925466,-0.003555674678298587,-0.9995680654614503,0.029172584514162436,0.004858361663839875,-0.9999307522062391,0.010718540675307307,0.01327392215143336,-0.9998965488524159,-0.005540269284610588,-0.005112677666862654,-0.9996612696913536,0.02551874617110905,-0.011359096373523092,-0.9996483405460649,0.02396176481554891,-0.017609509061746503,-0.9998210174216677,-0.006916524597333235],"colors":[],"uvs":[],"faces":[0,1,3,1,4,3,3,4,6,4,7,6,1,2,4,2,5,4,4,5,7,5,8,7],"heightMap":[{"0":-0.1715063750743866,"1":-0.08939695358276367,"2":-0.025578470900654793,"BYTES_PER_ELEMENT":4,"buffer":{"0":94,"1":159,"2":47,"3":190,"4":192,"5":21,"6":183,"7":189,"8":241,"9":137,"10":209,"11":188,"byteLength":12},"length":3,"byteOffset":0,"byteLength":12},{"0":-0.09197031706571579,"1":-0.09828998148441315,"2":-0.03836449608206749,"BYTES_PER_ELEMENT":4,"buffer":{"0":239,"1":90,"2":188,"3":189,"4":66,"5":76,"6":201,"7":189,"8":23,"9":36,"10":29,"11":189,"byteLength":12},"length":3,"byteOffset":0,"byteLength":12},{"0":-0.05469188466668129,"1":-0.0651017427444458,"2":-0.08239614963531494,"BYTES_PER_ELEMENT":4,"buffer":{"0":153,"1":4,"2":96,"3":189,"4":16,"5":84,"6":133,"7":189,"8":80,"9":191,"10":168,"11":189,"byteLength":12},"length":3,"byteOffset":0,"byteLength":12}],"roughness":0.02}