{"vertices":[-50,-10.511569418013096,-50,-50,-11.530932486057281,0,-50,-13.076289892196655,50,0,-10.76728992164135,-50,0,-14.090062975883484,0,0,-10.174421407282352,50,50,-11.647922992706299,-50,50,-11.426236480474472,0,50,-10.773336291313171,50],"normals":[-0.005113280679684485,-0.9997791743593943,-0.020382759330833507,-0.011337356538566828,-0.9977349945737173,-0.0663049391048794,-0.017609757249997908,-0.9998351088894741,0.004432999161932726,-0.051098942395682925,-0.998365315852909,-0.025604573575124228,0.001044107969717972,-0.9999820629550575,0.0058977628550889345,0.053199052006952546,-0.9985457404721887,0.00873298633973619,0.05791231024157023,-0.9978451908250501,-0.03084054911644096,0.022925296032294394,-0.996685566289396,0.07805326868375036,-0.011976417584053517,-0.9998430414226637,0.013055954217529347],"colors":[],"uvs":[],"faces":[0,1,3,1,4,3,3,4,6,4,7,6,1,2,4,2,5,4,4,5,7,5,8,7],"heightMap":[{"0":-0.025578470900654793,"1":-0.07654662430286407,"2":-0.15381449460983276,"BYTES_PER_ELEMENT":4,"buffer":{"0":241,"1":137,"2":209,"3":188,"4":122,"5":196,"6":156,"7":189,"8":140,"9":129,"10":29,"11":190,"byteLength":12},"length":3,"byteOffset":0,"byteLength":12},{"0":-0.03836449608206749,"1":-0.2045031487941742,"2":-0.008721070364117622,"BYTES_PER_ELEMENT":4,"buffer":{"0":23,"1":36,"2":29,"3":189,"4":70,"5":105,"6":81,"7":190,"8":210,"9":226,"10":14,"11":188,"byteLength":12},"length":3,"byteOffset":0,"byteLength":12},{"0":-0.08239614963531494,"1":-0.0713118240237236,"2":-0.03866681456565857,"BYTES_PER_ELEMENT":4,"buffer":{"0":80,"1":191,"2":168,"3":189,"4":239,"5":11,"6":146,"7":189,"8":24,"9":97,"10":30,"11":189,"byteLength":12},"length":3,"byteOffset":0,"byteLength":12}],"roughness":0.1593252684175968}