{"vertices":[-50,-13.076289892196655,-50,-50,-13.83064329624176,0,-50,-14.617421925067902,50,0,-10.174421407282352,-50,0,-12.577273547649384,0,0,-13.502337038516998,50,50,-10.773336291313171,-50,50,-11.532304137945175,0,50,-12.488023489713669,50],"normals":[0.057933300374721976,-0.9982068566493434,-0.015060014805091925,0.02296885049843136,-0.9985837418809045,-0.047988981630285005,-0.011976059010577121,-0.9998131061609129,-0.015176520004348062,0.025056549298633365,-0.9995673394372909,-0.01540465083995056,0.022964523237426194,-0.9991833758140243,-0.03324473145278853,0.020891755768172544,-0.9996348014668781,-0.017140543666940188,0.022293395277460437,-0.9996277210077114,-0.015729714553420957,0.021285495679073473,-0.9996023723702337,-0.018493913201287154,0.020278395437887634,-0.9996117798984226,-0.019106966446093412],"colors":[],"uvs":[],"faces":[0,1,3,1,4,3,3,4,6,4,7,6,1,2,4,2,5,4,4,5,7,5,8,7],"heightMap":[{"0":-0.15381449460983276,"1":-0.191532164812088,"2":-0.23087109625339508,"BYTES_PER_ELEMENT":4,"buffer":{"0":140,"1":129,"2":29,"3":190,"4":2,"5":33,"6":68,"7":190,"8":121,"9":105,"10":108,"11":190,"byteLength":12},"length":3,"byteOffset":0,"byteLength":12},{"0":-0.008721070364117622,"1":-0.12886367738246918,"2":-0.17511685192584991,"BYTES_PER_ELEMENT":4,"buffer":{"0":210,"1":226,"2":14,"3":188,"4":215,"5":244,"6":3,"7":190,"8":213,"9":81,"10":51,"11":190,"byteLength":12},"length":3,"byteOffset":0,"byteLength":12},{"0":-0.03866681456565857,"1":-0.07661520689725876,"2":-0.12440117448568344,"BYTES_PER_ELEMENT":4,"buffer":{"0":24,"1":97,"2":30,"3":189,"4":111,"5":232,"6":156,"7":189,"8":11,"9":198,"10":254,"11":189,"byteLength":12},"length":3,"byteOffset":0,"byteLength":12}],"roughness":0.02}