{"vertices":[-50,-14.617421925067902,-50,-50,-15.339210033416748,0,-50,-15.017175674438477,50,0,-13.502337038516998,-50,0,-12.875010669231415,0,0,-11.341814398765564,50,50,-12.488023489713669,-50,50,-11.928590089082718,0,50,-16.267439126968384,50],"normals":[0.022293832105091733,-0.9996473081995281,-0.014430670792027072,0.02128746203168317,-0.9996947157552603,0.012542697128574613,0.020280829152148842,-0.999731748435966,0.011185666634925175,0.04922385061149909,-0.9987797928795534,-0.003992225751791754,0.034070611633740026,-0.9991862905860783,0.021585877970008324,0.018911589043949194,-0.9991112535284207,-0.03767034473827878,0.07330792314129413,-0.9972886696406784,0.006423224348880581,-0.0124041376430185,-0.9994532949939847,0.030647161287791665,-0.0976743834892135,-0.9914923373065342,-0.08603871147586932],"colors":[],"uvs":[],"faces":[0,1,3,1,4,3,3,4,6,4,7,6,1,2,4,2,5,4,4,5,7,5,8,7],"heightMap":[{"0":-0.23087109625339508,"1":-0.2669605016708374,"2":-0.25085878372192383,"BYTES_PER_ELEMENT":4,"buffer":{"0":121,"1":105,"2":108,"3":190,"4":12,"5":175,"6":136,"7":190,"8":144,"9":112,"10":128,"11":190,"byteLength":12},"length":3,"byteOffset":0,"byteLength":12},{"0":-0.17511685192584991,"1":-0.14375053346157074,"2":-0.0670907199382782,"BYTES_PER_ELEMENT":4,"buffer":{"0":213,"1":81,"2":51,"3":190,"4":87,"5":51,"6":19,"7":190,"8":220,"9":102,"10":137,"11":189,"byteLength":12},"length":3,"byteOffset":0,"byteLength":12},{"0":-0.12440117448568344,"1":-0.0964295044541359,"2":-0.3133719563484192,"BYTES_PER_ELEMENT":4,"buffer":{"0":11,"1":198,"2":254,"3":189,"4":213,"5":124,"6":197,"7":189,"8":74,"9":114,"10":160,"11":190,"byteLength":12},"length":3,"byteOffset":0,"byteLength":12}],"roughness":0.24111506701929114}