{"vertices":[-50,-15.017175674438477,-50,-50,-15.24698555469513,0,-50,-14.519512057304382,50,0,-11.341814398765564,-50,0,-17.263956665992737,0,0,-16.621334552764893,50,50,-16.267439126968384,-50,50,-14.21228677034378,0,50,-16.760494709014893,50],"normals":[0.07330866529181887,-0.9972987659342003,-0.004583782199588924,-0.012325004146672076,-0.9929831670965816,-0.11761175169015536,-0.09795601141574896,-0.9943511414387584,0.04087086183280456,-0.04030614245937305,-0.9991750063649227,0.004972075592897541,0.010305881784870083,-0.9985680278678202,-0.05249459515806025,0.06091930288136602,-0.9981306131476446,-0.004910970775244052,-0.041994921712738977,-0.9990120907792897,0.014535096392297046,-0.022393736172771343,-0.9996666671511366,0.012848158123361987,-0.002779584943060176,-0.9986999935767088,-0.05089790503965916],"colors":[],"uvs":[],"faces":[0,1,3,1,4,3,3,4,6,4,7,6,1,2,4,2,5,4,4,5,7,5,8,7],"heightMap":[{"0":-0.25085878372192383,"1":-0.26234927773475647,"2":-0.22597560286521912,"BYTES_PER_ELEMENT":4,"buffer":{"0":144,"1":112,"2":128,"3":190,"4":165,"5":82,"6":134,"7":190,"8":38,"9":102,"10":103,"11":190,"byteLength":12},"length":3,"byteOffset":0,"byteLength":12},{"0":-0.0670907199382782,"1":-0.36319783329963684,"2":-0.33106672763824463,"BYTES_PER_ELEMENT":4,"buffer":{"0":220,"1":102,"2":137,"3":189,"4":17,"5":245,"6":185,"7":190,"8":148,"9":129,"10":169,"11":190,"byteLength":12},"length":3,"byteOffset":0,"byteLength":12},{"0":-0.3133719563484192,"1":-0.21061433851718903,"2":-0.33802473545074463,"BYTES_PER_ELEMENT":4,"buffer":{"0":74,"1":114,"2":160,"3":190,"4":73,"5":171,"6":87,"7":190,"8":148,"9":17,"10":173,"11":190,"byteLength":12},"length":3,"byteOffset":0,"byteLength":12}],"roughness":0.11533391644888241}