{"vertices":[-50,-14.519512057304382,-50,-50,-13.2025346159935,0,-50,-13.830458223819733,50,0,-16.621334552764893,-50,0,-16.507874727249146,0,0,-15.154501795768738,50,50,-16.760494709014893,-50,50,-16.876394152641296,0,50,-13.963461816310883,50],"normals":[-0.04198482279143085,-0.9987718487671804,0.026307199876854818,-0.022395525717621528,-0.9997466147900613,0.002268621529480783,-0.002783184868352323,-0.9999934404185187,-0.002317973667491194,-0.06596126906952193,-0.9977985146657767,0.00687278062416664,-0.03667834645298904,-0.9992196658436626,0.01465463383213047,-0.007367312450975505,-0.9995826465776888,0.02793305153385479,-0.026469505864552472,-0.9995708005888772,-0.012553082067670475,-0.0013287079185304172,-0.9996329950988171,0.027057524739628525,0.023773756261041785,-0.9980251154903829,0.058143592627636645],"colors":[],"uvs":[],"faces":[0,1,3,1,4,3,3,4,6,4,7,6,1,2,4,2,5,4,4,5,7,5,8,7],"heightMap":[{"0":-0.22597560286521912,"1":-0.160126730799675,"2":-0.19152291119098663,"BYTES_PER_ELEMENT":4,"buffer":{"0":38,"1":102,"2":103,"3":190,"4":67,"5":248,"6":35,"7":190,"8":149,"9":30,"10":68,"11":190,"byteLength":12},"length":3,"byteOffset":0,"byteLength":12},{"0":-0.33106672763824463,"1":-0.3253937363624573,"2":-0.2577250897884369,"BYTES_PER_ELEMENT":4,"buffer":{"0":148,"1":129,"2":169,"3":190,"4":2,"5":154,"6":166,"7":190,"8":139,"9":244,"10":131,"11":190,"byteLength":12},"length":3,"byteOffset":0,"byteLength":12},{"0":-0.33802473545074463,"1":-0.3438197076320648,"2":-0.19817309081554413,"BYTES_PER_ELEMENT":4,"buffer":{"0":148,"1":17,"2":173,"3":190,"4":35,"5":9,"6":176,"7":190,"8":227,"9":237,"10":74,"11":190,"byteLength":12},"length":3,"byteOffset":0,"byteLength":12}],"roughness":0.14068853853639554}