{"vertices":[-50,-13.830458223819733,-50,-50,-12.707665860652924,0,-50,-14.61631327867508,50,0,-15.154501795768738,-50,0,-13.870682418346405,0,0,-14.603818356990814,50,50,-13.963461816310883,-50,50,-13.810516893863678,0,50,-14.366556406021118,50],"normals":[-0.02646492448876674,-0.9993977936016906,0.02244232420843474,-0.0013287565678340265,-0.9996696419574478,0.025667905147316337,0.023813932791557718,-0.9997117310200404,0.0030580166634084148,-0.02325332497633122,-0.9996987928722054,-0.007848974926724324,-0.011026024090514713,-0.9999240625268964,0.005504177728124475,0.0012032998435979499,-0.9999911526936043,-0.004030707630556272,0.0002497165518933591,-0.9992721771430841,-0.03814516521611052,0.002497279886403523,-0.9998894017964781,-0.014661097102533157,0.004744892205907067,-0.9999269133787706,-0.011119977462164532],"colors":[],"uvs":[],"faces":[0,1,3,1,4,3,3,4,6,4,7,6,1,2,4,2,5,4,4,5,7,5,8,7],"heightMap":[{"0":-0.19152291119098663,"1":-0.13538329303264618,"2":-0.23081566393375397,"BYTES_PER_ELEMENT":4,"buffer":{"0":149,"1":30,"2":68,"3":190,"4":235,"5":161,"6":10,"7":190,"8":241,"9":90,"10":108,"11":190,"byteLength":12},"length":3,"byteOffset":0,"byteLength":12},{"0":-0.2577250897884369,"1":-0.19353412091732025,"2":-0.2301909178495407,"BYTES_PER_ELEMENT":4,"buffer":{"0":139,"1":244,"2":131,"3":190,"4":207,"5":45,"6":70,"7":190,"8":43,"9":183,"10":107,"11":190,"byteLength":12},"length":3,"byteOffset":0,"byteLength":12},{"0":-0.19817309081554413,"1":-0.1905258446931839,"2":-0.2183278203010559,"BYTES_PER_ELEMENT":4,"buffer":{"0":227,"1":237,"2":74,"3":190,"4":53,"5":25,"6":67,"7":190,"8":84,"9":145,"10":95,"11":190,"byteLength":12},"length":3,"byteOffset":0,"byteLength":12}],"roughness":0.027374943154294923}