{"vertices":[-50,-14.61631327867508,-50,-50,-11.63297951221466,0,-50,-13.882811963558197,50,0,-14.603818356990814,-50,0,-15.044848322868347,0,0,-13.114837110042572,50,50,-14.366556406021118,-50,50,-14.850302636623383,0,50,-13.720823526382446,50],"normals":[0.0002494547769287549,-0.9982246517114768,0.05956074619928079,0.0024974511682512683,-0.9999579822689616,-0.008820228695980937,0.004744963531345703,-0.9999419443262834,-0.009674362927778778,-0.0680772477303884,-0.9976533610819776,0.007297908144700646,-0.03211139025554829,-0.9993736427753261,0.014872146510527708,0.0038908031992336356,-0.999971593904807,0.00645546543205669,0.015342165513631338,-0.9988716064984534,-0.04494587510051744,0.0016183717474456598,-0.9992545342335873,0.03857144911075641,-0.012115747884994237,-0.9996715733475273,0.022582163183954444],"colors":[],"uvs":[],"faces":[0,1,3,1,4,3,3,4,6,4,7,6,1,2,4,2,5,4,4,5,7,5,8,7],"heightMap":[{"0":-0.23081566393375397,"1":-0.08164897561073303,"2":-0.19414059817790985,"BYTES_PER_ELEMENT":4,"buffer":{"0":241,"1":90,"2":108,"3":190,"4":148,"5":55,"6":167,"7":189,"8":203,"9":204,"10":70,"11":190,"byteLength":12},"length":3,"byteOffset":0,"byteLength":12},{"0":-0.2301909178495407,"1":-0.25224241614341736,"2":-0.1557418555021286,"BYTES_PER_ELEMENT":4,"buffer":{"0":43,"1":183,"2":107,"3":190,"4":235,"5":37,"6":129,"7":190,"8":203,"9":122,"10":31,"11":190,"byteLength":12},"length":3,"byteOffset":0,"byteLength":12},{"0":-0.2183278203010559,"1":-0.24251513183116913,"2":-0.18604117631912231,"BYTES_PER_ELEMENT":4,"buffer":{"0":84,"1":145,"2":95,"3":190,"4":227,"5":85,"6":120,"7":190,"8":148,"9":129,"10":62,"11":190,"byteLength":12},"length":3,"byteOffset":0,"byteLength":12}],"roughness":0.046563042649201025}