{

	"metadata" :
	{
		"formatVersion" : 3.1,
		"generatedBy"   : "Blender 2.7 Exporter",
		"vertices"      : 8,
		"faces"         : 12,
		"normals"       : 8,
		"colors"        : 0,
		"uvs"           : [],
		"materials"     : 1,
		"morphTargets"  : 0,
		"bones"         : 0
	},

	"scale" : 1.000000,

	"materials" : [	{
		"DbgColor" : 15658734,
		"DbgIndex" : 0,
		"DbgName" : "Material",
		"blending" : "NormalBlending",
		"colorAmbient" : [0.6400000190734865, 0.6400000190734865, 0.6400000190734865],
		"colorDiffuse" : [0.6400000190734865, 0.6400000190734865, 0.6400000190734865],
		"colorEmissive" : [0.0, 0.0, 0.0],
		"colorSpecular" : [0.5, 0.5, 0.5],
		"depthTest" : true,
		"depthWrite" : true,
		"shading" : "Lambert",
		"specularCoef" : 50,
		"transparency" : 1.0,
		"transparent" : false,
		"vertexColors" : false
	}],

	"vertices" : [1,-1,-1,1,-1,1,-1,-1,1,-1,-1,-1,1,1,-1,0.999999,1,1,-1,1,1,-1,1,-1],

	"morphTargets" : [],

	"normals" : [0.57735,-0.57735,0.57735,-0.57735,-0.57735,0.57735,-0.57735,-0.57735,-0.57735,-0.57735,0.57735,-0.57735,-0.57735,0.57735,0.57735,0.57735,0.57735,0.57735,0.57735,-0.57735,-0.57735,0.57735,0.57735,-0.57735],

	"colors" : [],

	"uvs" : [],

	"faces" : [1,2,3,7,6,5,0,4,5,1,5,6,6,7,3,0,3,7,0,1,3,4,7,5,1,0,5,2,1,6,2,6,3,4,0,7],

	"bones" : [],

	"skinIndices" : [],

	"skinWeights" : [],

  "animations" : []


}
