{

	"metadata" :
	{
		"formatVersion" : 3.1,
		"generatedBy"   : "Blender 2.7 Exporter",
		"vertices"      : 8,
		"faces"         : 12,
		"normals"       : 8,
		"colors"        : 0,
		"uvs"           : [],
		"materials"     : 0,
		"morphTargets"  : 0,
		"bones"         : 0
	},

	"scale" : 1.000000,

	"materials" : [],

	"vertices" : [1,1,-1,1,-1,-1,-1,-1,-1,-1,1,-1,1,0.999999,1,0.999999,-1,1,-1,-1,1,-1,1,1],

	"morphTargets" : [],

	"normals" : [0.577349,-0.577349,-0.577349,-0.577349,-0.577349,-0.577349,-0.577349,0.577349,-0.577349,-0.577349,0.577349,0.577349,-0.577349,-0.577349,0.577349,0.577349,-0.577349,0.577349,0.577349,0.577349,-0.577349,0.577349,0.577349,0.577349],

	"colors" : [],

	"uvs" : [[]],

	"faces" : [1,2,3,7,6,5,0,4,5,1,5,6,6,7,3,0,3,7,0,1,3,4,7,5,1,0,5,2,1,6,2,6,3,4,0,7],

	"bones" : [],

	"skinIndices" : [],

	"skinWeights" : [],

  "animations" : []


}
