{

	"metadata" :
	{
		"formatVersion" : 3.1,
		"generatedBy"   : "Blender 2.7 Exporter",
		"vertices"      : 88,
		"faces"         : 172,
		"normals"       : 88,
		"colors"        : 0,
		"uvs"           : [],
		"materials"     : 1,
		"morphTargets"  : 0,
		"bones"         : 0
	},

	"scale" : 1.000000,

	"materials" : [	{
		"DbgColor" : 15658734,
		"DbgIndex" : 0,
		"DbgName" : "Material",
		"blending" : "NormalBlending",
		"colorAmbient" : [0.6400000190734865, 0.6400000190734865, 0.6400000190734865],
		"colorDiffuse" : [0.6400000190734865, 0.6400000190734865, 0.6400000190734865],
		"colorEmissive" : [0.0, 0.0, 0.0],
		"colorSpecular" : [0.5, 0.5, 0.5],
		"depthTest" : true,
		"depthWrite" : true,
		"shading" : "Lambert",
		"specularCoef" : 50,
		"transparency" : 1.0,
		"transparent" : false,
		"vertexColors" : false
	}],

	"vertices" : [0.886317,-1,-0.886317,1,-0.886317,-0.886317,0.886317,-0.886317,-1,1,-0.886317,0.886317,0.886317,-1,0.886317,-1,-0.886317,0.886317,-0.886317,-0.886317,1,-0.886316,-1,-0.886317,-1,0.886317,-0.886317,1,0.886317,-0.886316,-1,0.886317,0.886316,-0.886317,0.886317,-1,-0.886317,-1,0.886317,0.886317,0.886317,-1,0.776028,1.07754,-0.916865,0.916866,1.07754,-0.776027,-0.886317,0.886317,1,-0.776028,1.07754,0.916865,-0.916866,1.07754,0.776027,-0.916865,1.07754,-0.776028,-0.776028,1.07754,-0.916865,0.333321,1.62182,-0.192483,0.192483,1.62182,-0.333321,0.181435,1.79616,-0.309801,0.309801,1.79616,-0.181435,-0.309801,1.79616,0.181435,-0.333321,1.62182,0.192483,-0.192484,1.62182,0.333321,-0.181435,1.79616,0.309801,0.464868,2.34622,-0.578551,0.578552,2.34622,-0.464868,0.518937,2.13574,-0.390571,0.390571,2.13574,-0.518937,0.390571,2.13574,0.518937,0.518936,2.13574,0.390571,0.578551,2.34622,0.464869,0.464868,2.34622,0.578552,-0.390571,2.13574,0.518937,-0.464868,2.34622,0.578551,-0.578552,2.34622,0.464868,-0.518937,2.13574,0.390571,-0.464868,2.34622,-0.578551,-0.390571,2.13574,-0.518937,-0.518937,2.13574,-0.390571,-0.578551,2.34622,-0.464868,0.362799,3.26478,-0.500626,0.500626,3.26478,-0.362799,0.578552,3.06833,-0.464868,0.464868,3.06833,-0.578551,0.578551,3.06833,0.464869,0.500626,3.26478,0.3628,0.362799,3.26478,0.500626,0.464868,3.06833,0.578552,-0.464868,3.06833,0.578551,-0.3628,3.26478,0.500626,-0.500626,3.26478,0.362799,-0.578552,3.06833,0.464868,-0.500626,3.26478,-0.362799,-0.362799,3.26478,-0.500626,-0.464868,3.06833,-0.578551,-0.578551,3.06833,-0.464868,0.0740592,3.59713,-0.0740592,0.265668,3.51436,-0.127841,0.127841,3.51436,-0.265668,0.127841,3.51436,0.265668,0.265668,3.51436,0.127841,0.0740591,3.59713,0.0740593,-0.265668,3.51436,0.127841,-0.127841,3.51436,0.265668,-0.0740594,3.59713,0.0740592,-0.0740594,3.59713,-0.0740593,-0.127841,3.51436,-0.265668,-0.265668,3.51436,-0.127841,0.886317,-0.886317,1,-1,-0.886317,-0.886317,-0.886316,-0.886317,-1,0.776027,1.07754,0.916866,0.886316,0.886317,1,0.999999,0.886317,0.886317,0.916865,1.07754,0.776028,0.181435,1.79616,0.309801,0.192483,1.62182,0.333321,0.333321,1.62182,0.192484,0.309801,1.79616,0.181436,-0.309801,1.79616,-0.181435,-0.181435,1.79616,-0.309801,-0.192483,1.62182,-0.333321,-0.333321,1.62182,-0.192483],

	"morphTargets" : [],

	"normals" : [0.248976,0.843857,0.475306,0.392358,0.265275,0.88073,-0.392358,0.265275,0.88073,-0.260761,0.654495,0.709676,-0.709676,0.654495,0.260761,-0.248976,0.843857,-0.475306,0.341569,0.875592,0.341569,-0.341569,0.875592,0.341569,-0.276446,0.618356,-0.735672,-0.169075,0.834782,-0.523978,0.169075,0.834782,-0.523978,0.16984,0.970726,-0.16984,-0.16984,0.970726,-0.16984,-0.16984,0.970726,0.16984,-0.90061,-0.183357,0.394059,-0.885801,0.246376,0.393262,-0.885801,0.246376,-0.393262,0.90061,-0.183357,0.394059,0.90061,-0.183357,-0.394059,0.885801,0.246376,-0.393262,-0.394059,-0.183357,0.90061,0.394059,-0.183357,0.90061,0.393262,0.246376,0.885801,-0.392358,0.265275,-0.88073,-0.260761,0.654495,-0.709676,0.260755,0.654513,-0.709661,-0.735672,0.618356,-0.276446,-0.735672,0.618356,0.276446,-0.523978,0.834782,0.169075,0.735672,0.618356,-0.276446,0.523978,0.834782,-0.169075,0.523978,0.834782,0.169075,0.276446,0.618356,0.735672,0.169075,0.834782,0.523978,-0.169075,0.834782,0.523978,-0.280318,0.557554,-0.78138,0.280318,0.557554,-0.78138,0.260755,0.654513,0.709661,0.280318,0.557554,0.78138,-0.280318,0.557554,0.78138,-0.709676,0.654495,-0.260761,-0.78138,0.557554,0.280318,-0.332569,-0.280748,0.900321,0.332569,-0.280748,0.900321,0.323114,-0.487006,0.811433,0.900321,-0.280748,0.332569,0.900321,-0.280748,-0.332569,0.811433,-0.487006,-0.323114,0.709661,0.654513,-0.260755,0.78138,0.557554,-0.280318,0.78138,0.557554,0.280318,-0.394059,-0.183357,-0.90061,-0.393262,0.246376,-0.885801,0.393273,0.246383,-0.885794,-0.900321,-0.280748,0.332569,-0.811421,-0.487029,0.323109,-0.811433,-0.487006,-0.323114,0.332569,-0.280748,-0.900321,-0.332569,-0.280748,-0.900321,-0.323109,-0.487029,-0.811421,0.475306,0.843857,-0.248976,0.248976,0.843857,-0.475306,0.475306,0.843857,0.248976,-0.341569,0.875592,-0.341569,-0.475306,0.843857,-0.248976,-0.475306,0.843857,0.248976,0.341569,0.875592,-0.341569,0.394059,-0.183357,-0.90061,0.811421,-0.487029,0.323109,-0.90061,-0.183357,-0.394059,0.276446,0.618356,-0.735672,0.735672,0.618356,0.276446,-0.393273,0.246383,0.885794,-0.276446,0.618356,0.735672,0.16984,0.970726,0.16984,-0.523978,0.834782,-0.169075,0.88073,0.265275,0.392358,0.709676,0.654495,0.260761,-0.78138,0.557554,-0.280318,0.88073,0.265275,-0.392358,0.392358,0.265275,-0.88073,-0.248976,0.843857,0.475306,-0.88073,0.265275,0.392358,-0.88073,0.265275,-0.392358,-0.323114,-0.487006,0.811433,0.323114,-0.487006,-0.811433,0.885794,0.246383,0.393273,-0.900321,-0.280748,-0.332569],

	"colors" : [],

	"uvs" : [],

	"faces" : [73,77,16,16,17,18,75,7,0,58,71,63,61,70,69,39,56,60,35,30,47,38,36,52,11,20,14,57,55,67,46,62,65,51,64,68,20,86,22,76,81,27,19,18,26,28,80,33,83,24,31,15,21,82,41,59,48,25,40,43,23,85,42,0,1,2,73,3,4,7,75,74,7,74,5,7,12,4,21,22,23,26,27,28,29,30,31,34,35,36,38,39,40,42,43,44,45,46,47,50,51,52,53,54,55,58,59,60,61,62,63,64,65,66,67,68,69,70,71,72,77,78,79,80,81,82,85,86,87,4,3,1,1,9,78,13,14,15,12,6,73,10,8,74,5,6,12,2,75,11,6,16,10,20,11,8,27,26,18,15,14,22,35,34,31,42,41,29,38,37,33,44,43,40,37,40,25,24,23,32,46,50,49,59,58,45,54,53,52,57,60,56,41,44,60,38,53,56,49,52,36,30,29,48,66,65,62,63,71,70,69,68,64,70,72,67,58,57,72,68,67,55,50,65,64,46,45,63,79,82,81,17,16,77,83,82,21,86,85,23,28,27,81,84,87,26,86,20,19,85,84,43,83,34,33,19,8,10,78,77,73,13,9,1,8,11,75,79,78,9,6,73,16,10,16,18,2,75,0,45,58,63,66,61,69,44,39,60,49,35,47,53,38,52,13,11,14,72,57,67,50,46,65,54,51,68,14,20,22,17,76,27,87,19,26,37,28,33,34,83,31,79,15,82,29,41,48,84,25,43,32,23,42,12,7,5,0,7,4,24,21,23,25,26,28,32,29,31,33,34,36,37,38,40,41,42,44,48,45,47,49,50,52,56,53,55,57,58,60,76,77,79,83,80,82,84,85,87,0,4,1,3,1,78,9,13,15,4,12,73,5,10,74,13,2,11,5,6,10,19,20,8,17,27,18,21,15,22,30,35,31,32,42,29,36,38,33,39,44,40,28,37,25,31,24,32,47,46,49,48,59,45,51,54,52,55,57,56,59,41,60,39,38,56,35,49,36,47,30,48,61,66,62,61,63,70,66,69,64,69,70,67,71,58,72,54,68,55,51,50,64,62,46,63,76,79,81,76,17,77,24,83,21,22,86,23,80,28,81,25,84,26,87,86,19,42,85,43,80,83,33,18,19,10,3,78,73,2,13,1,74,8,75,15,79,9],

	"bones" : [],

	"skinIndices" : [],

	"skinWeights" : [],

  "animations" : []


}
