{

    "metadata" :
    {
        "formatVersion" : 3.1,
        "generatedBy"   : "Blender 2.7 Exporter",
        "vertices"      : 162,
        "faces"         : 320,
        "normals"       : 162,
        "colors"        : 0,
        "uvs"           : [],
        "materials"     : 0,
        "morphTargets"  : 0,
        "bones"         : 0
    },

    "scale" : 1.000000,

    "materials" : [],

    "vertices" : [0,0,-1,0.723607,-0.525725,-0.44722,-0.276388,-0.850649,-0.44722,-0.894426,0,-0.447216,-0.276388,0.850649,-0.44722,0.723607,0.525725,-0.44722,0.276388,-0.850649,0.44722,-0.723607,-0.525725,0.44722,-0.723607,0.525725,0.44722,0.276388,0.850649,0.44722,0.894426,0,0.447216,0,0,1,-0.232822,-0.716563,-0.657519,-0.162456,-0.499995,-0.850654,-0.0776066,-0.238853,-0.96795,0.203181,-0.147618,-0.96795,0.425323,-0.309011,-0.850654,0.609547,-0.442856,-0.657519,0.531941,-0.681712,-0.502302,0.262869,-0.809012,-0.525738,-0.0296393,-0.864184,-0.502302,0.812729,0.295238,-0.502301,0.850648,0,-0.525736,0.812729,-0.295238,-0.502301,0.203181,0.147618,-0.96795,0.425323,0.309011,-0.850654,0.609547,0.442856,-0.657519,-0.753442,0,-0.657515,-0.52573,0,-0.850652,-0.251147,0,-0.967949,-0.483971,-0.716565,-0.502302,-0.688189,-0.499997,-0.525736,-0.831051,-0.238853,-0.502299,-0.232822,0.716563,-0.657519,-0.162456,0.499995,-0.850654,-0.0776066,0.238853,-0.96795,-0.831051,0.238853,-0.502299,-0.688189,0.499997,-0.525736,-0.483971,0.716565,-0.502302,-0.0296393,0.864184,-0.502302,0.262869,0.809012,-0.525738,0.531941,0.681712,-0.502302,0.956626,-0.147618,0.251149,0.951058,-0.309013,-1.75175e-08,0.860698,-0.442858,-0.251151,0.860698,0.442858,-0.251151,0.951058,0.309013,1.75175e-08,0.956626,0.147618,0.251149,0.155215,-0.955422,0.251152,0,-1,-1.75176e-08,-0.155215,-0.955422,-0.251152,0.687159,-0.681715,-0.251152,0.587786,-0.809017,1.75176e-08,0.436007,-0.864188,0.251152,-0.860698,-0.442858,0.251151,-0.951058,-0.309013,-1.75175e-08,-0.956626,-0.147618,-0.251149,-0.436007,-0.864188,-0.251152,-0.587786,-0.809017,1.75176e-08,-0.687159,-0.681715,0.251152,-0.687159,0.681715,0.251152,-0.587786,0.809017,-1.75176e-08,-0.436007,0.864188,-0.251152,-0.956626,0.147618,-0.251149,-0.951058,0.309013,1.75175e-08,-0.860698,0.442858,0.251151,0.436007,0.864188,0.251152,0.587786,0.809017,-1.75176e-08,0.687159,0.681715,-0.251152,-0.155215,0.955422,-0.251152,0,1,1.75176e-08,0.155215,0.955422,0.251152,0.831051,-0.238853,0.502299,0.688189,-0.499997,0.525736,0.483971,-0.716565,0.502302,0.0296393,-0.864184,0.502302,-0.262869,-0.809012,0.525738,-0.531941,-0.681712,0.502302,-0.812729,-0.295238,0.502301,-0.850648,0,0.525736,-0.812729,0.295238,0.502301,-0.531941,0.681712,0.502302,-0.262869,0.809012,0.525738,0.0296393,0.864184,0.502302,0.483971,0.716565,0.502302,0.688189,0.499997,0.525736,0.831051,0.238853,0.502299,0.0776066,-0.238853,0.96795,0.162456,-0.499995,0.850654,0.232822,-0.716563,0.657519,0.753442,0,0.657515,0.52573,0,0.850652,0.251147,0,0.967949,-0.203181,-0.147618,0.96795,-0.425323,-0.309011,0.850654,-0.609547,-0.442856,0.657519,-0.203181,0.147618,0.96795,-0.425323,0.309011,0.850654,-0.609547,0.442856,0.657519,0.0776066,0.238853,0.96795,0.162456,0.499995,0.850654,0.232822,0.716563,0.657519,0.0527904,-0.688185,-0.723612,0.138199,-0.425321,-0.894429,0.361805,-0.587779,-0.723611,0.670817,0.162457,-0.723611,0.670818,-0.162458,-0.72361,0.447211,-7.37956e-07,-0.894428,-0.638195,-0.262864,-0.723609,-0.361801,-0.262864,-0.894428,-0.447211,-0.525729,-0.72361,-0.447211,0.525727,-0.723612,-0.361801,0.262863,-0.894429,-0.638195,0.262863,-0.723609,0.361803,0.587779,-0.723612,0.138197,0.425321,-0.894429,0.0527891,0.688186,-0.723611,1,0,0,0.947213,-0.162458,-0.276396,0.947213,0.162458,-0.276396,0.309017,-0.951056,2.80166e-14,0.138199,-0.951055,-0.276398,0.447216,-0.850648,-0.276398,-0.809018,-0.587783,8.03143e-14,-0.861803,-0.425324,-0.276396,-0.670819,-0.688191,-0.276397,-0.809018,0.587783,-7.84465e-14,-0.670819,0.688191,-0.276397,-0.861803,0.425324,-0.276396,0.309017,0.951056,-2.61488e-14,0.447216,0.850648,-0.276398,0.138199,0.951055,-0.276398,0.67082,-0.68819,0.276396,0.809019,-0.587783,-1.90229e-06,0.861804,-0.425323,0.276394,-0.447216,-0.850648,0.276397,-0.309017,-0.951056,-7.87155e-07,-0.138199,-0.951055,0.276397,-0.947213,0.162458,0.276396,-1,-3.60779e-07,6.23164e-07,-0.947213,-0.162458,0.276397,-0.138199,0.951055,0.276397,-0.309016,0.951057,-4.91972e-07,-0.447215,0.850649,0.276397,0.861804,0.425322,0.276396,0.809019,0.587782,0,0.670821,0.688189,0.276397,0.3618,-0.262863,0.894429,0.447209,-0.525728,0.723612,0.638194,-0.262864,0.72361,-0.138197,-0.425319,0.89443,-0.361804,-0.587778,0.723612,-0.0527896,-0.688185,0.723612,-0.44721,0,0.894429,-0.670817,0.162457,0.723611,-0.670817,-0.162457,0.723611,-0.138197,0.425319,0.89443,-0.0527896,0.688185,0.723612,-0.361804,0.587778,0.723612,0.3618,0.262863,0.894429,0.638194,0.262864,0.72361,0.447209,0.525728,0.723612],

    "morphTargets" : [],