{

	"metadata" :
	{
		"formatVersion" : 3.1,
		"generatedBy"   : "Blender 2.7 Exporter",
		"vertices"      : 42,
		"faces"         : 80,
		"normals"       : 42,
		"colors"        : 0,
		"uvs"           : [],
		"materials"     : 1,
		"morphTargets"  : 0,
		"bones"         : 0
	},

	"scale" : 1.000000,

	"materials" : [	{
		"DbgColor" : 15658734,
		"DbgIndex" : 0,
		"DbgName" : "default",
		"vertexColors" : false
	}],

	"vertices" : [0,-1,4.37114e-08,0.723607,-0.447219,0.525725,-0.276388,-0.44722,0.850649,-0.894426,-0.447216,1.95484e-08,-0.276388,-0.44722,-0.850649,0.723607,-0.44722,-0.525725,0.276388,0.44722,0.850649,-0.723607,0.44722,0.525725,-0.723607,0.447219,-0.525725,0.276388,0.44722,-0.850649,0.894426,0.447216,-1.95484e-08,0,1,-4.37114e-08,-0.162456,-0.850654,0.499995,0.425323,-0.850654,0.309011,0.262869,-0.525738,0.809012,0.850648,-0.525736,2.29806e-08,0.425323,-0.850654,-0.309011,-0.52573,-0.850652,3.71832e-08,-0.688189,-0.525736,0.499997,-0.162456,-0.850654,-0.499995,-0.688189,-0.525736,-0.499997,0.262869,-0.525738,-0.809012,0.951058,1.35074e-08,0.309013,0.951058,-1.35074e-08,-0.309013,0,4.37114e-08,1,0.587786,3.53632e-08,0.809017,-0.951058,1.35074e-08,0.309013,-0.587786,3.53632e-08,0.809017,-0.587786,-3.53632e-08,-0.809017,-0.951058,-1.35074e-08,-0.309013,0.587786,-3.53632e-08,-0.809017,0,-4.37114e-08,-1,0.688189,0.525736,0.499997,-0.262869,0.525738,0.809012,-0.850648,0.525736,-2.29806e-08,-0.262869,0.525738,-0.809012,0.688189,0.525736,-0.499997,0.162456,0.850654,0.499995,0.52573,0.850652,-3.71832e-08,-0.425323,0.850654,0.309011,-0.425323,0.850654,-0.309011,0.162456,0.850654,-0.499995],

	"morphTargets" : [],

	"normals" : [0,-1,0,0.425306,-0.850642,0.309,-0.16245,-0.850642,0.499985,0.723594,-0.447188,0.525712,0.850642,-0.525712,0,-0.525712,-0.850642,0,-0.16245,-0.850642,-0.499985,0.425306,-0.850642,-0.309,0.951048,0,0.309,-0.276376,-0.447218,0.850642,0.262856,-0.525712,0.808985,0,0,1,-0.894406,-0.447188,0,-0.688162,-0.525712,0.499985,-0.951048,0,0.309,-0.276376,-0.447218,-0.850642,-0.688162,-0.525712,-0.499985,-0.587756,0,-0.809015,0.723594,-0.447188,-0.525712,0.262856,-0.525712,-0.808985,0.587756,0,-0.809015,0.587756,0,0.809015,-0.587756,0,0.809015,-0.951048,0,-0.309,0,0,-1,0.951048,0,-0.309,0.276376,0.447218,0.850642,0.688162,0.525712,0.499985,0.16245,0.850642,0.499985,-0.723594,0.447188,0.525712,-0.262856,0.525712,0.808985,-0.425306,0.850642,0.309,-0.723594,0.447188,-0.525712,-0.850642,0.525712,0,-0.425306,0.850642,-0.309,0.276376,0.447218,-0.850642,-0.262856,0.525712,-0.808985,0.16245,0.850642,-0.499985,0.894406,0.447188,0,0.688162,0.525712,-0.499985,0.525712,0.850642,0,0,1,0],

	"colors" : [],

	"uvs" : [],

	"faces" : [0,13,12,1,13,15,0,12,17,0,17,19,0,19,16,1,15,22,2,14,24,3,18,26,4,20,28,5,21,30,1,22,25,2,24,27,3,26,29,4,28,31,5,30,23,6,32,37,7,33,39,8,34,40,9,35,41,10,36,38,12,14,2,12,13,14,13,1,14,15,16,5,15,13,16,13,0,16,17,18,3,17,12,18,12,2,18,19,20,4,19,17,20,17,3,20,16,21,5,16,19,21,19,4,21,22,23,10,22,15,23,15,5,23,24,25,6,24,14,25,14,1,25,26,27,7,26,18,27,18,2,27,28,29,8,28,20,29,20,3,29,30,31,9,30,21,31,21,4,31,25,32,6,25,22,32,22,10,32,27,33,7,27,24,33,24,6,33,29,34,8,29,26,34,26,7,34,31,35,9,31,28,35,28,8,35,23,36,10,23,30,36,30,9,36,37,38,11,37,32,38,32,10,38,39,37,11,39,33,37,33,6,37,40,39,11,40,34,39,34,7,39,41,40,11,41,35,40,35,8,40,38,41,11,38,36,41,36,9,41],

	"bones" : [],

	"skinIndices" : [],

	"skinWeights" : [],

  "animations" : []


}
